test_name,points,duration_ms,memory_mb,backend,notes,baseline_mb,delta_peak_mb,repeat,status
csv_file_open,100000,0.1479,157.77,CPU,,157.75,0.03,0,ok
csv_raw_read_warm,100000,4.103,157.79,CPU,3366606 bytes; warm OS cache,157.77,0.02,0,ok
csv_read_table_full,100000,51.6327,175.27,CPU,3366606 bytes; parser+DataFrame; excludes mapping/UI,157.77,17.5,0,ok
csv_stage_text_format_signature,100000,0.1908,164.15,CPU,inclusive nested stage; no separate peak sample,164.15,0,0,ok
csv_stage_detect_text_layout,100000,9.0808,164.15,CPU,inclusive nested stage; no separate peak sample,164.15,0,0,ok
csv_stage_extract_text_preamble_metadata,100000,0.1889,164.15,CPU,inclusive nested stage; no separate peak sample,164.15,0,0,ok
csv_stageDataFrame_constructor,100000,0.6132,164.15,CPU,inclusive nested stage; no separate peak sample,164.15,0,0,ok
csv_stage_read_full_delimited_text,100000,41.1813,164.15,CPU,inclusive nested stage; no separate peak sample,164.15,0,0,ok
csv_retained_frame,100000,0,164.15,CPU,"{""rows"": 100000, ""deep_bytes"": 17766732, ""info"": {""file_size_bytes"": 3366606, ""file_size_mb"": 3.2106456756591797, ""source_path"": ""C:\\Users\\bingo\\Documents\\New project\\github-ui-audit\\audit-20260726-130647\\surface-rxy-zxy-analyzer\\benchmarks\\audit_outputs\\v470\\input_csv_100000.dat"", ""source_sha256"": """", ""strategy"": ""文本全量读取"", ""input_layout_mode"": ""point_table"", ""input_semantics"": ""xyz_physical"", ""sampled"": false, ""sample_method_key"": ""full"", ""extrema_preserved"": true, ""import_rows"": 100000, ""source_total_rows"": 100000, ""source_total_rows_estimated"": false, ""source_valid_rows"": null, ""source_valid_rows_estimated"": false, ""analysis_rows"": 0, ""final_effective_rows"": 0, ""source_matrix_positions"": 0, ""original_valid_points"": 0, ""analysis_points"": 0, ""display_points"": 0, ""display_limit"": 30000, ""large_file_mode"": ""标准"", ""sample_method"": ""文件位置均匀采样"", ""grid_count"": 0, ""stride_n"": 10, ""height_matrix"": false, ""source_format"": ""通用文本XYZ点表"", ""sampling_pitch_x_um"": 47.242, ""sampling_pitch_y_um"": 47.242, ""sampling_pitch_source"": ""--"", ""detected_camera_res_um"": null, ""missing_points"": 0, ""bad_rows"": 0, ""z_source_field"": """", ""z_source_unit"": """", ""header_source_line"": 1, ""header_confidence"": ""semantic"", ""header_source"": ""text"", ""header_auto_mapping"": {""x"": 0, ""y"": 1, ""z"": 2}, ""header_unit_hints"": {}, ""sampling_downgraded"": false, ""sampling_downgrade_reason"": """", ""matrix_pitch_x_um"": 47.242, ""matrix_pitch_y_um"": 47.242, ""matrix_z_unit"": ""µm"", ""search_start_row"": 0, ""matrix_requested_cols"": 0, ""matrix_requested_rows"": 0, ""input_encoding_override"": ""auto"", ""input_delimiter_override"": ""auto"", ""topology_method"": """", ""topology_fallback_reason"": """", ""notes"": ""编码 utf-8-sig"", ""parser_engine"": ""pandas_c"", ""metadata"": {}, ""preamble_rows_skipped"": 1}}",164.15,0,0,ok
csv_candidate_pandas_C,100000,26.4765,175.88,CPU,benchmark-only clean numeric contract; not production replacement,164.2,11.67,0,ok
csv_to_numeric,100000,57.0794,168.31,CPU,,165.77,2.54,0,ok
csv_mapping_initialization_no_analysis,100000,58.2399,167.53,CPU,,163.87,3.66,0,ok
csv_mapped_points,100000,0,167.5,CPU,rows=100000,167.5,0,0,ok
csv_file_open,500000,0.1562,156.93,CPU,,156.88,0.06,0,ok
csv_raw_read_warm,500000,9.286,156.96,CPU,16999006 bytes; warm OS cache,156.93,0.02,0,ok
csv_read_table_full,500000,200.8543,203.42,CPU,16999006 bytes; parser+DataFrame; excludes mapping/UI,156.93,46.49,0,ok
csv_stage_text_format_signature,500000,0.2798,177.17,CPU,inclusive nested stage; no separate peak sample,177.17,0,0,ok
csv_stage_detect_text_layout,500000,8.7646,177.17,CPU,inclusive nested stage; no separate peak sample,177.17,0,0,ok
csv_stage_extract_text_preamble_metadata,500000,0.1546,177.17,CPU,inclusive nested stage; no separate peak sample,177.17,0,0,ok
csv_stageDataFrame_constructor,500000,0.3724,177.17,CPU,inclusive nested stage; no separate peak sample,177.17,0,0,ok
csv_stage_read_full_delimited_text,500000,190.5946,177.17,CPU,inclusive nested stage; no separate peak sample,177.17,0,0,ok
csv_retained_frame,500000,0,177.17,CPU,"{""rows"": 500000, ""deep_bytes"": 88999132, ""info"": {""file_size_bytes"": 16999006, ""file_size_mb"": 16.211515426635742, ""source_path"": ""C:\\Users\\bingo\\Documents\\New project\\github-ui-audit\\audit-20260726-130647\\surface-rxy-zxy-analyzer\\benchmarks\\audit_outputs\\v470\\input_csv_500000.dat"", ""source_sha256"": """", ""strategy"": ""文本全量读取"", ""input_layout_mode"": ""point_table"", ""input_semantics"": ""xyz_physical"", ""sampled"": false, ""sample_method_key"": ""full"", ""extrema_preserved"": true, ""import_rows"": 500000, ""source_total_rows"": 500000, ""source_total_rows_estimated"": false, ""source_valid_rows"": null, ""source_valid_rows_estimated"": false, ""analysis_rows"": 0, ""final_effective_rows"": 0, ""source_matrix_positions"": 0, ""original_valid_points"": 0, ""analysis_points"": 0, ""display_points"": 0, ""display_limit"": 30000, ""large_file_mode"": ""标准"", ""sample_method"": ""文件位置均匀采样"", ""grid_count"": 0, ""stride_n"": 10, ""height_matrix"": false, ""source_format"": ""通用文本XYZ点表"", ""sampling_pitch_x_um"": 47.242, ""sampling_pitch_y_um"": 47.242, ""sampling_pitch_source"": ""--"", ""detected_camera_res_um"": null, ""missing_points"": 0, ""bad_rows"": 0, ""z_source_field"": """", ""z_source_unit"": """", ""header_source_line"": 1, ""header_confidence"": ""semantic"", ""header_source"": ""text"", ""header_auto_mapping"": {""x"": 0, ""y"": 1, ""z"": 2}, ""header_unit_hints"": {}, ""sampling_downgraded"": false, ""sampling_downgrade_reason"": """", ""matrix_pitch_x_um"": 47.242, ""matrix_pitch_y_um"": 47.242, ""matrix_z_unit"": ""µm"", ""search_start_row"": 0, ""matrix_requested_cols"": 0, ""matrix_requested_rows"": 0, ""input_encoding_override"": ""auto"", ""input_delimiter_override"": ""auto"", ""topology_method"": """", ""topology_fallback_reason"": """", ""notes"": ""编码 utf-8-sig"", ""parser_engine"": ""pandas_c"", ""metadata"": {}, ""preamble_rows_skipped"": 1}}",177.17,0,0,ok
csv_candidate_pandas_C,500000,115.6863,211.2,CPU,benchmark-only clean numeric contract; not production replacement,177.22,33.98,0,ok
csv_to_numeric,500000,280.5372,204.04,CPU,,188.69,15.36,0,ok
csv_mapping_initialization_no_analysis,500000,292.7053,196.51,CPU,,177.33,19.18,0,ok
csv_mapped_points,500000,0,192.79,CPU,rows=500000,192.79,0,0,ok
csv_file_open,1000000,0.1998,156.82,CPU,,156.77,0.06,0,ok
csv_raw_read_warm,1000000,16.2526,156.85,CPU,34332006 bytes; warm OS cache,156.82,0.02,0,ok
csv_read_table_full,1000000,352.1941,220.2,CPU,34332006 bytes; parser+DataFrame; excludes mapping/UI,156.82,63.38,0,ok
csv_stage_text_format_signature,1000000,0.2054,193.64,CPU,inclusive nested stage; no separate peak sample,193.64,0,0,ok
csv_stage_detect_text_layout,1000000,8.8886,193.64,CPU,inclusive nested stage; no separate peak sample,193.64,0,0,ok
csv_stage_extract_text_preamble_metadata,1000000,0.2026,193.64,CPU,inclusive nested stage; no separate peak sample,193.64,0,0,ok
csv_stageDataFrame_constructor,1000000,0.3767,193.64,CPU,inclusive nested stage; no separate peak sample,193.64,0,0,ok
csv_stage_read_full_delimited_text,1000000,341.7038,193.64,CPU,inclusive nested stage; no separate peak sample,193.64,0,0,ok
csv_retained_frame,1000000,0,193.64,CPU,"{""rows"": 1000000, ""deep_bytes"": 178332132, ""info"": {""file_size_bytes"": 34332006, ""file_size_mb"": 32.74155235290527, ""source_path"": ""C:\\Users\\bingo\\Documents\\New project\\github-ui-audit\\audit-20260726-130647\\surface-rxy-zxy-analyzer\\benchmarks\\audit_outputs\\v470\\input_csv_1000000.dat"", ""source_sha256"": """", ""strategy"": ""文本全量读取"", ""input_layout_mode"": ""point_table"", ""input_semantics"": ""xyz_physical"", ""sampled"": false, ""sample_method_key"": ""full"", ""extrema_preserved"": true, ""import_rows"": 1000000, ""source_total_rows"": 1000000, ""source_total_rows_estimated"": false, ""source_valid_rows"": null, ""source_valid_rows_estimated"": false, ""analysis_rows"": 0, ""final_effective_rows"": 0, ""source_matrix_positions"": 0, ""original_valid_points"": 0, ""analysis_points"": 0, ""display_points"": 0, ""display_limit"": 30000, ""large_file_mode"": ""标准"", ""sample_method"": ""文件位置均匀采样"", ""grid_count"": 0, ""stride_n"": 10, ""height_matrix"": false, ""source_format"": ""通用文本XYZ点表"", ""sampling_pitch_x_um"": 47.242, ""sampling_pitch_y_um"": 47.242, ""sampling_pitch_source"": ""--"", ""detected_camera_res_um"": null, ""missing_points"": 0, ""bad_rows"": 0, ""z_source_field"": """", ""z_source_unit"": """", ""header_source_line"": 1, ""header_confidence"": ""semantic"", ""header_source"": ""text"", ""header_auto_mapping"": {""x"": 0, ""y"": 1, ""z"": 2}, ""header_unit_hints"": {}, ""sampling_downgraded"": false, ""sampling_downgrade_reason"": """", ""matrix_pitch_x_um"": 47.242, ""matrix_pitch_y_um"": 47.242, ""matrix_z_unit"": ""µm"", ""search_start_row"": 0, ""matrix_requested_cols"": 0, ""matrix_requested_rows"": 0, ""input_encoding_override"": ""auto"", ""input_delimiter_override"": ""auto"", ""topology_method"": """", ""topology_fallback_reason"": """", ""notes"": ""编码 utf-8-sig"", ""parser_engine"": ""pandas_c"", ""metadata"": {}, ""preamble_rows_skipped"": 1}}",193.64,0,0,ok
csv_candidate_pandas_C,1000000,217.4826,242.11,CPU,benchmark-only clean numeric contract; not production replacement,193.69,48.42,0,ok
csv_to_numeric,1000000,548.2613,247.24,CPU,,216.62,30.62,0,ok
csv_mapping_initialization_no_analysis,1000000,594.8309,233.36,CPU,,193.81,39.54,0,ok
csv_mapped_points,1000000,0,224.66,CPU,rows=1000000,224.66,0,0,ok
csv_file_open,2000000,11.1448,157.07,CPU,,156.94,0.13,0,ok
csv_raw_read_warm,2000000,30.0128,160.95,CPU,68998006 bytes; warm OS cache,157.07,3.88,0,ok
csv_read_table_full,2000000,670.5023,253.45,CPU,68998006 bytes; parser+DataFrame; excludes mapping/UI,157.07,96.37,0,ok
csv_stage_text_format_signature,2000000,0.1404,226.8,CPU,inclusive nested stage; no separate peak sample,226.8,0,0,ok
csv_stage_detect_text_layout,2000000,9.3852,226.8,CPU,inclusive nested stage; no separate peak sample,226.8,0,0,ok
csv_stage_extract_text_preamble_metadata,2000000,0.2416,226.8,CPU,inclusive nested stage; no separate peak sample,226.8,0,0,ok
csv_stageDataFrame_constructor,2000000,0.5076,226.8,CPU,inclusive nested stage; no separate peak sample,226.8,0,0,ok
csv_stage_read_full_delimited_text,2000000,659.5541,226.8,CPU,inclusive nested stage; no separate peak sample,226.8,0,0,ok
csv_retained_frame,2000000,0,226.8,CPU,"{""rows"": 2000000, ""deep_bytes"": 356998132, ""info"": {""file_size_bytes"": 68998006, ""file_size_mb"": 65.80162620544434, ""source_path"": ""C:\\Users\\bingo\\Documents\\New project\\github-ui-audit\\audit-20260726-130647\\surface-rxy-zxy-analyzer\\benchmarks\\audit_outputs\\v470\\input_csv_2000000.dat"", ""source_sha256"": """", ""strategy"": ""文本全量读取"", ""input_layout_mode"": ""point_table"", ""input_semantics"": ""xyz_physical"", ""sampled"": false, ""sample_method_key"": ""full"", ""extrema_preserved"": true, ""import_rows"": 2000000, ""source_total_rows"": 2000000, ""source_total_rows_estimated"": false, ""source_valid_rows"": null, ""source_valid_rows_estimated"": false, ""analysis_rows"": 0, ""final_effective_rows"": 0, ""source_matrix_positions"": 0, ""original_valid_points"": 0, ""analysis_points"": 0, ""display_points"": 0, ""display_limit"": 30000, ""large_file_mode"": ""标准"", ""sample_method"": ""文件位置均匀采样"", ""grid_count"": 0, ""stride_n"": 10, ""height_matrix"": false, ""source_format"": ""通用文本XYZ点表"", ""sampling_pitch_x_um"": 47.242, ""sampling_pitch_y_um"": 47.242, ""sampling_pitch_source"": ""--"", ""detected_camera_res_um"": null, ""missing_points"": 0, ""bad_rows"": 0, ""z_source_field"": """", ""z_source_unit"": """", ""header_source_line"": 1, ""header_confidence"": ""semantic"", ""header_source"": ""text"", ""header_auto_mapping"": {""x"": 0, ""y"": 1, ""z"": 2}, ""header_unit_hints"": {}, ""sampling_downgraded"": false, ""sampling_downgrade_reason"": """", ""matrix_pitch_x_um"": 47.242, ""matrix_pitch_y_um"": 47.242, ""matrix_z_unit"": ""µm"", ""search_start_row"": 0, ""matrix_requested_cols"": 0, ""matrix_requested_rows"": 0, ""input_encoding_override"": ""auto"", ""input_delimiter_override"": ""auto"", ""topology_method"": """", ""topology_fallback_reason"": """", ""notes"": ""编码 utf-8-sig"", ""parser_engine"": ""pandas_c"", ""metadata"": {}, ""preamble_rows_skipped"": 1}}",226.8,0,0,ok
csv_candidate_pandas_C,2000000,417.9716,296.51,CPU,benchmark-only clean numeric contract; not production replacement,226.85,69.66,0,ok
csv_to_numeric,2000000,1122.8604,343.9,CPU,,273.39,70.51,0,ok
csv_mapping_initialization_no_analysis,2000000,1167.9036,329.52,CPU,,227.7,101.82,0,ok
csv_mapped_points,2000000,0,290.27,CPU,rows=2000000,290.27,0,0,ok
csv_file_open,5000000,0.1544,156.75,CPU,,156.69,0.06,0,ok
csv_raw_read_warm,5000000,69.1593,164.78,CPU,174662006 bytes; warm OS cache,156.75,8.03,0,ok
csv_read_table_full,5000000,1649.292,364.08,CPU,174662006 bytes; parser+DataFrame; excludes mapping/UI,156.75,207.33,0,ok
csv_stage_text_format_signature,5000000,0.1484,326.21,CPU,inclusive nested stage; no separate peak sample,326.21,0,0,ok
csv_stage_detect_text_layout,5000000,9.0953,326.21,CPU,inclusive nested stage; no separate peak sample,326.21,0,0,ok
csv_stage_extract_text_preamble_metadata,5000000,0.1552,326.21,CPU,inclusive nested stage; no separate peak sample,326.21,0,0,ok
csv_stageDataFrame_constructor,5000000,0.38,326.21,CPU,inclusive nested stage; no separate peak sample,326.21,0,0,ok
csv_stage_read_full_delimited_text,5000000,1638.4807,326.21,CPU,inclusive nested stage; no separate peak sample,326.21,0,0,ok
csv_retained_frame,5000000,0,326.21,CPU,"{""rows"": 5000000, ""deep_bytes"": 894662132, ""info"": {""file_size_bytes"": 174662006, ""file_size_mb"": 166.57066917419434, ""source_path"": ""C:\\Users\\bingo\\Documents\\New project\\github-ui-audit\\audit-20260726-130647\\surface-rxy-zxy-analyzer\\benchmarks\\audit_outputs\\v470\\input_csv_5000000.dat"", ""source_sha256"": """", ""strategy"": ""文本全量读取"", ""input_layout_mode"": ""point_table"", ""input_semantics"": ""xyz_physical"", ""sampled"": false, ""sample_method_key"": ""full"", ""extrema_preserved"": true, ""import_rows"": 5000000, ""source_total_rows"": 5000000, ""source_total_rows_estimated"": false, ""source_valid_rows"": null, ""source_valid_rows_estimated"": false, ""analysis_rows"": 0, ""final_effective_rows"": 0, ""source_matrix_positions"": 0, ""original_valid_points"": 0, ""analysis_points"": 0, ""display_points"": 0, ""display_limit"": 30000, ""large_file_mode"": ""标准"", ""sample_method"": ""文件位置均匀采样"", ""grid_count"": 0, ""stride_n"": 10, ""height_matrix"": false, ""source_format"": ""通用文本XYZ点表"", ""sampling_pitch_x_um"": 47.242, ""sampling_pitch_y_um"": 47.242, ""sampling_pitch_source"": ""--"", ""detected_camera_res_um"": null, ""missing_points"": 0, ""bad_rows"": 0, ""z_source_field"": """", ""z_source_unit"": """", ""header_source_line"": 1, ""header_confidence"": ""semantic"", ""header_source"": ""text"", ""header_auto_mapping"": {""x"": 0, ""y"": 1, ""z"": 2}, ""header_unit_hints"": {}, ""sampling_downgraded"": false, ""sampling_downgrade_reason"": """", ""matrix_pitch_x_um"": 47.242, ""matrix_pitch_y_um"": 47.242, ""matrix_z_unit"": ""µm"", ""search_start_row"": 0, ""matrix_requested_cols"": 0, ""matrix_requested_rows"": 0, ""input_encoding_override"": ""auto"", ""input_delimiter_override"": ""auto"", ""topology_method"": """", ""topology_fallback_reason"": """", ""notes"": ""编码 utf-8-sig"", ""parser_engine"": ""pandas_c"", ""metadata"": {}, ""preamble_rows_skipped"": 1}}",326.21,0,0,ok
csv_candidate_pandas_C,5000000,1037.924,464.4,CPU,benchmark-only clean numeric contract; not production replacement,326.26,138.14,0,ok
csv_to_numeric,5000000,2728.4091,639.07,CPU,,441.97,197.11,0,ok
csv_mapping_initialization_no_analysis,5000000,2841.7823,607.25,CPU,,327.62,279.63,0,ok
csv_mapped_points,5000000,0,483.97,CPU,rows=5000000,483.97,0,0,ok
matrix_file_open,100000,0.1529,156.85,CPU,,156.79,0.07,0,ok
matrix_raw_read_warm,100000,3.302,156.87,CPU,1100000 bytes; warm OS cache,156.85,0.02,0,ok
matrix_read_table_full,100000,193.5135,166.06,CPU,1100000 bytes; parser+DataFrame; excludes mapping/UI,156.85,9.21,0,ok
matrix_stage_text_format_signature,100000,0.2869,166.04,CPU,inclusive nested stage; no separate peak sample,166.04,0,0,ok
matrix_stage_scan_height_matrix_metadata,100000,98.8103,166.04,CPU,inclusive nested stage; no separate peak sample,166.04,0,0,ok
matrix_stage_detect_text_layout,100000,20.4397,166.04,CPU,inclusive nested stage; no separate peak sample,166.04,0,0,ok
matrix_stage_prescan_height_matrix,100000,60.9178,166.04,CPU,inclusive nested stage; no separate peak sample,166.04,0,0,ok
matrix_stageDataFrame_constructor,100000,1.6297,166.04,CPU,inclusive nested stage; no separate peak sample,166.04,0,0,ok
matrix_stage_height_matrix_dataframe,100000,4.3879,166.04,CPU,inclusive nested stage; no separate peak sample,166.04,0,0,ok
matrix_stage_read_height_matrix_table,100000,65.41,166.04,CPU,inclusive nested stage; no separate peak sample,166.04,0,0,ok
matrix_retained_frame,100000,0,166.04,CPU,"{""rows"": 100000, ""deep_bytes"": 5600132, ""info"": {""file_size_bytes"": 1100000, ""file_size_mb"": 1.049041748046875, ""source_path"": ""C:\\Users\\bingo\\Documents\\New project\\github-ui-audit\\audit-20260726-130647\\surface-rxy-zxy-analyzer\\benchmarks\\audit_outputs\\v470\\input_matrix_100000.dat"", ""source_sha256"": """", ""strategy"": ""高度矩阵全量读取"", ""input_layout_mode"": ""height_matrix"", ""input_semantics"": ""height_matrix"", ""sampled"": false, ""sample_method_key"": ""full"", ""extrema_preserved"": true, ""import_rows"": 100000, ""source_total_rows"": null, ""source_total_rows_estimated"": false, ""source_valid_rows"": 100000, ""source_valid_rows_estimated"": false, ""analysis_rows"": 0, ""final_effective_rows"": 0, ""source_matrix_positions"": 100000, ""original_valid_points"": 100000, ""analysis_points"": 100000, ""display_points"": 30000, ""display_limit"": 30000, ""large_file_mode"": ""标准"", ""sample_method"": ""文件位置均匀采样"", ""grid_count"": 0, ""stride_n"": 10, ""height_matrix"": true, ""source_format"": ""通用Z矩阵"", ""sampling_pitch_x_um"": 47.242, ""sampling_pitch_y_um"": 47.242, ""sampling_pitch_source"": ""用户手动"", ""detected_camera_res_um"": null, ""missing_points"": 0, ""bad_rows"": 0, ""z_source_field"": ""矩阵高度值"", ""z_source_unit"": ""µm"", ""header_source_line"": null, ""header_confidence"": ""generated"", ""header_source"": ""generated"", ""header_auto_mapping"": {}, ""header_unit_hints"": {}, ""sampling_downgraded"": false, ""sampling_downgrade_reason"": """", ""matrix_pitch_x_um"": 47.242, ""matrix_pitch_y_um"": 47.242, ""matrix_z_unit"": ""µm"", ""search_start_row"": 0, ""matrix_requested_cols"": 1000, ""matrix_requested_rows"": 100, ""input_encoding_override"": ""auto"", ""input_delimiter_override"": ""auto"", ""topology_method"": ""matrix8"", ""topology_fallback_reason"": """", ""notes"": ""通用Z矩阵 100×1000 | 有效 100,000 | 分析 100,000 | Pitch 47.242/47.242µm"", ""matrix_parse_passes"": 1, ""matrix_rows"": 100, ""matrix_cols"": 1000, ""declared_rows"": null, ""actual_rows"": 100, ""manual_expected_rows"": 100, ""row_count_mismatch"": false, ""matrix_data_start_row"": 1, ""matrix_header_rows_skipped"": 0, ""matrix_coordinate_header"": false, ""matrix_invalid_values"": [], ""matrix_metadata"": {""expected_rows"": null, ""expected_cols"": 1000, ""pitch_x_um"": 47.242, ""pitch_y_um"": 47.242, ""z_unit"": ""µm"", ""source_format"": ""通用Z矩阵"", ""invalid_values"": [], ""height_marker_line"": null, ""metadata"": {}, ""detected_fields"": [""手动列数"", ""手动行数""]}, ""layout_candidate_count"": 1, ""matrix_analysis_threshold"": 400000}}",166.04,0,0,ok
matrix_candidate_fromstring_clean,100000,14.3349,166.12,CPU,"numeric matrix only; skips production validation, metadata and topology",166.11,0.02,0,ok
matrix_mapping_initialization_no_analysis,100000,12.7484,173.09,CPU,,166.28,6.8,0,ok
matrix_mapped_points,100000,0,173.06,CPU,rows=100000,173.06,0,0,ok
matrix_file_open,500000,0.1745,156.84,CPU,,156.8,0.04,0,ok
matrix_raw_read_warm,500000,4.3043,156.86,CPU,5500000 bytes; warm OS cache,156.84,0.02,0,ok
matrix_read_table_full,500000,854.988,187.16,CPU,5500000 bytes; parser+DataFrame; excludes mapping/UI,156.84,30.32,0,ok
matrix_stage_text_format_signature,500000,0.3184,187.14,CPU,inclusive nested stage; no separate peak sample,187.14,0,0,ok
matrix_stage_scan_height_matrix_metadata,500000,483.0912,187.14,CPU,inclusive nested stage; no separate peak sample,187.14,0,0,ok
matrix_stage_detect_text_layout,500000,20.5128,187.14,CPU,inclusive nested stage; no separate peak sample,187.14,0,0,ok
matrix_stage_prescan_height_matrix,500000,314.3875,187.14,CPU,inclusive nested stage; no separate peak sample,187.14,0,0,ok
matrix_stageDataFrame_constructor,500000,5.4693,187.14,CPU,inclusive nested stage; no separate peak sample,187.14,0,0,ok
matrix_stage_height_matrix_dataframe,500000,27.9231,187.14,CPU,inclusive nested stage; no separate peak sample,187.14,0,0,ok
matrix_stage_read_height_matrix_table,500000,342.5585,187.14,CPU,inclusive nested stage; no separate peak sample,187.14,0,0,ok
matrix_retained_frame,500000,0,187.14,CPU,"{""rows"": 500000, ""deep_bytes"": 28000132, ""info"": {""file_size_bytes"": 5500000, ""file_size_mb"": 5.245208740234375, ""source_path"": ""C:\\Users\\bingo\\Documents\\New project\\github-ui-audit\\audit-20260726-130647\\surface-rxy-zxy-analyzer\\benchmarks\\audit_outputs\\v470\\input_matrix_500000.dat"", ""source_sha256"": """", ""strategy"": ""高度矩阵全量读取"", ""input_layout_mode"": ""height_matrix"", ""input_semantics"": ""height_matrix"", ""sampled"": false, ""sample_method_key"": ""full"", ""extrema_preserved"": true, ""import_rows"": 500000, ""source_total_rows"": null, ""source_total_rows_estimated"": false, ""source_valid_rows"": 500000, ""source_valid_rows_estimated"": false, ""analysis_rows"": 0, ""final_effective_rows"": 0, ""source_matrix_positions"": 500000, ""original_valid_points"": 500000, ""analysis_points"": 500000, ""display_points"": 30000, ""display_limit"": 30000, ""large_file_mode"": ""标准"", ""sample_method"": ""文件位置均匀采样"", ""grid_count"": 0, ""stride_n"": 10, ""height_matrix"": true, ""source_format"": ""通用Z矩阵"", ""sampling_pitch_x_um"": 47.242, ""sampling_pitch_y_um"": 47.242, ""sampling_pitch_source"": ""用户手动"", ""detected_camera_res_um"": null, ""missing_points"": 0, ""bad_rows"": 0, ""z_source_field"": ""矩阵高度值"", ""z_source_unit"": ""µm"", ""header_source_line"": null, ""header_confidence"": ""generated"", ""header_source"": ""generated"", ""header_auto_mapping"": {}, ""header_unit_hints"": {}, ""sampling_downgraded"": false, ""sampling_downgrade_reason"": """", ""matrix_pitch_x_um"": 47.242, ""matrix_pitch_y_um"": 47.242, ""matrix_z_unit"": ""µm"", ""search_start_row"": 0, ""matrix_requested_cols"": 1000, ""matrix_requested_rows"": 500, ""input_encoding_override"": ""auto"", ""input_delimiter_override"": ""auto"", ""topology_method"": ""matrix8"", ""topology_fallback_reason"": """", ""notes"": ""通用Z矩阵 500×1000 | 有效 500,000 | 分析 500,000 | Pitch 47.242/47.242µm"", ""matrix_parse_passes"": 1, ""matrix_rows"": 500, ""matrix_cols"": 1000, ""declared_rows"": null, ""actual_rows"": 500, ""manual_expected_rows"": 500, ""row_count_mismatch"": false, ""matrix_data_start_row"": 1, ""matrix_header_rows_skipped"": 0, ""matrix_coordinate_header"": false, ""matrix_invalid_values"": [], ""matrix_metadata"": {""expected_rows"": null, ""expected_cols"": 1000, ""pitch_x_um"": 47.242, ""pitch_y_um"": 47.242, ""z_unit"": ""µm"", ""source_format"": ""通用Z矩阵"", ""invalid_values"": [], ""height_marker_line"": null, ""metadata"": {}, ""detected_fields"": [""手动列数"", ""手动行数""]}, ""layout_candidate_count"": 1, ""matrix_analysis_threshold"": 400000}}",187.14,0,0,ok
matrix_candidate_fromstring_clean,500000,68.684,191.7,CPU,"numeric matrix only; skips production validation, metadata and topology",187.21,4.49,0,ok
matrix_mapping_initialization_no_analysis,500000,32.4995,219.34,CPU,,188.03,31.31,0,ok
matrix_mapped_points,500000,0,218.14,CPU,rows=500000,218.14,0,0,ok
matrix_file_open,1000000,0.1599,156.88,CPU,,156.84,0.04,0,ok
matrix_raw_read_warm,1000000,7.7459,156.9,CPU,11000000 bytes; warm OS cache,156.88,0.02,0,ok
matrix_read_table_full,1000000,1688.9618,222.02,CPU,11000000 bytes; parser+DataFrame; excludes mapping/UI,156.88,65.14,0,ok
matrix_stage_text_format_signature,1000000,0.2976,212.79,CPU,inclusive nested stage; no separate peak sample,212.79,0,0,ok
matrix_stage_scan_height_matrix_metadata,1000000,962.162,212.79,CPU,inclusive nested stage; no separate peak sample,212.79,0,0,ok
matrix_stage_detect_text_layout,1000000,18.9463,212.79,CPU,inclusive nested stage; no separate peak sample,212.79,0,0,ok
matrix_stage_prescan_height_matrix,1000000,636.8058,212.79,CPU,inclusive nested stage; no separate peak sample,212.79,0,0,ok
matrix_stageDataFrame_constructor,1000000,11.3412,212.79,CPU,inclusive nested stage; no separate peak sample,212.79,0,0,ok
matrix_stage_height_matrix_dataframe,1000000,61.5093,212.79,CPU,inclusive nested stage; no separate peak sample,212.79,0,0,ok
matrix_stage_read_height_matrix_table,1000000,698.7695,212.79,CPU,inclusive nested stage; no separate peak sample,212.79,0,0,ok
matrix_retained_frame,1000000,0,212.79,CPU,"{""rows"": 1000000, ""deep_bytes"": 56000132, ""info"": {""file_size_bytes"": 11000000, ""file_size_mb"": 10.49041748046875, ""source_path"": ""C:\\Users\\bingo\\Documents\\New project\\github-ui-audit\\audit-20260726-130647\\surface-rxy-zxy-analyzer\\benchmarks\\audit_outputs\\v470\\input_matrix_1000000.dat"", ""source_sha256"": """", ""strategy"": ""高度矩阵全量读取"", ""input_layout_mode"": ""height_matrix"", ""input_semantics"": ""height_matrix"", ""sampled"": false, ""sample_method_key"": ""full"", ""extrema_preserved"": true, ""import_rows"": 1000000, ""source_total_rows"": null, ""source_total_rows_estimated"": false, ""source_valid_rows"": 1000000, ""source_valid_rows_estimated"": false, ""analysis_rows"": 0, ""final_effective_rows"": 0, ""source_matrix_positions"": 1000000, ""original_valid_points"": 1000000, ""analysis_points"": 1000000, ""display_points"": 30000, ""display_limit"": 30000, ""large_file_mode"": ""标准"", ""sample_method"": ""文件位置均匀采样"", ""grid_count"": 0, ""stride_n"": 10, ""height_matrix"": true, ""source_format"": ""通用Z矩阵"", ""sampling_pitch_x_um"": 47.242, ""sampling_pitch_y_um"": 47.242, ""sampling_pitch_source"": ""用户手动"", ""detected_camera_res_um"": null, ""missing_points"": 0, ""bad_rows"": 0, ""z_source_field"": ""矩阵高度值"", ""z_source_unit"": ""µm"", ""header_source_line"": null, ""header_confidence"": ""generated"", ""header_source"": ""generated"", ""header_auto_mapping"": {}, ""header_unit_hints"": {}, ""sampling_downgraded"": false, ""sampling_downgrade_reason"": """", ""matrix_pitch_x_um"": 47.242, ""matrix_pitch_y_um"": 47.242, ""matrix_z_unit"": ""µm"", ""search_start_row"": 0, ""matrix_requested_cols"": 1000, ""matrix_requested_rows"": 1000, ""input_encoding_override"": ""auto"", ""input_delimiter_override"": ""auto"", ""topology_method"": ""matrix8"", ""topology_fallback_reason"": """", ""notes"": ""通用Z矩阵 1000×1000 | 有效 1,000,000 | 分析 1,000,000 | Pitch 47.242/47.242µm"", ""matrix_parse_passes"": 1, ""matrix_rows"": 1000, ""matrix_cols"": 1000, ""declared_rows"": null, ""actual_rows"": 1000, ""manual_expected_rows"": 1000, ""row_count_mismatch"": false, ""matrix_data_start_row"": 1, ""matrix_header_rows_skipped"": 0, ""matrix_coordinate_header"": false, ""matrix_invalid_values"": [], ""matrix_metadata"": {""expected_rows"": null, ""expected_cols"": 1000, ""pitch_x_um"": 47.242, ""pitch_y_um"": 47.242, ""z_unit"": ""µm"", ""source_format"": ""通用Z矩阵"", ""invalid_values"": [], ""height_marker_line"": null, ""metadata"": {}, ""detected_fields"": [""手动列数"", ""手动行数""]}, ""layout_candidate_count"": 1, ""matrix_analysis_threshold"": 400000}}",212.79,0,0,ok
matrix_candidate_fromstring_clean,1000000,147.2775,224.17,CPU,"numeric matrix only; skips production validation, metadata and topology",212.89,11.29,0,ok
matrix_mapping_initialization_no_analysis,1000000,59.7413,280.07,CPU,,213.31,66.76,0,ok
matrix_mapped_points,1000000,0,278.07,CPU,rows=1000000,278.07,0,0,ok
matrix_file_open,2000000,0.2074,156.41,CPU,,156.39,0.02,0,ok
matrix_raw_read_warm,2000000,11.62,156.43,CPU,22000000 bytes; warm OS cache,156.41,0.02,0,ok
matrix_read_table_full,2000000,3388.6421,393.36,CPU,22000000 bytes; parser+DataFrame; excludes mapping/UI,156.41,236.95,0,ok
matrix_stage_text_format_signature,2000000,0.302,265.33,CPU,inclusive nested stage; no separate peak sample,265.33,0,0,ok
matrix_stage_scan_height_matrix_metadata,2000000,1906.576,265.33,CPU,inclusive nested stage; no separate peak sample,265.33,0,0,ok
matrix_stage_detect_text_layout,2000000,24.7676,265.33,CPU,inclusive nested stage; no separate peak sample,265.33,0,0,ok
matrix_stage_prescan_height_matrix,2000000,1312.3171,265.33,CPU,inclusive nested stage; no separate peak sample,265.33,0,0,ok
matrix_stageDataFrame_constructor,2000000,25.5868,265.33,CPU,inclusive nested stage; no separate peak sample,265.33,0,0,ok
matrix_stage_height_matrix_dataframe,2000000,135.0295,265.33,CPU,inclusive nested stage; no separate peak sample,265.33,0,0,ok
matrix_stage_read_height_matrix_table,2000000,1448.3571,265.33,CPU,inclusive nested stage; no separate peak sample,265.33,0,0,ok
matrix_retained_frame,2000000,0,265.33,CPU,"{""rows"": 2000000, ""deep_bytes"": 112000132, ""info"": {""file_size_bytes"": 22000000, ""file_size_mb"": 20.9808349609375, ""source_path"": ""C:\\Users\\bingo\\Documents\\New project\\github-ui-audit\\audit-20260726-130647\\surface-rxy-zxy-analyzer\\benchmarks\\audit_outputs\\v470\\input_matrix_2000000.dat"", ""source_sha256"": """", ""strategy"": ""高度矩阵全量读取"", ""input_layout_mode"": ""height_matrix"", ""input_semantics"": ""height_matrix"", ""sampled"": false, ""sample_method_key"": ""full"", ""extrema_preserved"": true, ""import_rows"": 2000000, ""source_total_rows"": null, ""source_total_rows_estimated"": false, ""source_valid_rows"": 2000000, ""source_valid_rows_estimated"": false, ""analysis_rows"": 0, ""final_effective_rows"": 0, ""source_matrix_positions"": 2000000, ""original_valid_points"": 2000000, ""analysis_points"": 2000000, ""display_points"": 30000, ""display_limit"": 30000, ""large_file_mode"": ""标准"", ""sample_method"": ""文件位置均匀采样"", ""grid_count"": 0, ""stride_n"": 10, ""height_matrix"": true, ""source_format"": ""通用Z矩阵"", ""sampling_pitch_x_um"": 47.242, ""sampling_pitch_y_um"": 47.242, ""sampling_pitch_source"": ""用户手动"", ""detected_camera_res_um"": null, ""missing_points"": 0, ""bad_rows"": 0, ""z_source_field"": ""矩阵高度值"", ""z_source_unit"": ""µm"", ""header_source_line"": null, ""header_confidence"": ""generated"", ""header_source"": ""generated"", ""header_auto_mapping"": {}, ""header_unit_hints"": {}, ""sampling_downgraded"": false, ""sampling_downgrade_reason"": """", ""matrix_pitch_x_um"": 47.242, ""matrix_pitch_y_um"": 47.242, ""matrix_z_unit"": ""µm"", ""search_start_row"": 0, ""matrix_requested_cols"": 1000, ""matrix_requested_rows"": 2000, ""input_encoding_override"": ""auto"", ""input_delimiter_override"": ""auto"", ""topology_method"": ""matrix8"", ""topology_fallback_reason"": """", ""notes"": ""通用Z矩阵 2000×1000 | 有效 2,000,000 | 分析 2,000,000 | Pitch 47.242/47.242µm"", ""matrix_parse_passes"": 1, ""matrix_rows"": 2000, ""matrix_cols"": 1000, ""declared_rows"": null, ""actual_rows"": 2000, ""manual_expected_rows"": 2000, ""row_count_mismatch"": false, ""matrix_data_start_row"": 1, ""matrix_header_rows_skipped"": 0, ""matrix_coordinate_header"": false, ""matrix_invalid_values"": [], ""matrix_metadata"": {""expected_rows"": null, ""expected_cols"": 1000, ""pitch_x_um"": 47.242, ""pitch_y_um"": 47.242, ""z_unit"": ""µm"", ""source_format"": ""通用Z矩阵"", ""invalid_values"": [], ""height_marker_line"": null, ""metadata"": {}, ""detected_fields"": [""手动列数"", ""手动行数""]}, ""layout_candidate_count"": 1, ""matrix_analysis_threshold"": 400000}}",265.33,0,0,ok
matrix_candidate_fromstring_clean,2000000,343.3903,282.0,CPU,"numeric matrix only; skips production validation, metadata and topology",265.41,16.59,0,ok
matrix_mapping_initialization_no_analysis,2000000,119.2572,437.81,CPU,,266.89,170.93,0,ok
matrix_mapped_points,2000000,0,391.93,CPU,rows=2000000,391.93,0,0,ok
matrix_file_open,5000000,0.1676,156.89,CPU,,156.87,0.03,0,ok
matrix_raw_read_warm,5000000,23.3695,158.14,CPU,55000000 bytes; warm OS cache,156.89,1.25,0,ok
matrix_read_table_full,5000000,7477.201,800.27,CPU,55000000 bytes; parser+DataFrame; excludes mapping/UI,156.89,643.38,0,ok
matrix_stage_text_format_signature,5000000,0.2786,425.89,CPU,inclusive nested stage; no separate peak sample,425.89,0,0,ok
matrix_stage_scan_height_matrix_metadata,5000000,3932.02,425.89,CPU,inclusive nested stage; no separate peak sample,425.89,0,0,ok
matrix_stage_detect_text_layout,5000000,19.9155,425.89,CPU,inclusive nested stage; no separate peak sample,425.89,0,0,ok
matrix_stage_prescan_height_matrix,5000000,3222.5638,425.89,CPU,inclusive nested stage; no separate peak sample,425.89,0,0,ok
matrix_stageDataFrame_constructor,5000000,57.9181,425.89,CPU,inclusive nested stage; no separate peak sample,425.89,0,0,ok
matrix_stage_height_matrix_dataframe,5000000,292.3737,425.89,CPU,inclusive nested stage; no separate peak sample,425.89,0,0,ok
matrix_stage_read_height_matrix_table,5000000,3516.7818,425.89,CPU,inclusive nested stage; no separate peak sample,425.89,0,0,ok
matrix_retained_frame,5000000,0,425.89,CPU,"{""rows"": 5000000, ""deep_bytes"": 280000132, ""info"": {""file_size_bytes"": 55000000, ""file_size_mb"": 52.45208740234375, ""source_path"": ""C:\\Users\\bingo\\Documents\\New project\\github-ui-audit\\audit-20260726-130647\\surface-rxy-zxy-analyzer\\benchmarks\\audit_outputs\\v470\\input_matrix_5000000.dat"", ""source_sha256"": """", ""strategy"": ""高度矩阵全量读取"", ""input_layout_mode"": ""height_matrix"", ""input_semantics"": ""height_matrix"", ""sampled"": false, ""sample_method_key"": ""full"", ""extrema_preserved"": true, ""import_rows"": 5000000, ""source_total_rows"": null, ""source_total_rows_estimated"": false, ""source_valid_rows"": 5000000, ""source_valid_rows_estimated"": false, ""analysis_rows"": 0, ""final_effective_rows"": 0, ""source_matrix_positions"": 5000000, ""original_valid_points"": 5000000, ""analysis_points"": 5000000, ""display_points"": 30000, ""display_limit"": 30000, ""large_file_mode"": ""标准"", ""sample_method"": ""文件位置均匀采样"", ""grid_count"": 0, ""stride_n"": 10, ""height_matrix"": true, ""source_format"": ""通用Z矩阵"", ""sampling_pitch_x_um"": 47.242, ""sampling_pitch_y_um"": 47.242, ""sampling_pitch_source"": ""用户手动"", ""detected_camera_res_um"": null, ""missing_points"": 0, ""bad_rows"": 0, ""z_source_field"": ""矩阵高度值"", ""z_source_unit"": ""µm"", ""header_source_line"": null, ""header_confidence"": ""generated"", ""header_source"": ""generated"", ""header_auto_mapping"": {}, ""header_unit_hints"": {}, ""sampling_downgraded"": false, ""sampling_downgrade_reason"": """", ""matrix_pitch_x_um"": 47.242, ""matrix_pitch_y_um"": 47.242, ""matrix_z_unit"": ""µm"", ""search_start_row"": 0, ""matrix_requested_cols"": 1000, ""matrix_requested_rows"": 5000, ""input_encoding_override"": ""auto"", ""input_delimiter_override"": ""auto"", ""topology_method"": ""matrix8"", ""topology_fallback_reason"": """", ""notes"": ""通用Z矩阵 5000×1000 | 有效 5,000,000 | 分析 5,000,000 | Pitch 47.242/47.242µm"", ""matrix_parse_passes"": 1, ""matrix_rows"": 5000, ""matrix_cols"": 1000, ""declared_rows"": null, ""actual_rows"": 5000, ""manual_expected_rows"": 5000, ""row_count_mismatch"": false, ""matrix_data_start_row"": 1, ""matrix_header_rows_skipped"": 0, ""matrix_coordinate_header"": false, ""matrix_invalid_values"": [], ""matrix_metadata"": {""expected_rows"": null, ""expected_cols"": 1000, ""pitch_x_um"": 47.242, ""pitch_y_um"": 47.242, ""z_unit"": ""µm"", ""source_format"": ""通用Z矩阵"", ""invalid_values"": [], ""height_marker_line"": null, ""metadata"": {}, ""detected_fields"": [""手动列数"", ""手动行数""]}, ""layout_candidate_count"": 1, ""matrix_analysis_threshold"": 400000}}",425.89,0,0,ok
matrix_candidate_fromstring_clean,5000000,793.7495,469.85,CPU,"numeric matrix only; skips production validation, metadata and topology",425.98,43.87,0,ok
matrix_mapping_initialization_no_analysis,5000000,248.3934,849.48,CPU,,428.52,420.96,0,ok
matrix_mapped_points,5000000,0,739.74,CPU,rows=5000000,739.74,0,0,ok
matrix_file_open,100000,0.2539,157.28,CPU,,157.25,0.02,0,ok
matrix_raw_read_warm,100000,3.3476,157.29,CPU,1100000 bytes; warm OS cache,157.27,0.02,0,ok
matrix_read_table_full,100000,98.2513,166.31,CPU,1100000 bytes; parser+DataFrame; excludes mapping/UI,157.27,9.04,0,ok
matrix_stage_text_format_signature,100000,0.277,166.29,CPU,inclusive nested stage; no separate peak sample,166.29,0,0,ok
matrix_stage_scan_height_matrix_metadata,100000,2.899,166.29,CPU,inclusive nested stage; no separate peak sample,166.29,0,0,ok
matrix_stage_detect_text_layout,100000,19.8243,166.29,CPU,inclusive nested stage; no separate peak sample,166.29,0,0,ok
matrix_stage_prescan_height_matrix,100000,61.3255,166.29,CPU,inclusive nested stage; no separate peak sample,166.29,0,0,ok
matrix_stageDataFrame_constructor,100000,1.6816,166.29,CPU,inclusive nested stage; no separate peak sample,166.29,0,0,ok
matrix_stage_height_matrix_dataframe,100000,5.0793,166.29,CPU,inclusive nested stage; no separate peak sample,166.29,0,0,ok
matrix_stage_read_height_matrix_table,100000,66.5047,166.29,CPU,inclusive nested stage; no separate peak sample,166.29,0,0,ok
matrix_retained_frame,100000,0,166.29,CPU,"{""rows"": 100000, ""deep_bytes"": 5600132, ""info"": {""file_size_bytes"": 1100000, ""file_size_mb"": 1.049041748046875, ""source_path"": ""C:\\Users\\bingo\\Documents\\New project\\github-ui-audit\\audit-20260726-130647\\surface-rxy-zxy-analyzer\\benchmarks\\audit_outputs\\v470\\input_matrix_100000.dat"", ""source_sha256"": """", ""strategy"": ""高度矩阵全量读取"", ""input_layout_mode"": ""height_matrix"", ""input_semantics"": ""height_matrix"", ""sampled"": false, ""sample_method_key"": ""full"", ""extrema_preserved"": true, ""import_rows"": 100000, ""source_total_rows"": null, ""source_total_rows_estimated"": false, ""source_valid_rows"": 100000, ""source_valid_rows_estimated"": false, ""analysis_rows"": 0, ""final_effective_rows"": 0, ""source_matrix_positions"": 100000, ""original_valid_points"": 100000, ""analysis_points"": 100000, ""display_points"": 30000, ""display_limit"": 30000, ""large_file_mode"": ""标准"", ""sample_method"": ""文件位置均匀采样"", ""grid_count"": 0, ""stride_n"": 10, ""height_matrix"": true, ""source_format"": ""通用Z矩阵"", ""sampling_pitch_x_um"": 47.242, ""sampling_pitch_y_um"": 47.242, ""sampling_pitch_source"": ""用户手动"", ""detected_camera_res_um"": null, ""missing_points"": 0, ""bad_rows"": 0, ""z_source_field"": ""矩阵高度值"", ""z_source_unit"": ""µm"", ""header_source_line"": null, ""header_confidence"": ""generated"", ""header_source"": ""generated"", ""header_auto_mapping"": {}, ""header_unit_hints"": {}, ""sampling_downgraded"": false, ""sampling_downgrade_reason"": """", ""matrix_pitch_x_um"": 47.242, ""matrix_pitch_y_um"": 47.242, ""matrix_z_unit"": ""µm"", ""search_start_row"": 0, ""matrix_requested_cols"": 1000, ""matrix_requested_rows"": 100, ""input_encoding_override"": ""auto"", ""input_delimiter_override"": ""auto"", ""topology_method"": ""matrix8"", ""topology_fallback_reason"": """", ""notes"": ""通用Z矩阵 100×1000 | 有效 100,000 | 分析 100,000 | Pitch 47.242/47.242µm"", ""matrix_parse_passes"": 1, ""matrix_rows"": 100, ""matrix_cols"": 1000, ""declared_rows"": null, ""actual_rows"": 100, ""manual_expected_rows"": 100, ""row_count_mismatch"": false, ""matrix_data_start_row"": 1, ""matrix_header_rows_skipped"": 0, ""matrix_coordinate_header"": false, ""matrix_invalid_values"": [], ""matrix_metadata"": {""expected_rows"": null, ""expected_cols"": 1000, ""pitch_x_um"": 47.242, ""pitch_y_um"": 47.242, ""z_unit"": ""µm"", ""source_format"": ""通用Z矩阵"", ""invalid_values"": [], ""height_marker_line"": null, ""metadata"": {}, ""detected_fields"": [""手动列数"", ""手动行数""]}, ""layout_candidate_count"": 1, ""matrix_analysis_threshold"": 400000}}",166.29,0,0,ok
matrix_candidate_fromstring_clean,100000,14.3083,166.39,CPU,"numeric matrix only; skips production validation, metadata and topology",166.36,0.03,0,ok
matrix_mapping_initialization_no_analysis,100000,11.1851,172.86,CPU,,166.54,6.33,0,ok
matrix_mapped_points,100000,0,172.84,CPU,rows=100000,172.84,0,0,ok
matrix_file_open,500000,0.1492,156.82,CPU,,156.8,0.02,0,ok
matrix_raw_read_warm,500000,5.1593,156.85,CPU,5500000 bytes; warm OS cache,156.82,0.02,0,ok
matrix_read_table_full,500000,396.2949,201.18,CPU,5500000 bytes; parser+DataFrame; excludes mapping/UI,156.82,44.36,0,ok
matrix_stage_text_format_signature,500000,0.6158,186.66,CPU,inclusive nested stage; no separate peak sample,186.66,0,0,ok
matrix_stage_scan_height_matrix_metadata,500000,3.2485,186.66,CPU,inclusive nested stage; no separate peak sample,186.66,0,0,ok
matrix_stage_detect_text_layout,500000,19.3303,186.66,CPU,inclusive nested stage; no separate peak sample,186.66,0,0,ok
matrix_stage_prescan_height_matrix,500000,319.967,186.66,CPU,inclusive nested stage; no separate peak sample,186.66,0,0,ok
matrix_stageDataFrame_constructor,500000,8.3418,186.66,CPU,inclusive nested stage; no separate peak sample,186.66,0,0,ok
matrix_stage_height_matrix_dataframe,500000,43.0483,186.66,CPU,inclusive nested stage; no separate peak sample,186.66,0,0,ok
matrix_stage_read_height_matrix_table,500000,363.4503,186.66,CPU,inclusive nested stage; no separate peak sample,186.66,0,0,ok
matrix_retained_frame,500000,0,186.66,CPU,"{""rows"": 500000, ""deep_bytes"": 28000132, ""info"": {""file_size_bytes"": 5500000, ""file_size_mb"": 5.245208740234375, ""source_path"": ""C:\\Users\\bingo\\Documents\\New project\\github-ui-audit\\audit-20260726-130647\\surface-rxy-zxy-analyzer\\benchmarks\\audit_outputs\\v470\\input_matrix_500000.dat"", ""source_sha256"": """", ""strategy"": ""高度矩阵全量读取"", ""input_layout_mode"": ""height_matrix"", ""input_semantics"": ""height_matrix"", ""sampled"": false, ""sample_method_key"": ""full"", ""extrema_preserved"": true, ""import_rows"": 500000, ""source_total_rows"": null, ""source_total_rows_estimated"": false, ""source_valid_rows"": 500000, ""source_valid_rows_estimated"": false, ""analysis_rows"": 0, ""final_effective_rows"": 0, ""source_matrix_positions"": 500000, ""original_valid_points"": 500000, ""analysis_points"": 500000, ""display_points"": 30000, ""display_limit"": 30000, ""large_file_mode"": ""标准"", ""sample_method"": ""文件位置均匀采样"", ""grid_count"": 0, ""stride_n"": 10, ""height_matrix"": true, ""source_format"": ""通用Z矩阵"", ""sampling_pitch_x_um"": 47.242, ""sampling_pitch_y_um"": 47.242, ""sampling_pitch_source"": ""用户手动"", ""detected_camera_res_um"": null, ""missing_points"": 0, ""bad_rows"": 0, ""z_source_field"": ""矩阵高度值"", ""z_source_unit"": ""µm"", ""header_source_line"": null, ""header_confidence"": ""generated"", ""header_source"": ""generated"", ""header_auto_mapping"": {}, ""header_unit_hints"": {}, ""sampling_downgraded"": false, ""sampling_downgrade_reason"": """", ""matrix_pitch_x_um"": 47.242, ""matrix_pitch_y_um"": 47.242, ""matrix_z_unit"": ""µm"", ""search_start_row"": 0, ""matrix_requested_cols"": 1000, ""matrix_requested_rows"": 500, ""input_encoding_override"": ""auto"", ""input_delimiter_override"": ""auto"", ""topology_method"": ""matrix8"", ""topology_fallback_reason"": """", ""notes"": ""通用Z矩阵 500×1000 | 有效 500,000 | 分析 500,000 | Pitch 47.242/47.242µm"", ""matrix_parse_passes"": 1, ""matrix_rows"": 500, ""matrix_cols"": 1000, ""declared_rows"": null, ""actual_rows"": 500, ""manual_expected_rows"": 500, ""row_count_mismatch"": false, ""matrix_data_start_row"": 1, ""matrix_header_rows_skipped"": 0, ""matrix_coordinate_header"": false, ""matrix_invalid_values"": [], ""matrix_metadata"": {""expected_rows"": null, ""expected_cols"": 1000, ""pitch_x_um"": 47.242, ""pitch_y_um"": 47.242, ""z_unit"": ""µm"", ""source_format"": ""通用Z矩阵"", ""invalid_values"": [], ""height_marker_line"": null, ""metadata"": {}, ""detected_fields"": [""手动列数"", ""手动行数""]}, ""layout_candidate_count"": 1, ""matrix_analysis_threshold"": 400000}}",186.66,0,0,ok
matrix_candidate_fromstring_clean,500000,84.2498,190.01,CPU,"numeric matrix only; skips production validation, metadata and topology",186.73,3.28,0,ok
matrix_mapping_initialization_no_analysis,500000,34.8424,222.03,CPU,,186.82,35.2,0,ok
matrix_mapped_points,500000,0,218.75,CPU,rows=500000,218.75,0,0,ok
matrix_file_open,1000000,0.1857,157.06,CPU,,157.04,0.02,0,ok
matrix_raw_read_warm,1000000,7.2985,157.08,CPU,11000000 bytes; warm OS cache,157.06,0.02,0,ok
matrix_read_table_full,1000000,752.9822,228.21,CPU,11000000 bytes; parser+DataFrame; excludes mapping/UI,157.06,71.16,0,ok
matrix_stage_text_format_signature,1000000,0.2987,214.61,CPU,inclusive nested stage; no separate peak sample,214.61,0,0,ok
matrix_stage_scan_height_matrix_metadata,1000000,2.8903,214.61,CPU,inclusive nested stage; no separate peak sample,214.61,0,0,ok
matrix_stage_detect_text_layout,1000000,55.844,214.61,CPU,inclusive nested stage; no separate peak sample,214.61,0,0,ok
matrix_stage_prescan_height_matrix,1000000,621.8295,214.61,CPU,inclusive nested stage; no separate peak sample,214.61,0,0,ok
matrix_stageDataFrame_constructor,1000000,11.701,214.61,CPU,inclusive nested stage; no separate peak sample,214.61,0,0,ok
matrix_stage_height_matrix_dataframe,1000000,61.7805,214.61,CPU,inclusive nested stage; no separate peak sample,214.61,0,0,ok
matrix_stage_read_height_matrix_table,1000000,684.0598,214.61,CPU,inclusive nested stage; no separate peak sample,214.61,0,0,ok
matrix_retained_frame,1000000,0,214.61,CPU,"{""rows"": 1000000, ""deep_bytes"": 56000132, ""info"": {""file_size_bytes"": 11000000, ""file_size_mb"": 10.49041748046875, ""source_path"": ""C:\\Users\\bingo\\Documents\\New project\\github-ui-audit\\audit-20260726-130647\\surface-rxy-zxy-analyzer\\benchmarks\\audit_outputs\\v470\\input_matrix_1000000.dat"", ""source_sha256"": """", ""strategy"": ""高度矩阵全量读取"", ""input_layout_mode"": ""height_matrix"", ""input_semantics"": ""height_matrix"", ""sampled"": false, ""sample_method_key"": ""full"", ""extrema_preserved"": true, ""import_rows"": 1000000, ""source_total_rows"": null, ""source_total_rows_estimated"": false, ""source_valid_rows"": 1000000, ""source_valid_rows_estimated"": false, ""analysis_rows"": 0, ""final_effective_rows"": 0, ""source_matrix_positions"": 1000000, ""original_valid_points"": 1000000, ""analysis_points"": 1000000, ""display_points"": 30000, ""display_limit"": 30000, ""large_file_mode"": ""标准"", ""sample_method"": ""文件位置均匀采样"", ""grid_count"": 0, ""stride_n"": 10, ""height_matrix"": true, ""source_format"": ""通用Z矩阵"", ""sampling_pitch_x_um"": 47.242, ""sampling_pitch_y_um"": 47.242, ""sampling_pitch_source"": ""用户手动"", ""detected_camera_res_um"": null, ""missing_points"": 0, ""bad_rows"": 0, ""z_source_field"": ""矩阵高度值"", ""z_source_unit"": ""µm"", ""header_source_line"": null, ""header_confidence"": ""generated"", ""header_source"": ""generated"", ""header_auto_mapping"": {}, ""header_unit_hints"": {}, ""sampling_downgraded"": false, ""sampling_downgrade_reason"": """", ""matrix_pitch_x_um"": 47.242, ""matrix_pitch_y_um"": 47.242, ""matrix_z_unit"": ""µm"", ""search_start_row"": 0, ""matrix_requested_cols"": 1000, ""matrix_requested_rows"": 1000, ""input_encoding_override"": ""auto"", ""input_delimiter_override"": ""auto"", ""topology_method"": ""matrix8"", ""topology_fallback_reason"": """", ""notes"": ""通用Z矩阵 1000×1000 | 有效 1,000,000 | 分析 1,000,000 | Pitch 47.242/47.242µm"", ""matrix_parse_passes"": 1, ""matrix_rows"": 1000, ""matrix_cols"": 1000, ""declared_rows"": null, ""actual_rows"": 1000, ""manual_expected_rows"": 1000, ""row_count_mismatch"": false, ""matrix_data_start_row"": 1, ""matrix_header_rows_skipped"": 0, ""matrix_coordinate_header"": false, ""matrix_invalid_values"": [], ""matrix_metadata"": {""expected_rows"": null, ""expected_cols"": 1000, ""pitch_x_um"": 47.242, ""pitch_y_um"": 47.242, ""z_unit"": ""µm"", ""source_format"": ""通用Z矩阵"", ""invalid_values"": [], ""height_marker_line"": null, ""metadata"": {}, ""detected_fields"": [""手动列数"", ""手动行数""]}, ""layout_candidate_count"": 1, ""matrix_analysis_threshold"": 400000}}",214.61,0,0,ok
matrix_candidate_fromstring_clean,1000000,146.828,221.24,CPU,"numeric matrix only; skips production validation, metadata and topology",214.69,6.55,0,ok
matrix_mapping_initialization_no_analysis,1000000,59.3616,279.27,CPU,,214.09,65.19,0,ok
matrix_mapped_points,1000000,0,277.11,CPU,rows=1000000,277.11,0,0,ok
matrix_file_open,2000000,0.152,156.82,CPU,,156.79,0.03,0,ok
matrix_raw_read_warm,2000000,9.9372,156.84,CPU,22000000 bytes; warm OS cache,156.82,0.02,0,ok
matrix_read_table_full,2000000,1434.6715,319.73,CPU,22000000 bytes; parser+DataFrame; excludes mapping/UI,156.82,162.91,0,ok
matrix_stage_text_format_signature,2000000,0.2981,265.84,CPU,inclusive nested stage; no separate peak sample,265.84,0,0,ok
matrix_stage_scan_height_matrix_metadata,2000000,3.5578,265.84,CPU,inclusive nested stage; no separate peak sample,265.84,0,0,ok
matrix_stage_detect_text_layout,2000000,19.2321,265.84,CPU,inclusive nested stage; no separate peak sample,265.84,0,0,ok
matrix_stage_prescan_height_matrix,2000000,1289.0377,265.84,CPU,inclusive nested stage; no separate peak sample,265.84,0,0,ok
matrix_stageDataFrame_constructor,2000000,20.0412,265.84,CPU,inclusive nested stage; no separate peak sample,265.84,0,0,ok
matrix_stage_height_matrix_dataframe,2000000,112.8374,265.84,CPU,inclusive nested stage; no separate peak sample,265.84,0,0,ok
matrix_stage_read_height_matrix_table,2000000,1402.9423,265.84,CPU,inclusive nested stage; no separate peak sample,265.84,0,0,ok
matrix_retained_frame,2000000,0,265.84,CPU,"{""rows"": 2000000, ""deep_bytes"": 112000132, ""info"": {""file_size_bytes"": 22000000, ""file_size_mb"": 20.9808349609375, ""source_path"": ""C:\\Users\\bingo\\Documents\\New project\\github-ui-audit\\audit-20260726-130647\\surface-rxy-zxy-analyzer\\benchmarks\\audit_outputs\\v470\\input_matrix_2000000.dat"", ""source_sha256"": """", ""strategy"": ""高度矩阵全量读取"", ""input_layout_mode"": ""height_matrix"", ""input_semantics"": ""height_matrix"", ""sampled"": false, ""sample_method_key"": ""full"", ""extrema_preserved"": true, ""import_rows"": 2000000, ""source_total_rows"": null, ""source_total_rows_estimated"": false, ""source_valid_rows"": 2000000, ""source_valid_rows_estimated"": false, ""analysis_rows"": 0, ""final_effective_rows"": 0, ""source_matrix_positions"": 2000000, ""original_valid_points"": 2000000, ""analysis_points"": 2000000, ""display_points"": 30000, ""display_limit"": 30000, ""large_file_mode"": ""标准"", ""sample_method"": ""文件位置均匀采样"", ""grid_count"": 0, ""stride_n"": 10, ""height_matrix"": true, ""source_format"": ""通用Z矩阵"", ""sampling_pitch_x_um"": 47.242, ""sampling_pitch_y_um"": 47.242, ""sampling_pitch_source"": ""用户手动"", ""detected_camera_res_um"": null, ""missing_points"": 0, ""bad_rows"": 0, ""z_source_field"": ""矩阵高度值"", ""z_source_unit"": ""µm"", ""header_source_line"": null, ""header_confidence"": ""generated"", ""header_source"": ""generated"", ""header_auto_mapping"": {}, ""header_unit_hints"": {}, ""sampling_downgraded"": false, ""sampling_downgrade_reason"": """", ""matrix_pitch_x_um"": 47.242, ""matrix_pitch_y_um"": 47.242, ""matrix_z_unit"": ""µm"", ""search_start_row"": 0, ""matrix_requested_cols"": 1000, ""matrix_requested_rows"": 2000, ""input_encoding_override"": ""auto"", ""input_delimiter_override"": ""auto"", ""topology_method"": ""matrix8"", ""topology_fallback_reason"": """", ""notes"": ""通用Z矩阵 2000×1000 | 有效 2,000,000 | 分析 2,000,000 | Pitch 47.242/47.242µm"", ""matrix_parse_passes"": 1, ""matrix_rows"": 2000, ""matrix_cols"": 1000, ""declared_rows"": null, ""actual_rows"": 2000, ""manual_expected_rows"": 2000, ""row_count_mismatch"": false, ""matrix_data_start_row"": 1, ""matrix_header_rows_skipped"": 0, ""matrix_coordinate_header"": false, ""matrix_invalid_values"": [], ""matrix_metadata"": {""expected_rows"": null, ""expected_cols"": 1000, ""pitch_x_um"": 47.242, ""pitch_y_um"": 47.242, ""z_unit"": ""µm"", ""source_format"": ""通用Z矩阵"", ""invalid_values"": [], ""height_marker_line"": null, ""metadata"": {}, ""detected_fields"": [""手动列数"", ""手动行数""]}, ""layout_candidate_count"": 1, ""matrix_analysis_threshold"": 400000}}",265.84,0,0,ok
matrix_candidate_fromstring_clean,2000000,287.6176,289.32,CPU,"numeric matrix only; skips production validation, metadata and topology",265.91,23.41,0,ok
matrix_mapping_initialization_no_analysis,2000000,109.3843,402.25,CPU,,269.5,132.75,0,ok
matrix_mapped_points,2000000,0,394.68,CPU,rows=2000000,394.68,0,0,ok
matrix_file_open,5000000,0.1876,156.73,CPU,,156.7,0.02,0,ok
matrix_raw_read_warm,5000000,25.6092,164.75,CPU,55000000 bytes; warm OS cache,156.73,8.03,0,ok
matrix_read_table_full,5000000,3420.0977,797.01,CPU,55000000 bytes; parser+DataFrame; excludes mapping/UI,156.73,640.28,0,ok
matrix_stage_text_format_signature,5000000,0.3443,426.72,CPU,inclusive nested stage; no separate peak sample,426.72,0,0,ok
matrix_stage_scan_height_matrix_metadata,5000000,3.8706,426.72,CPU,inclusive nested stage; no separate peak sample,426.72,0,0,ok
matrix_stage_detect_text_layout,5000000,43.2848,426.72,CPU,inclusive nested stage; no separate peak sample,426.72,0,0,ok
matrix_stage_prescan_height_matrix,5000000,3047.4434,426.72,CPU,inclusive nested stage; no separate peak sample,426.72,0,0,ok
matrix_stageDataFrame_constructor,5000000,49.9038,426.72,CPU,inclusive nested stage; no separate peak sample,426.72,0,0,ok
matrix_stage_height_matrix_dataframe,5000000,313.1296,426.72,CPU,inclusive nested stage; no separate peak sample,426.72,0,0,ok
matrix_stage_read_height_matrix_table,5000000,3362.5457,426.72,CPU,inclusive nested stage; no separate peak sample,426.72,0,0,ok
matrix_retained_frame,5000000,0,426.72,CPU,"{""rows"": 5000000, ""deep_bytes"": 280000132, ""info"": {""file_size_bytes"": 55000000, ""file_size_mb"": 52.45208740234375, ""source_path"": ""C:\\Users\\bingo\\Documents\\New project\\github-ui-audit\\audit-20260726-130647\\surface-rxy-zxy-analyzer\\benchmarks\\audit_outputs\\v470\\input_matrix_5000000.dat"", ""source_sha256"": """", ""strategy"": ""高度矩阵全量读取"", ""input_layout_mode"": ""height_matrix"", ""input_semantics"": ""height_matrix"", ""sampled"": false, ""sample_method_key"": ""full"", ""extrema_preserved"": true, ""import_rows"": 5000000, ""source_total_rows"": null, ""source_total_rows_estimated"": false, ""source_valid_rows"": 5000000, ""source_valid_rows_estimated"": false, ""analysis_rows"": 0, ""final_effective_rows"": 0, ""source_matrix_positions"": 5000000, ""original_valid_points"": 5000000, ""analysis_points"": 5000000, ""display_points"": 30000, ""display_limit"": 30000, ""large_file_mode"": ""标准"", ""sample_method"": ""文件位置均匀采样"", ""grid_count"": 0, ""stride_n"": 10, ""height_matrix"": true, ""source_format"": ""通用Z矩阵"", ""sampling_pitch_x_um"": 47.242, ""sampling_pitch_y_um"": 47.242, ""sampling_pitch_source"": ""用户手动"", ""detected_camera_res_um"": null, ""missing_points"": 0, ""bad_rows"": 0, ""z_source_field"": ""矩阵高度值"", ""z_source_unit"": ""µm"", ""header_source_line"": null, ""header_confidence"": ""generated"", ""header_source"": ""generated"", ""header_auto_mapping"": {}, ""header_unit_hints"": {}, ""sampling_downgraded"": false, ""sampling_downgrade_reason"": """", ""matrix_pitch_x_um"": 47.242, ""matrix_pitch_y_um"": 47.242, ""matrix_z_unit"": ""µm"", ""search_start_row"": 0, ""matrix_requested_cols"": 1000, ""matrix_requested_rows"": 5000, ""input_encoding_override"": ""auto"", ""input_delimiter_override"": ""auto"", ""topology_method"": ""matrix8"", ""topology_fallback_reason"": """", ""notes"": ""通用Z矩阵 5000×1000 | 有效 5,000,000 | 分析 5,000,000 | Pitch 47.242/47.242µm"", ""matrix_parse_passes"": 1, ""matrix_rows"": 5000, ""matrix_cols"": 1000, ""declared_rows"": null, ""actual_rows"": 5000, ""manual_expected_rows"": 5000, ""row_count_mismatch"": false, ""matrix_data_start_row"": 1, ""matrix_header_rows_skipped"": 0, ""matrix_coordinate_header"": false, ""matrix_invalid_values"": [], ""matrix_metadata"": {""expected_rows"": null, ""expected_cols"": 1000, ""pitch_x_um"": 47.242, ""pitch_y_um"": 47.242, ""z_unit"": ""µm"", ""source_format"": ""通用Z矩阵"", ""invalid_values"": [], ""height_marker_line"": null, ""metadata"": {}, ""detected_fields"": [""手动列数"", ""手动行数""]}, ""layout_candidate_count"": 1, ""matrix_analysis_threshold"": 400000}}",426.72,0,0,ok
matrix_candidate_fromstring_clean,5000000,695.1376,466.95,CPU,"numeric matrix only; skips production validation, metadata and topology",426.8,40.15,0,ok
matrix_mapping_initialization_no_analysis,5000000,231.5204,817.58,CPU,,428.95,388.63,0,ok
matrix_mapped_points,5000000,0,741.49,CPU,rows=5000000,741.49,0,0,ok
fit_plane,100000,4.9315,131.71,CPU,,131.36,0.34,0,ok
plane_metrics_including_fit,100000,6.8304,131.74,CPU,,131.69,0.05,0,ok
mean_min_max,100000,0.1445,131.74,CPU,,131.72,0.02,0,ok
residual_normal,100000,0.7671,134.04,CPU,,131.72,2.32,0,ok
PV_RMS,100000,0.3996,134.04,CPU,,134.01,0.02,0,ok
Rx_Ry,100000,0.0124,134.04,CPU,,134.01,0.02,0,ok
transform_empty_pipeline,100000,0.0071,134.04,CPU,,134.01,0.02,0,ok
mask_intersection,100000,0.253,134.04,CPU,,134.01,0.02,0,ok
dataframe_numeric,100000,0.8859,136.47,CPU,,134.01,2.46,0,ok
dataframe_selected_to_numpy,100000,0.6948,136.71,CPU,,136.45,0.26,0,ok
xy_column_stack,100000,0.3924,138.23,CPU,,136.68,1.55,0,ok
KDTree_build,100000,19.1119,139.66,CPU,,138.21,1.45,0,ok
KDTree_query_4096_k32,100000,13.6843,141.85,CPU,,139.64,2.21,0,ok
KDTree_query_all_k9,100000,105.0728,153.77,CPU,,139.82,13.95,0,ok
scan_grid_estimate_including_tree,100000,43.1889,144.08,CPU,,137.36,6.72,0,ok
raster_full,100000,9.0634,149.85,CPU,,137.46,12.38,0,ok
raster_rgba,100000,24.6655,188.49,CPU,,149.82,38.67,0,ok
XY_display_cold,100000,48.7235,159.56,CPU,,152.04,7.52,0,ok
XY_display_grid_cached,100000,5.0185,151.86,CPU,,149.54,2.32,0,ok
XY_zoom_rebuild_grid_cached,100000,0.7715,150.46,CPU,,150.34,0.12,0,ok
LOD_critical_indices,100000,3.015,150.44,CPU,,150.44,0,0,ok
LOD_30k,100000,45.0327,159.5,CPU,,150.38,9.12,0,ok
render_prepare_LOD_arrays,100000,0.2096,151.14,CPU,,150.66,0.48,0,ok
render_prepare_full_snapshot,100000,0.7742,153.52,CPU,,151.12,2.4,0,ok
polynomial_order2,100000,13.0154,151.98,CPU,,151.97,0.01,0,ok
polynomial_order3,100000,23.0473,161.23,CPU,,151.96,9.27,0,ok
fit_plane,500000,26.2555,151.59,CPU,,151.23,0.35,0,ok
plane_metrics_including_fit,500000,38.8881,163.04,CPU,,151.57,11.47,0,ok
mean_min_max,500000,0.7574,151.62,CPU,,151.6,0.02,0,ok
residual_normal,500000,6.5013,155.44,CPU,,151.6,3.84,0,ok
PV_RMS,500000,2.4632,155.44,CPU,,155.41,0.02,0,ok
Rx_Ry,500000,0.012,155.44,CPU,,155.41,0.02,0,ok
transform_empty_pipeline,500000,0.0097,155.44,CPU,,155.41,0.02,0,ok
mask_intersection,500000,2.8331,156.39,CPU,,155.41,0.98,0,ok
dataframe_numeric,500000,4.2273,167.99,CPU,,156.37,11.62,0,ok
dataframe_selected_to_numpy,500000,0.8686,168.22,CPU,,167.96,0.26,0,ok
xy_column_stack,500000,2.0226,175.86,CPU,,168.2,7.66,0,ok
KDTree_build,500000,106.9634,184.25,CPU,,175.83,8.42,0,ok
KDTree_query_4096_k32,500000,18.1395,186.38,CPU,,184.23,2.15,0,ok
KDTree_query_all_k9,500000,687.6648,253.04,CPU,,184.35,68.7,0,ok
scan_grid_estimate_including_tree,500000,155.0774,188.06,CPU,,168.4,19.66,0,ok
raster_full,500000,39.2921,202.16,CPU,,168.49,33.67,0,ok
raster_rgba,500000,23.9902,221.03,CPU,,189.05,31.98,0,ok
XY_display_cold,500000,196.8685,224.23,CPU,,187.96,36.28,0,ok
XY_display_grid_cached,500000,35.1536,218.18,CPU,,188.87,29.31,0,ok
XY_zoom_rebuild_grid_cached,500000,4.0279,189.88,CPU,,188.87,1.01,0,ok
LOD_critical_indices,500000,16.8351,188.91,CPU,,188.86,0.05,0,ok
LOD_30k,500000,217.7073,216.86,CPU,,188.89,27.98,0,ok
render_prepare_LOD_arrays,500000,0.379,188.7,CPU,,187.99,0.71,0,ok
render_prepare_full_snapshot,500000,3.0381,200.17,CPU,,188.68,11.49,0,ok
polynomial_order2,500000,94.9394,242.15,CPU,,188.7,53.45,0,ok
polynomial_order3,500000,184.3602,272.92,CPU,,188.95,83.97,0,ok
fit_plane,1000000,67.3442,221.43,CPU,,175.58,45.85,0,ok
plane_metrics_including_fit,1000000,126.1947,221.73,CPU,,175.91,45.81,0,ok
mean_min_max,1000000,3.0542,175.96,CPU,,175.94,0.02,0,ok
residual_normal,1000000,18.6403,183.6,CPU,,175.94,7.66,0,ok
PV_RMS,1000000,7.266,183.6,CPU,,183.57,0.02,0,ok
Rx_Ry,1000000,0.0235,183.6,CPU,,183.57,0.02,0,ok
transform_empty_pipeline,1000000,0.0133,183.6,CPU,,183.57,0.02,0,ok
mask_intersection,1000000,3.0139,185.51,CPU,,183.57,1.93,0,ok
dataframe_numeric,1000000,4.791,206.64,CPU,,183.58,23.06,0,ok
dataframe_selected_to_numpy,1000000,0.6722,206.88,CPU,,206.62,0.26,0,ok
xy_column_stack,1000000,5.0058,222.14,CPU,,206.86,15.29,0,ok
KDTree_build,1000000,229.0004,238.86,CPU,,222.12,16.74,0,ok
KDTree_query_4096_k32,1000000,17.1019,240.98,CPU,,238.83,2.15,0,ok
KDTree_query_all_k9,1000000,1244.6691,376.31,CPU,,238.95,137.36,0,ok
scan_grid_estimate_including_tree,1000000,301.064,252.89,CPU,,207.05,45.84,0,ok
raster_full,1000000,66.8493,288.4,CPU,,207.16,81.24,0,ok
raster_rgba,1000000,19.3895,254.56,CPU,,230.29,24.27,0,ok
XY_display_cold,1000000,374.2027,291.3,CPU,,230.12,61.19,0,ok
XY_display_grid_cached,1000000,71.8232,296.5,CPU,,231.07,65.42,0,ok
XY_zoom_rebuild_grid_cached,1000000,12.4914,232.79,CPU,,231.07,1.71,0,ok
LOD_critical_indices,1000000,40.1543,256.84,CPU,,229.29,27.55,0,ok
LOD_30k,1000000,486.3437,290.3,CPU,,232.02,58.28,0,ok
render_prepare_LOD_arrays,1000000,0.4234,230.88,CPU,,230.18,0.7,0,ok
render_prepare_full_snapshot,1000000,7.7095,253.81,CPU,,230.85,22.96,0,ok
polynomial_order2,1000000,243.4405,337.75,CPU,,230.89,106.86,0,ok
polynomial_order3,1000000,465.3007,399.05,CPU,,231.13,167.91,0,ok
fit_plane,2000000,138.7485,311.93,CPU,,220.27,91.66,0,ok
plane_metrics_including_fit,2000000,144.168,273.23,CPU,,220.65,52.58,0,ok
mean_min_max,2000000,3.9526,220.7,CPU,,220.68,0.02,0,ok
residual_normal,2000000,28.1274,245.03,CPU,,220.68,24.35,0,ok
PV_RMS,2000000,8.4168,235.96,CPU,,235.94,0.02,0,ok
Rx_Ry,2000000,0.0125,235.96,CPU,,235.94,0.02,0,ok
transform_empty_pipeline,2000000,0.0097,235.96,CPU,,235.94,0.02,0,ok
mask_intersection,2000000,8.0995,237.88,CPU,,235.94,1.93,0,ok
dataframe_numeric,2000000,8.7026,281.95,CPU,,235.94,46.01,0,ok
dataframe_selected_to_numpy,2000000,0.9015,282.19,CPU,,281.93,0.26,0,ok
xy_column_stack,2000000,9.0764,312.71,CPU,,282.17,30.54,0,ok
KDTree_build,2000000,473.4556,347.15,CPU,,312.69,34.46,0,ok
KDTree_query_4096_k32,2000000,21.3971,349.29,CPU,,347.13,2.16,0,ok
KDTree_query_all_k9,2000000,2954.4538,621.95,CPU,,347.26,274.69,0,ok
scan_grid_estimate_including_tree,2000000,609.6695,351.71,CPU,,283.48,68.23,0,ok
raster_full,2000000,136.1636,424.08,CPU,,283.62,140.46,0,ok
raster_rgba,2000000,18.989,333.04,CPU,,307.67,25.37,0,ok
XY_display_cold,2000000,755.0512,441.37,CPU,,308.6,132.77,0,ok
XY_display_grid_cached,2000000,137.5152,418.92,CPU,,308.81,110.11,0,ok
XY_zoom_rebuild_grid_cached,2000000,27.2629,310.53,CPU,,308.81,1.71,0,ok
LOD_critical_indices,2000000,68.8107,368.45,CPU,,306.27,62.18,0,ok
LOD_30k,2000000,1028.2663,424.62,CPU,,306.33,118.29,0,ok
render_prepare_LOD_arrays,2000000,0.5106,308.28,CPU,,307.57,0.71,0,ok
render_prepare_full_snapshot,2000000,16.1442,355.97,CPU,,308.25,47.72,0,ok
polynomial_order2,2000000,379.0907,521.93,CPU,,308.25,213.67,0,ok
polynomial_order3,2000000,764.0939,644.25,CPU,,308.5,335.75,0,ok
fit_plane,5000000,284.6703,589.57,CPU,,360.58,228.99,0,ok
plane_metrics_including_fit,5000000,477.2327,589.88,CPU,,360.97,228.91,0,ok
mean_min_max,5000000,7.2518,361.02,CPU,,361.0,0.02,0,ok
residual_normal,5000000,67.5794,449.48,CPU,,361.0,88.48,0,ok
PV_RMS,5000000,18.5057,399.17,CPU,,399.14,0.02,0,ok
Rx_Ry,5000000,0.0113,399.17,CPU,,399.14,0.02,0,ok
transform_empty_pipeline,5000000,0.0141,399.17,CPU,,399.14,0.02,0,ok
mask_intersection,5000000,20.6984,412.69,CPU,,399.14,13.55,0,ok
dataframe_numeric,5000000,22.294,513.76,CPU,,399.14,114.61,0,ok
dataframe_selected_to_numpy,5000000,0.7711,513.99,CPU,,513.73,0.26,0,ok
xy_column_stack,5000000,25.016,590.29,CPU,,513.97,76.32,0,ok
KDTree_build,5000000,1311.2559,701.62,CPU,,590.27,111.35,0,ok
KDTree_query_4096_k32,5000000,25.2932,703.76,CPU,,701.6,2.16,0,ok
KDTree_query_all_k9,5000000,7149.6788,1388.41,CPU,,701.73,686.68,0,ok
scan_grid_estimate_including_tree,5000000,1584.5944,722.55,CPU,,515.29,207.26,0,ok
raster_full,5000000,306.7248,815.02,CPU,,515.38,299.63,0,ok
raster_rgba,5000000,19.4614,563.48,CPU,,539.39,24.09,0,ok
XY_display_cold,5000000,1938.0699,836.45,CPU,,538.23,298.22,0,ok
XY_display_grid_cached,5000000,340.5782,818.34,CPU,,539.38,278.96,0,ok
XY_zoom_rebuild_grid_cached,5000000,106.4829,547.29,CPU,,539.38,7.91,0,ok
LOD_critical_indices,5000000,190.9294,735.14,CPU,,539.6,195.54,0,ok
LOD_30k,5000000,3131.0093,886.95,CPU,,539.63,347.32,0,ok
render_prepare_LOD_arrays,5000000,0.6383,540.51,CPU,,539.81,0.7,0,ok
render_prepare_full_snapshot,5000000,37.9399,659.73,CPU,,540.49,119.24,0,ok
polynomial_order2,5000000,1109.2312,1074.58,CPU,,540.49,534.09,0,ok
polynomial_order3,5000000,1836.0134,1380.01,CPU,,540.73,839.28,0,ok
matrix_topology,100000,42.1577,140.81,CPU,,130.89,9.92,0,ok
smart_matrix,100000,0,133.89,CPU,Object of type ndarray is not JSON serializable,133.89,0,0,error
matrix_topology,500000,344.4758,228.37,CPU,,145.63,82.74,0,ok
smart_matrix,500000,0,153.36,CPU,Object of type ndarray is not JSON serializable,153.36,0,0,error
matrix_topology,1000000,745.2127,326.9,CPU,,165.13,161.77,0,ok
smart_matrix,1000000,0,177.26,CPU,Object of type ndarray is not JSON serializable,177.26,0,0,error
matrix_topology,2000000,1656.6532,585.62,CPU,,203.27,382.36,0,ok
smart_matrix,2000000,0,227.17,CPU,Object of type ndarray is not JSON serializable,227.17,0,0,error
matrix_topology,5000000,4823.0399,1272.4,CPU,,317.5,954.9,0,ok
smart_matrix,5000000,0,376.28,CPU,Object of type ndarray is not JSON serializable,376.28,0,0,error
matrix_topology,100000,43.9872,149.33,CPU,,130.44,18.89,0,ok
matrix_topology_metadata,100000,0,133.48,CPU,"{""method"": ""matrix8"", ""topology"": ""\u77e9\u96358\u90bb\u57df\uff08\u9690\u5f0f\u62d3\u6251\uff09"", ""local_spacing_mm"": 0.030000000000001137, ""fallback_reason"": """", ""health"": {""point_count"": 100000, ""edge_count"": 396702, ""isolated_ratio"": 0.0, ""median_degree"": 8.0, ""largest_component_ratio"": 1.0}}",133.48,0,0,ok
matrix_plane_residual,100000,3.8296,136.41,CPU,,133.54,2.87,0,ok
matrix_plane_residual_stats,100000,0,136.38,CPU,"{""points"": 100000, ""fast_accept"": 0, ""fast_reject"": 0, ""slow_path"": 100000, ""local_plane_fits"": 1, ""processed"": 100000, ""mode"": ""plane_residual"", ""sensitivity"": ""standard"", ""seed_degree"": 5, ""algorithm"": ""matrix8_component""}",136.38,0,0,ok
matrix_surface_following,100000,2683.2429,139.3,CPU,,136.38,2.92,0,ok
matrix_surface_following_stats,100000,0,139.28,CPU,"{""points"": 100000, ""fast_accept"": 99999, ""fast_reject"": 0, ""slow_path"": 0, ""local_plane_fits"": 9955, ""processed"": 100000, ""mode"": ""surface_following"", ""sensitivity"": ""standard"", ""seed_degree"": 5, ""effective_tolerance_mm"": 0.005, ""fast_threshold_mm"": 0.0016, ""reject_threshold_mm"": 0.0055000000000000005, ""normal_limit_deg"": 12.0, ""refresh_hops"": 10, ""edge_factor"": 2.2, ""selected"": 100000, ""fast_accept_ratio"": 1.0}",139.28,0,0,ok
matrix_topology,500000,367.1752,243.6,CPU,,145.71,97.89,0,ok
matrix_topology_metadata,500000,0,152.53,CPU,"{""method"": ""matrix8"", ""topology"": ""\u77e9\u96358\u90bb\u57df\uff08\u9690\u5f0f\u62d3\u6251\uff09"", ""local_spacing_mm"": 0.030000000000001137, ""fallback_reason"": """", ""health"": {""point_count"": 500000, ""edge_count"": 1995502, ""isolated_ratio"": 0.0, ""median_degree"": 8.0, ""largest_component_ratio"": 1.0}}",152.53,0,0,ok
matrix_plane_residual,500000,25.4017,158.78,CPU,,152.53,6.25,0,ok
matrix_plane_residual_stats,500000,0,154.44,CPU,"{""points"": 500000, ""fast_accept"": 0, ""fast_reject"": 0, ""slow_path"": 500000, ""local_plane_fits"": 1, ""processed"": 500000, ""mode"": ""plane_residual"", ""sensitivity"": ""standard"", ""seed_degree"": 5, ""algorithm"": ""matrix8_component""}",154.44,0,0,ok
matrix_surface_following,500000,13707.5038,177.41,CPU,,154.44,22.98,0,ok
matrix_surface_following_stats,500000,0,161.27,CPU,"{""points"": 500000, ""fast_accept"": 499999, ""fast_reject"": 0, ""slow_path"": 0, ""local_plane_fits"": 49775, ""processed"": 500000, ""mode"": ""surface_following"", ""sensitivity"": ""standard"", ""seed_degree"": 5, ""effective_tolerance_mm"": 0.005, ""fast_threshold_mm"": 0.0016, ""reject_threshold_mm"": 0.0055000000000000005, ""normal_limit_deg"": 12.0, ""refresh_hops"": 10, ""edge_factor"": 2.2, ""selected"": 500000, ""fast_accept_ratio"": 1.0}",161.27,0,0,ok
matrix_topology,1000000,809.73,356.55,CPU,,165.16,191.39,0,ok
matrix_topology_metadata,1000000,0,178.23,CPU,"{""method"": ""matrix8"", ""topology"": ""\u77e9\u96358\u90bb\u57df\uff08\u9690\u5f0f\u62d3\u6251\uff09"", ""local_spacing_mm"": 0.030000000000001137, ""fallback_reason"": """", ""health"": {""point_count"": 1000000, ""edge_count"": 3994002, ""isolated_ratio"": 0.0, ""median_degree"": 8.0, ""largest_component_ratio"": 1.0}}",178.23,0,0,ok
matrix_plane_residual,1000000,46.652,192.27,CPU,,178.23,14.05,0,ok
matrix_plane_residual_stats,1000000,0,181.57,CPU,"{""points"": 1000000, ""fast_accept"": 0, ""fast_reject"": 0, ""slow_path"": 1000000, ""local_plane_fits"": 1, ""processed"": 1000000, ""mode"": ""plane_residual"", ""sensitivity"": ""standard"", ""seed_degree"": 5, ""algorithm"": ""matrix8_component""}",181.57,0,0,ok
matrix_surface_following,1000000,26910.6446,227.78,CPU,,181.57,46.21,0,ok
matrix_surface_following_stats,1000000,0,191.19,CPU,"{""points"": 1000000, ""fast_accept"": 999999, ""fast_reject"": 0, ""slow_path"": 0, ""local_plane_fits"": 99550, ""processed"": 1000000, ""mode"": ""surface_following"", ""sensitivity"": ""standard"", ""seed_degree"": 5, ""effective_tolerance_mm"": 0.005, ""fast_threshold_mm"": 0.0016, ""reject_threshold_mm"": 0.0055000000000000005, ""normal_limit_deg"": 12.0, ""refresh_hops"": 10, ""edge_factor"": 2.2, ""selected"": 1000000, ""fast_accept_ratio"": 1.0}",191.19,0,0,ok
matrix_topology,2000000,1676.8213,586.14,CPU,,203.13,383.01,0,ok
matrix_topology_metadata,2000000,0,227.69,CPU,"{""method"": ""matrix8"", ""topology"": ""\u77e9\u96358\u90bb\u57df\uff08\u9690\u5f0f\u62d3\u6251\uff09"", ""local_spacing_mm"": 0.030000000000001137, ""fallback_reason"": """", ""health"": {""point_count"": 2000000, ""edge_count"": 7991002, ""isolated_ratio"": 0.0, ""median_degree"": 8.0, ""largest_component_ratio"": 1.0}}",227.69,0,0,ok
matrix_plane_residual,2000000,92.3851,270.59,CPU,,227.69,42.9,0,ok
matrix_plane_residual_stats,2000000,0,230.07,CPU,"{""points"": 2000000, ""fast_accept"": 0, ""fast_reject"": 0, ""slow_path"": 2000000, ""local_plane_fits"": 1, ""processed"": 2000000, ""mode"": ""plane_residual"", ""sensitivity"": ""standard"", ""seed_degree"": 5, ""algorithm"": ""matrix8_component""}",230.07,0,0,ok
matrix_surface_following,2000000,54019.2003,327.54,CPU,,230.07,97.47,0,ok
matrix_surface_following_stats,2000000,0,251.39,CPU,"{""points"": 2000000, ""fast_accept"": 1999999, ""fast_reject"": 0, ""slow_path"": 0, ""local_plane_fits"": 199100, ""processed"": 2000000, ""mode"": ""surface_following"", ""sensitivity"": ""standard"", ""seed_degree"": 5, ""effective_tolerance_mm"": 0.005, ""fast_threshold_mm"": 0.0016, ""reject_threshold_mm"": 0.0055000000000000005, ""normal_limit_deg"": 12.0, ""refresh_hops"": 10, ""edge_factor"": 2.2, ""selected"": 2000000, ""fast_accept_ratio"": 1.0}",251.39,0,0,ok
matrix_topology,5000000,4561.8169,1273.02,CPU,,317.5,955.52,0,ok
matrix_topology_metadata,5000000,0,376.9,CPU,"{""method"": ""matrix8"", ""topology"": ""\u77e9\u96358\u90bb\u57df\uff08\u9690\u5f0f\u62d3\u6251\uff09"", ""local_spacing_mm"": 0.030000000000001137, ""fallback_reason"": """", ""health"": {""point_count"": 5000000, ""edge_count"": 19982002, ""isolated_ratio"": 0.0, ""median_degree"": 8.0, ""largest_component_ratio"": 1.0}}",376.9,0,0,ok
matrix_plane_residual,5000000,265.3089,486.82,CPU,,376.9,109.92,0,ok
matrix_plane_residual_stats,5000000,0,382.09,CPU,"{""points"": 5000000, ""fast_accept"": 0, ""fast_reject"": 0, ""slow_path"": 5000000, ""local_plane_fits"": 1, ""processed"": 5000000, ""mode"": ""plane_residual"", ""sensitivity"": ""standard"", ""seed_degree"": 5, ""algorithm"": ""matrix8_component""}",382.09,0,0,ok
matrix_surface_following,5000000,131757.853,622.37,CPU,,382.09,240.28,0,ok
matrix_surface_following_stats,5000000,0,402.21,CPU,"{""points"": 5000000, ""fast_accept"": 4999999, ""fast_reject"": 0, ""slow_path"": 0, ""local_plane_fits"": 499100, ""processed"": 5000000, ""mode"": ""surface_following"", ""sensitivity"": ""standard"", ""seed_degree"": 5, ""effective_tolerance_mm"": 0.005, ""fast_threshold_mm"": 0.0016, ""reject_threshold_mm"": 0.0055000000000000005, ""normal_limit_deg"": 12.0, ""refresh_hops"": 10, ""edge_factor"": 2.2, ""selected"": 5000000, ""fast_accept_ratio"": 1.0}",402.21,0,0,ok
quoted_file_open,2000000,0.152,156.83,CPU,,156.77,0.06,0,ok
quoted_raw_read_warm,2000000,32.601,159.74,CPU,80998006 bytes; warm OS cache,156.83,2.91,0,ok
quoted_read_table_full,2000000,1256.7999,253.3,CPU,80998006 bytes; parser+DataFrame; excludes mapping/UI,156.83,96.46,0,ok
quoted_stage_text_format_signature,2000000,0.1648,226.68,CPU,inclusive nested stage; no separate peak sample,226.68,0,0,ok
quoted_stage_detect_text_layout,2000000,10.7062,226.68,CPU,inclusive nested stage; no separate peak sample,226.68,0,0,ok
quoted_stage_extract_text_preamble_metadata,2000000,0.1515,226.68,CPU,inclusive nested stage; no separate peak sample,226.68,0,0,ok
quoted_stageDataFrame_constructor,2000000,0.3714,226.68,CPU,inclusive nested stage; no separate peak sample,226.68,0,0,ok
quoted_stage_read_full_delimited_text,2000000,1230.4161,226.68,CPU,inclusive nested stage; no separate peak sample,226.68,0,0,ok
quoted_retained_frame,2000000,0,226.68,CPU,"{""rows"": 2000000, ""deep_bytes"": 356998132, ""info"": {""file_size_bytes"": 80998006, ""file_size_mb"": 77.24571800231934, ""source_path"": ""C:\\Users\\bingo\\Documents\\New project\\github-ui-audit\\audit-20260726-130647\\surface-rxy-zxy-analyzer\\benchmarks\\audit_outputs\\v470\\input_quoted_2000000.dat"", ""source_sha256"": """", ""strategy"": ""文本全量读取"", ""input_layout_mode"": ""point_table"", ""input_semantics"": ""xyz_physical"", ""sampled"": false, ""sample_method_key"": ""full"", ""extrema_preserved"": true, ""import_rows"": 2000000, ""source_total_rows"": 2000000, ""source_total_rows_estimated"": false, ""source_valid_rows"": null, ""source_valid_rows_estimated"": false, ""analysis_rows"": 0, ""final_effective_rows"": 0, ""source_matrix_positions"": 0, ""original_valid_points"": 0, ""analysis_points"": 0, ""display_points"": 0, ""display_limit"": 30000, ""large_file_mode"": ""标准"", ""sample_method"": ""文件位置均匀采样"", ""grid_count"": 0, ""stride_n"": 10, ""height_matrix"": false, ""source_format"": ""通用文本XYZ点表"", ""sampling_pitch_x_um"": 47.242, ""sampling_pitch_y_um"": 47.242, ""sampling_pitch_source"": ""--"", ""detected_camera_res_um"": null, ""missing_points"": 0, ""bad_rows"": 0, ""z_source_field"": """", ""z_source_unit"": """", ""header_source_line"": 1, ""header_confidence"": ""semantic"", ""header_source"": ""text"", ""header_auto_mapping"": {""x"": 0, ""y"": 1, ""z"": 2}, ""header_unit_hints"": {}, ""sampling_downgraded"": false, ""sampling_downgrade_reason"": """", ""matrix_pitch_x_um"": 47.242, ""matrix_pitch_y_um"": 47.242, ""matrix_z_unit"": ""µm"", ""search_start_row"": 0, ""matrix_requested_cols"": 0, ""matrix_requested_rows"": 0, ""input_encoding_override"": ""auto"", ""input_delimiter_override"": ""auto"", ""topology_method"": """", ""topology_fallback_reason"": """", ""notes"": ""编码 utf-8-sig"", ""parser_engine"": ""pandas_c"", ""metadata"": {}, ""preamble_rows_skipped"": 1}}",226.68,0,0,ok
quoted_candidate_pandas_C,2000000,393.565,295.68,CPU,benchmark-only clean numeric contract; not production replacement,226.73,68.96,0,ok
quoted_to_numeric,2000000,1075.2403,318.59,CPU,,272.53,46.06,0,ok
quoted_mapping_initialization_no_analysis,2000000,1135.8597,303.24,CPU,,226.84,76.41,0,ok
quoted_mapped_points,2000000,0,288.98,CPU,rows=2000000,288.98,0,0,ok
tab_file_open,2000000,0.2453,156.5,CPU,,156.44,0.06,0,ok
tab_raw_read_warm,2000000,37.095,164.53,CPU,68998006 bytes; warm OS cache,156.5,8.03,0,ok
tab_read_table_full,2000000,745.9136,253.0,CPU,68998006 bytes; parser+DataFrame; excludes mapping/UI,156.5,96.49,0,ok
tab_stage_text_format_signature,2000000,0.1466,226.29,CPU,inclusive nested stage; no separate peak sample,226.29,0,0,ok
tab_stage_detect_text_layout,2000000,8.9754,226.29,CPU,inclusive nested stage; no separate peak sample,226.29,0,0,ok
tab_stage_extract_text_preamble_metadata,2000000,0.1534,226.29,CPU,inclusive nested stage; no separate peak sample,226.29,0,0,ok
tab_stageDataFrame_constructor,2000000,0.4002,226.29,CPU,inclusive nested stage; no separate peak sample,226.29,0,0,ok
tab_stage_read_full_delimited_text,2000000,735.4494,226.29,CPU,inclusive nested stage; no separate peak sample,226.29,0,0,ok
tab_retained_frame,2000000,0,226.29,CPU,"{""rows"": 2000000, ""deep_bytes"": 356998132, ""info"": {""file_size_bytes"": 68998006, ""file_size_mb"": 65.80162620544434, ""source_path"": ""C:\\Users\\bingo\\Documents\\New project\\github-ui-audit\\audit-20260726-130647\\surface-rxy-zxy-analyzer\\benchmarks\\audit_outputs\\v470\\input_tab_2000000.dat"", ""source_sha256"": """", ""strategy"": ""文本全量读取"", ""input_layout_mode"": ""point_table"", ""input_semantics"": ""xyz_physical"", ""sampled"": false, ""sample_method_key"": ""full"", ""extrema_preserved"": true, ""import_rows"": 2000000, ""source_total_rows"": 2000000, ""source_total_rows_estimated"": false, ""source_valid_rows"": null, ""source_valid_rows_estimated"": false, ""analysis_rows"": 0, ""final_effective_rows"": 0, ""source_matrix_positions"": 0, ""original_valid_points"": 0, ""analysis_points"": 0, ""display_points"": 0, ""display_limit"": 30000, ""large_file_mode"": ""标准"", ""sample_method"": ""文件位置均匀采样"", ""grid_count"": 0, ""stride_n"": 10, ""height_matrix"": false, ""source_format"": ""通用文本XYZ点表"", ""sampling_pitch_x_um"": 47.242, ""sampling_pitch_y_um"": 47.242, ""sampling_pitch_source"": ""--"", ""detected_camera_res_um"": null, ""missing_points"": 0, ""bad_rows"": 0, ""z_source_field"": """", ""z_source_unit"": """", ""header_source_line"": 1, ""header_confidence"": ""semantic"", ""header_source"": ""text"", ""header_auto_mapping"": {""x"": 0, ""y"": 1, ""z"": 2}, ""header_unit_hints"": {}, ""sampling_downgraded"": false, ""sampling_downgrade_reason"": """", ""matrix_pitch_x_um"": 47.242, ""matrix_pitch_y_um"": 47.242, ""matrix_z_unit"": ""µm"", ""search_start_row"": 0, ""matrix_requested_cols"": 0, ""matrix_requested_rows"": 0, ""input_encoding_override"": ""auto"", ""input_delimiter_override"": ""auto"", ""topology_method"": """", ""topology_fallback_reason"": """", ""notes"": ""编码 utf-8-sig"", ""parser_engine"": ""pandas_c"", ""metadata"": {}, ""preamble_rows_skipped"": 1}}",226.29,0,0,ok
tab_candidate_pandas_C,2000000,416.2748,295.37,CPU,benchmark-only clean numeric contract; not production replacement,226.34,69.03,0,ok
tab_to_numeric,2000000,1143.3186,318.03,CPU,,272.14,45.89,0,ok
tab_mapping_initialization_no_analysis,2000000,1227.939,337.49,CPU,,226.45,111.04,0,ok
tab_mapped_points,2000000,0,289.61,CPU,rows=2000000,289.61,0,0,ok
space_file_open,2000000,0.172,156.56,CPU,,156.5,0.06,0,ok
space_raw_read_warm,2000000,34.2444,156.94,CPU,68998006 bytes; warm OS cache,156.57,0.37,0,ok
space_read_table_full,2000000,1547.1031,252.72,CPU,68998006 bytes; parser+DataFrame; excludes mapping/UI,156.57,96.16,0,ok
space_stage_text_format_signature,2000000,0.1587,226.13,CPU,inclusive nested stage; no separate peak sample,226.13,0,0,ok
space_stage_detect_text_layout,2000000,10.865,226.13,CPU,inclusive nested stage; no separate peak sample,226.13,0,0,ok
space_stage_extract_text_preamble_metadata,2000000,0.1653,226.13,CPU,inclusive nested stage; no separate peak sample,226.13,0,0,ok
space_stageDataFrame_constructor,2000000,0.5237,226.13,CPU,inclusive nested stage; no separate peak sample,226.13,0,0,ok
space_stage_read_full_delimited_text,2000000,1534.7724,226.13,CPU,inclusive nested stage; no separate peak sample,226.13,0,0,ok
space_retained_frame,2000000,0,226.13,CPU,"{""rows"": 2000000, ""deep_bytes"": 356998132, ""info"": {""file_size_bytes"": 68998006, ""file_size_mb"": 65.80162620544434, ""source_path"": ""C:\\Users\\bingo\\Documents\\New project\\github-ui-audit\\audit-20260726-130647\\surface-rxy-zxy-analyzer\\benchmarks\\audit_outputs\\v470\\input_space_2000000.dat"", ""source_sha256"": """", ""strategy"": ""文本全量读取"", ""input_layout_mode"": ""point_table"", ""input_semantics"": ""xyz_physical"", ""sampled"": false, ""sample_method_key"": ""full"", ""extrema_preserved"": true, ""import_rows"": 2000000, ""source_total_rows"": 2000000, ""source_total_rows_estimated"": false, ""source_valid_rows"": null, ""source_valid_rows_estimated"": false, ""analysis_rows"": 0, ""final_effective_rows"": 0, ""source_matrix_positions"": 0, ""original_valid_points"": 0, ""analysis_points"": 0, ""display_points"": 0, ""display_limit"": 30000, ""large_file_mode"": ""标准"", ""sample_method"": ""文件位置均匀采样"", ""grid_count"": 0, ""stride_n"": 10, ""height_matrix"": false, ""source_format"": ""通用文本XYZ点表"", ""sampling_pitch_x_um"": 47.242, ""sampling_pitch_y_um"": 47.242, ""sampling_pitch_source"": ""--"", ""detected_camera_res_um"": null, ""missing_points"": 0, ""bad_rows"": 0, ""z_source_field"": """", ""z_source_unit"": """", ""header_source_line"": 1, ""header_confidence"": ""semantic"", ""header_source"": ""text"", ""header_auto_mapping"": {""x"": 0, ""y"": 1, ""z"": 2}, ""header_unit_hints"": {}, ""sampling_downgraded"": false, ""sampling_downgrade_reason"": """", ""matrix_pitch_x_um"": 47.242, ""matrix_pitch_y_um"": 47.242, ""matrix_z_unit"": ""µm"", ""search_start_row"": 0, ""matrix_requested_cols"": 0, ""matrix_requested_rows"": 0, ""input_encoding_override"": ""auto"", ""input_delimiter_override"": ""auto"", ""topology_method"": """", ""topology_fallback_reason"": """", ""notes"": ""编码 utf-8-sig"", ""parser_engine"": ""pandas_c"", ""metadata"": {}, ""preamble_rows_skipped"": 1}}",226.13,0,0,ok
space_candidate_pandas_C,2000000,1054.5072,295.11,CPU,benchmark-only clean numeric contract; not production replacement,226.19,68.92,0,ok
space_to_numeric,2000000,1163.6246,318.0,CPU,,271.99,46.01,0,ok
space_mapping_initialization_no_analysis,2000000,1219.1202,317.5,CPU,,226.3,91.2,0,ok
space_mapped_points,2000000,0,290.48,CPU,rows=2000000,290.48,0,0,ok
keyence_file_open,100000,0.158,157.21,CPU,,157.18,0.03,0,ok
keyence_raw_read_warm,100000,4.0072,157.22,CPU,1100055 bytes; warm OS cache,157.2,0.02,0,ok
keyence_read_table_full,100000,127.6521,164.99,CPU,1100055 bytes; parser+DataFrame; excludes mapping/UI,157.2,7.79,0,ok
keyence_stage_text_format_signature,100000,0.2004,164.96,CPU,inclusive nested stage; no separate peak sample,164.96,0,0,ok
keyence_stage_scan_height_matrix_metadata,100000,3.8386,164.96,CPU,inclusive nested stage; no separate peak sample,164.96,0,0,ok
keyence_stage_detect_text_layout,100000,37.6825,164.96,CPU,inclusive nested stage; no separate peak sample,164.96,0,0,ok
keyence_stage_prescan_height_matrix,100000,69.6622,164.96,CPU,inclusive nested stage; no separate peak sample,164.96,0,0,ok
keyence_stageDataFrame_constructor,100000,2.5457,164.96,CPU,inclusive nested stage; no separate peak sample,164.96,0,0,ok
keyence_stage_height_matrix_dataframe,100000,6.6893,164.96,CPU,inclusive nested stage; no separate peak sample,164.96,0,0,ok
keyence_stage_read_height_matrix_table,100000,76.6639,164.96,CPU,inclusive nested stage; no separate peak sample,164.96,0,0,ok
keyence_retained_frame,100000,0,164.96,CPU,"{""rows"": 100000, ""deep_bytes"": 5600132, ""info"": {""file_size_bytes"": 1100055, ""file_size_mb"": 1.0490942001342773, ""source_path"": ""C:\\Users\\bingo\\Documents\\New project\\github-ui-audit\\audit-20260726-130647\\surface-rxy-zxy-analyzer\\benchmarks\\audit_outputs\\v470\\input_keyence_100000.dat"", ""source_sha256"": """", ""strategy"": ""高度矩阵全量读取"", ""input_layout_mode"": ""height_matrix"", ""input_semantics"": ""height_matrix"", ""sampled"": false, ""sample_method_key"": ""full"", ""extrema_preserved"": true, ""import_rows"": 100000, ""source_total_rows"": null, ""source_total_rows_estimated"": false, ""source_valid_rows"": 100000, ""source_valid_rows_estimated"": false, ""analysis_rows"": 0, ""final_effective_rows"": 0, ""source_matrix_positions"": 100000, ""original_valid_points"": 100000, ""analysis_points"": 100000, ""display_points"": 30000, ""display_limit"": 30000, ""large_file_mode"": ""标准"", ""sample_method"": ""文件位置均匀采样"", ""grid_count"": 0, ""stride_n"": 10, ""height_matrix"": true, ""source_format"": ""Keyence VR ImageDataCsv"", ""sampling_pitch_x_um"": 47.242, ""sampling_pitch_y_um"": 47.242, ""sampling_pitch_source"": ""用户手动"", ""detected_camera_res_um"": null, ""missing_points"": 0, ""bad_rows"": 0, ""z_source_field"": ""矩阵高度值"", ""z_source_unit"": ""µm"", ""header_source_line"": null, ""header_confidence"": ""generated"", ""header_source"": ""generated"", ""header_auto_mapping"": {}, ""header_unit_hints"": {}, ""sampling_downgraded"": false, ""sampling_downgrade_reason"": """", ""matrix_pitch_x_um"": 47.242, ""matrix_pitch_y_um"": 47.242, ""matrix_z_unit"": ""µm"", ""search_start_row"": 0, ""matrix_requested_cols"": 1000, ""matrix_requested_rows"": 100, ""input_encoding_override"": ""auto"", ""input_delimiter_override"": ""auto"", ""topology_method"": ""matrix8"", ""topology_fallback_reason"": """", ""notes"": ""Keyence VR ImageDataCsv 100×1000 | 有效 100,000 | 分析 100,000 | Pitch 47.242/47.242µm"", ""matrix_parse_passes"": 1, ""matrix_rows"": 100, ""matrix_cols"": 1000, ""declared_rows"": null, ""actual_rows"": 100, ""manual_expected_rows"": 100, ""row_count_mismatch"": false, ""matrix_data_start_row"": 6, ""matrix_header_rows_skipped"": 5, ""matrix_coordinate_header"": false, ""matrix_invalid_values"": [], ""matrix_metadata"": {""expected_rows"": null, ""expected_cols"": 1000, ""pitch_x_um"": 30.0, ""pitch_y_um"": 30.0, ""z_unit"": ""µm"", ""source_format"": ""Keyence VR ImageDataCsv"", ""invalid_values"": [], ""height_marker_line"": null, ""metadata"": {""Keyence"": ""VR"", ""X Pitch"": ""30"", ""Y Pitch"": ""30"", ""Rows"": ""100"", ""Columns"": ""1000""}, ""detected_fields"": [""Pitch X"", ""Pitch Y"", ""手动列数"", ""手动行数""]}, ""layout_candidate_count"": 1, ""matrix_analysis_threshold"": 400000}}",164.96,0,0,ok
keyence_mapping_initialization_no_analysis,100000,13.683,172.38,CPU,,165.04,7.34,0,ok
keyence_mapped_points,100000,0,172.36,CPU,rows=100000,172.36,0,0,ok
keyence_file_open,2000000,0.1405,156.66,CPU,,156.64,0.02,0,ok
keyence_raw_read_warm,2000000,13.584,156.69,CPU,22000056 bytes; warm OS cache,156.66,0.02,0,ok
keyence_read_table_full,2000000,1739.346,410.83,CPU,22000056 bytes; parser+DataFrame; excludes mapping/UI,156.66,254.17,0,ok
keyence_stage_text_format_signature,2000000,0.2171,264.66,CPU,inclusive nested stage; no separate peak sample,264.66,0,0,ok
keyence_stage_scan_height_matrix_metadata,2000000,3.5059,264.67,CPU,inclusive nested stage; no separate peak sample,264.67,0,0,ok
keyence_stage_detect_text_layout,2000000,40.7469,264.67,CPU,inclusive nested stage; no separate peak sample,264.67,0,0,ok
keyence_stage_prescan_height_matrix,2000000,1534.5796,264.67,CPU,inclusive nested stage; no separate peak sample,264.67,0,0,ok
keyence_stageDataFrame_constructor,2000000,27.6109,264.67,CPU,inclusive nested stage; no separate peak sample,264.67,0,0,ok
keyence_stage_height_matrix_dataframe,2000000,149.6607,264.67,CPU,inclusive nested stage; no separate peak sample,264.67,0,0,ok
keyence_stage_read_height_matrix_table,2000000,1685.3691,264.67,CPU,inclusive nested stage; no separate peak sample,264.67,0,0,ok
keyence_retained_frame,2000000,0,264.67,CPU,"{""rows"": 2000000, ""deep_bytes"": 112000132, ""info"": {""file_size_bytes"": 22000056, ""file_size_mb"": 20.98088836669922, ""source_path"": ""C:\\Users\\bingo\\Documents\\New project\\github-ui-audit\\audit-20260726-130647\\surface-rxy-zxy-analyzer\\benchmarks\\audit_outputs\\v470\\input_keyence_2000000.dat"", ""source_sha256"": """", ""strategy"": ""高度矩阵全量读取"", ""input_layout_mode"": ""height_matrix"", ""input_semantics"": ""height_matrix"", ""sampled"": false, ""sample_method_key"": ""full"", ""extrema_preserved"": true, ""import_rows"": 2000000, ""source_total_rows"": null, ""source_total_rows_estimated"": false, ""source_valid_rows"": 2000000, ""source_valid_rows_estimated"": false, ""analysis_rows"": 0, ""final_effective_rows"": 0, ""source_matrix_positions"": 2000000, ""original_valid_points"": 2000000, ""analysis_points"": 2000000, ""display_points"": 30000, ""display_limit"": 30000, ""large_file_mode"": ""标准"", ""sample_method"": ""文件位置均匀采样"", ""grid_count"": 0, ""stride_n"": 10, ""height_matrix"": true, ""source_format"": ""Keyence VR ImageDataCsv"", ""sampling_pitch_x_um"": 47.242, ""sampling_pitch_y_um"": 47.242, ""sampling_pitch_source"": ""用户手动"", ""detected_camera_res_um"": null, ""missing_points"": 0, ""bad_rows"": 0, ""z_source_field"": ""矩阵高度值"", ""z_source_unit"": ""µm"", ""header_source_line"": null, ""header_confidence"": ""generated"", ""header_source"": ""generated"", ""header_auto_mapping"": {}, ""header_unit_hints"": {}, ""sampling_downgraded"": false, ""sampling_downgrade_reason"": """", ""matrix_pitch_x_um"": 47.242, ""matrix_pitch_y_um"": 47.242, ""matrix_z_unit"": ""µm"", ""search_start_row"": 0, ""matrix_requested_cols"": 1000, ""matrix_requested_rows"": 2000, ""input_encoding_override"": ""auto"", ""input_delimiter_override"": ""auto"", ""topology_method"": ""matrix8"", ""topology_fallback_reason"": """", ""notes"": ""Keyence VR ImageDataCsv 2000×1000 | 有效 2,000,000 | 分析 2,000,000 | Pitch 47.242/47.242µm"", ""matrix_parse_passes"": 1, ""matrix_rows"": 2000, ""matrix_cols"": 1000, ""declared_rows"": null, ""actual_rows"": 2000, ""manual_expected_rows"": 2000, ""row_count_mismatch"": false, ""matrix_data_start_row"": 6, ""matrix_header_rows_skipped"": 5, ""matrix_coordinate_header"": false, ""matrix_invalid_values"": [], ""matrix_metadata"": {""expected_rows"": null, ""expected_cols"": 1000, ""pitch_x_um"": 30.0, ""pitch_y_um"": 30.0, ""z_unit"": ""µm"", ""source_format"": ""Keyence VR ImageDataCsv"", ""invalid_values"": [], ""height_marker_line"": null, ""metadata"": {""Keyence"": ""VR"", ""X Pitch"": ""30"", ""Y Pitch"": ""30"", ""Rows"": ""2000"", ""Columns"": ""1000""}, ""detected_fields"": [""Pitch X"", ""Pitch Y"", ""手动列数"", ""手动行数""]}, ""layout_candidate_count"": 1, ""matrix_analysis_threshold"": 400000}}",264.67,0,0,ok
keyence_mapping_initialization_no_analysis,2000000,133.6162,400.64,CPU,,264.76,135.88,0,ok
keyence_mapped_points,2000000,0,389.98,CPU,rows=2000000,389.98,0,0,ok
zygo_file_open,100000,0.2708,156.94,CPU,,156.92,0.02,0,ok
zygo_raw_read_warm,100000,4.4268,156.96,CPU,3579099 bytes; warm OS cache,156.93,0.02,0,ok
zygo_read_table_full,100000,377.3035,199.05,CPU,3579099 bytes; parser+DataFrame; excludes mapping/UI,156.94,42.11,0,ok
zygo_stage_text_format_signature,100000,0.1419,168.61,CPU,inclusive nested stage; no separate peak sample,168.61,0,0,ok
zygo_stageDataFrame_constructor,100000,48.5326,168.61,CPU,inclusive nested stage; no separate peak sample,168.61,0,0,ok
zygo_stage_read_zygo_xyz,100000,376.1766,168.61,CPU,inclusive nested stage; no separate peak sample,168.61,0,0,ok
zygo_retained_frame,100000,0,168.61,CPU,"{""rows"": 100000, ""deep_bytes"": 5600132, ""info"": {""file_size_bytes"": 3579099, ""file_size_mb"": 3.413294792175293, ""source_path"": ""C:\\Users\\bingo\\Documents\\New project\\github-ui-audit\\audit-20260726-130647\\surface-rxy-zxy-analyzer\\benchmarks\\audit_outputs\\v470\\input_zygo_100000.dat"", ""source_sha256"": """", ""strategy"": ""Zygo XYZ全量读取"", ""input_layout_mode"": ""zygo_xyz"", ""input_semantics"": ""pixel_xy"", ""sampled"": false, ""sample_method_key"": ""full"", ""extrema_preserved"": true, ""import_rows"": 100000, ""source_total_rows"": null, ""source_total_rows_estimated"": false, ""source_valid_rows"": 100000, ""source_valid_rows_estimated"": false, ""analysis_rows"": 0, ""final_effective_rows"": 0, ""source_matrix_positions"": 0, ""original_valid_points"": 0, ""analysis_points"": 0, ""display_points"": 0, ""display_limit"": 30000, ""large_file_mode"": ""标准"", ""sample_method"": ""文件位置均匀采样"", ""grid_count"": 0, ""stride_n"": 10, ""height_matrix"": false, ""source_format"": ""Zygo XYZ Data File - Format 1"", ""sampling_pitch_x_um"": 47.242, ""sampling_pitch_y_um"": 47.242, ""sampling_pitch_source"": ""用户手动"", ""detected_camera_res_um"": 30.0, ""missing_points"": 0, ""bad_rows"": 0, ""z_source_field"": ""Z height"", ""z_source_unit"": ""µm"", ""header_source_line"": null, ""header_confidence"": ""generated"", ""header_source"": ""generated"", ""header_auto_mapping"": {}, ""header_unit_hints"": {}, ""sampling_downgraded"": false, ""sampling_downgrade_reason"": """", ""matrix_pitch_x_um"": 47.242, ""matrix_pitch_y_um"": 47.242, ""matrix_z_unit"": ""µm"", ""search_start_row"": 0, ""matrix_requested_cols"": 0, ""matrix_requested_rows"": 0, ""input_encoding_override"": ""auto"", ""input_delimiter_override"": ""auto"", ""topology_method"": """", ""topology_fallback_reason"": """", ""notes"": ""Zygo 1000×100 | 有效 100,000 | 缺测 0 | 坏行 0 | Pitch 47.242/47.242µm（手动） | CameraRes 30µm/点 | Pitch偏差>1%"", ""source_record_rows"": 100000, ""valid_rows"": 100000, ""matrix_rows"": 100, ""matrix_cols"": 1000, ""phase_origin_x"": 0, ""phase_origin_y"": 0, ""metadata"": {""PhaseOriginX"": 0, ""PhaseOriginY"": 0, ""PhaseWidth"": 1000, ""PhaseHeight"": 100, ""CameraRes_m_per_point"": 3e-05, ""CameraRes_timestamp"": ""0""}}}",168.61,0,0,ok
zygo_mapping_initialization_no_analysis,100000,18.0858,175.07,CPU,,167.66,7.41,0,ok
zygo_mapped_points,100000,0,175.05,CPU,rows=100000,175.05,0,0,ok
zygo_file_open,2000000,0.163,156.72,CPU,,156.66,0.06,0,ok
zygo_raw_read_warm,2000000,35.3642,164.75,CPU,74670100 bytes; warm OS cache,156.72,8.03,0,ok
zygo_read_table_full,2000000,9658.8328,1023.12,CPU,74670100 bytes; parser+DataFrame; excludes mapping/UI,156.72,866.4,0,ok
zygo_stage_text_format_signature,2000000,0.2009,270.99,CPU,inclusive nested stage; no separate peak sample,270.99,0,0,ok
zygo_stageDataFrame_constructor,2000000,986.4966,270.99,CPU,inclusive nested stage; no separate peak sample,270.99,0,0,ok
zygo_stage_read_zygo_xyz,2000000,9657.2024,270.99,CPU,inclusive nested stage; no separate peak sample,270.99,0,0,ok
zygo_retained_frame,2000000,0,270.99,CPU,"{""rows"": 2000000, ""deep_bytes"": 112000132, ""info"": {""file_size_bytes"": 74670100, ""file_size_mb"": 71.21095657348633, ""source_path"": ""C:\\Users\\bingo\\Documents\\New project\\github-ui-audit\\audit-20260726-130647\\surface-rxy-zxy-analyzer\\benchmarks\\audit_outputs\\v470\\input_zygo_2000000.dat"", ""source_sha256"": """", ""strategy"": ""Zygo XYZ全量读取"", ""input_layout_mode"": ""zygo_xyz"", ""input_semantics"": ""pixel_xy"", ""sampled"": false, ""sample_method_key"": ""full"", ""extrema_preserved"": true, ""import_rows"": 2000000, ""source_total_rows"": null, ""source_total_rows_estimated"": false, ""source_valid_rows"": 2000000, ""source_valid_rows_estimated"": false, ""analysis_rows"": 0, ""final_effective_rows"": 0, ""source_matrix_positions"": 0, ""original_valid_points"": 0, ""analysis_points"": 0, ""display_points"": 0, ""display_limit"": 30000, ""large_file_mode"": ""标准"", ""sample_method"": ""文件位置均匀采样"", ""grid_count"": 0, ""stride_n"": 10, ""height_matrix"": false, ""source_format"": ""Zygo XYZ Data File - Format 1"", ""sampling_pitch_x_um"": 47.242, ""sampling_pitch_y_um"": 47.242, ""sampling_pitch_source"": ""用户手动"", ""detected_camera_res_um"": 30.0, ""missing_points"": 0, ""bad_rows"": 0, ""z_source_field"": ""Z height"", ""z_source_unit"": ""µm"", ""header_source_line"": null, ""header_confidence"": ""generated"", ""header_source"": ""generated"", ""header_auto_mapping"": {}, ""header_unit_hints"": {}, ""sampling_downgraded"": false, ""sampling_downgrade_reason"": """", ""matrix_pitch_x_um"": 47.242, ""matrix_pitch_y_um"": 47.242, ""matrix_z_unit"": ""µm"", ""search_start_row"": 0, ""matrix_requested_cols"": 0, ""matrix_requested_rows"": 0, ""input_encoding_override"": ""auto"", ""input_delimiter_override"": ""auto"", ""topology_method"": """", ""topology_fallback_reason"": """", ""notes"": ""Zygo 1000×2000 | 有效 2,000,000 | 缺测 0 | 坏行 0 | Pitch 47.242/47.242µm（手动） | CameraRes 30µm/点 | Pitch偏差>1%"", ""source_record_rows"": 2000000, ""valid_rows"": 2000000, ""matrix_rows"": 2000, ""matrix_cols"": 1000, ""phase_origin_x"": 0, ""phase_origin_y"": 0, ""metadata"": {""PhaseOriginX"": 0, ""PhaseOriginY"": 0, ""PhaseWidth"": 1000, ""PhaseHeight"": 2000, ""CameraRes_m_per_point"": 3e-05, ""CameraRes_timestamp"": ""0""}}}",270.99,0,0,ok
zygo_mapping_initialization_no_analysis,2000000,131.2613,422.93,CPU,,270.01,152.92,0,ok
zygo_mapped_points,2000000,0,394.74,CPU,rows=2000000,394.74,0,0,ok
pixel_file_open,100000,0.1325,157.41,CPU,,157.38,0.02,0,ok
pixel_raw_read_warm,100000,4.1442,157.42,CPU,3579006 bytes; warm OS cache,157.4,0.02,0,ok
pixel_read_table_full,100000,54.4321,174.5,CPU,3579006 bytes; parser+DataFrame; excludes mapping/UI,157.4,17.11,0,ok
pixel_stage_text_format_signature,100000,0.1688,162.87,CPU,inclusive nested stage; no separate peak sample,162.87,0,0,ok
pixel_stage_detect_text_layout,100000,9.5919,162.87,CPU,inclusive nested stage; no separate peak sample,162.87,0,0,ok
pixel_stage_extract_text_preamble_metadata,100000,0.1562,162.87,CPU,inclusive nested stage; no separate peak sample,162.87,0,0,ok
pixel_stageDataFrame_constructor,100000,0.3415,162.87,CPU,inclusive nested stage; no separate peak sample,162.87,0,0,ok
pixel_stage_read_full_delimited_text,100000,43.0585,162.87,CPU,inclusive nested stage; no separate peak sample,162.87,0,0,ok
pixel_retained_frame,100000,0,162.87,CPU,"{""rows"": 100000, ""deep_bytes"": 17979132, ""info"": {""file_size_bytes"": 3579006, ""file_size_mb"": 3.413206100463867, ""source_path"": ""C:\\Users\\bingo\\Documents\\New project\\github-ui-audit\\audit-20260726-130647\\surface-rxy-zxy-analyzer\\benchmarks\\audit_outputs\\v470\\input_pixel_100000.dat"", ""source_sha256"": """", ""strategy"": ""文本全量读取"", ""input_layout_mode"": ""pixel_xy"", ""input_semantics"": ""pixel_xy"", ""sampled"": false, ""sample_method_key"": ""full"", ""extrema_preserved"": true, ""import_rows"": 100000, ""source_total_rows"": 100000, ""source_total_rows_estimated"": false, ""source_valid_rows"": null, ""source_valid_rows_estimated"": false, ""analysis_rows"": 0, ""final_effective_rows"": 0, ""source_matrix_positions"": 0, ""original_valid_points"": 0, ""analysis_points"": 0, ""display_points"": 0, ""display_limit"": 30000, ""large_file_mode"": ""标准"", ""sample_method"": ""文件位置均匀采样"", ""grid_count"": 0, ""stride_n"": 10, ""height_matrix"": false, ""source_format"": ""通用文本Pixel XY点表"", ""sampling_pitch_x_um"": 47.242, ""sampling_pitch_y_um"": 47.242, ""sampling_pitch_source"": ""--"", ""detected_camera_res_um"": null, ""missing_points"": 0, ""bad_rows"": 0, ""z_source_field"": """", ""z_source_unit"": """", ""header_source_line"": 1, ""header_confidence"": ""semantic"", ""header_source"": ""text"", ""header_auto_mapping"": {""x"": 0, ""y"": 1, ""z"": 2}, ""header_unit_hints"": {}, ""sampling_downgraded"": false, ""sampling_downgrade_reason"": """", ""matrix_pitch_x_um"": 47.242, ""matrix_pitch_y_um"": 47.242, ""matrix_z_unit"": ""µm"", ""search_start_row"": 0, ""matrix_requested_cols"": 0, ""matrix_requested_rows"": 0, ""input_encoding_override"": ""auto"", ""input_delimiter_override"": ""auto"", ""topology_method"": """", ""topology_fallback_reason"": """", ""notes"": ""编码 utf-8-sig"", ""parser_engine"": ""pandas_c"", ""metadata"": {}, ""preamble_rows_skipped"": 1}}",162.87,0,0,ok
pixel_mapping_initialization_no_analysis,100000,69.3102,169.26,CPU,,162.92,6.34,0,ok
pixel_mapped_points,100000,0,169.23,CPU,rows=100000,169.23,0,0,ok
pixel_file_open,2000000,0.2226,156.97,CPU,,156.91,0.06,0,ok
pixel_raw_read_warm,2000000,35.6984,157.36,CPU,74670006 bytes; warm OS cache,156.97,0.39,0,ok
pixel_read_table_full,2000000,725.7722,254.22,CPU,74670006 bytes; parser+DataFrame; excludes mapping/UI,156.97,97.25,0,ok
pixel_stage_text_format_signature,2000000,0.1324,226.74,CPU,inclusive nested stage; no separate peak sample,226.74,0,0,ok
pixel_stage_detect_text_layout,2000000,9.1181,226.74,CPU,inclusive nested stage; no separate peak sample,226.74,0,0,ok
pixel_stage_extract_text_preamble_metadata,2000000,0.2057,226.74,CPU,inclusive nested stage; no separate peak sample,226.74,0,0,ok
pixel_stageDataFrame_constructor,2000000,0.4407,226.74,CPU,inclusive nested stage; no separate peak sample,226.74,0,0,ok
pixel_stage_read_full_delimited_text,2000000,715.225,226.74,CPU,inclusive nested stage; no separate peak sample,226.74,0,0,ok
pixel_retained_frame,2000000,0,226.74,CPU,"{""rows"": 2000000, ""deep_bytes"": 362670132, ""info"": {""file_size_bytes"": 74670006, ""file_size_mb"": 71.21086692810059, ""source_path"": ""C:\\Users\\bingo\\Documents\\New project\\github-ui-audit\\audit-20260726-130647\\surface-rxy-zxy-analyzer\\benchmarks\\audit_outputs\\v470\\input_pixel_2000000.dat"", ""source_sha256"": """", ""strategy"": ""文本全量读取"", ""input_layout_mode"": ""pixel_xy"", ""input_semantics"": ""pixel_xy"", ""sampled"": false, ""sample_method_key"": ""full"", ""extrema_preserved"": true, ""import_rows"": 2000000, ""source_total_rows"": 2000000, ""source_total_rows_estimated"": false, ""source_valid_rows"": null, ""source_valid_rows_estimated"": false, ""analysis_rows"": 0, ""final_effective_rows"": 0, ""source_matrix_positions"": 0, ""original_valid_points"": 0, ""analysis_points"": 0, ""display_points"": 0, ""display_limit"": 30000, ""large_file_mode"": ""标准"", ""sample_method"": ""文件位置均匀采样"", ""grid_count"": 0, ""stride_n"": 10, ""height_matrix"": false, ""source_format"": ""通用文本Pixel XY点表"", ""sampling_pitch_x_um"": 47.242, ""sampling_pitch_y_um"": 47.242, ""sampling_pitch_source"": ""--"", ""detected_camera_res_um"": null, ""missing_points"": 0, ""bad_rows"": 0, ""z_source_field"": """", ""z_source_unit"": """", ""header_source_line"": 1, ""header_confidence"": ""semantic"", ""header_source"": ""text"", ""header_auto_mapping"": {""x"": 0, ""y"": 1, ""z"": 2}, ""header_unit_hints"": {}, ""sampling_downgraded"": false, ""sampling_downgrade_reason"": """", ""matrix_pitch_x_um"": 47.242, ""matrix_pitch_y_um"": 47.242, ""matrix_z_unit"": ""µm"", ""search_start_row"": 0, ""matrix_requested_cols"": 0, ""matrix_requested_rows"": 0, ""input_encoding_override"": ""auto"", ""input_delimiter_override"": ""auto"", ""topology_method"": """", ""topology_fallback_reason"": """", ""notes"": ""编码 utf-8-sig"", ""parser_engine"": ""pandas_c"", ""metadata"": {}, ""preamble_rows_skipped"": 1}}",226.74,0,0,ok
pixel_mapping_initialization_no_analysis,2000000,1381.0462,501.08,CPU,,226.79,274.3,0,ok
pixel_mapped_points,2000000,0,351.06,CPU,rows=2000000,351.06,0,0,ok
matrix_topology,100000,54.2783,144.73,CPU,,130.07,14.66,0,ok
matrix_topology_metadata,100000,0,133.02,CPU,"{""method"": ""matrix8"", ""topology"": ""\u77e9\u96358\u90bb\u57df\uff08\u9690\u5f0f\u62d3\u6251\uff09"", ""local_spacing_mm"": 0.030000000000001137, ""fallback_reason"": """", ""health"": {""point_count"": 100000, ""edge_count"": 396702, ""isolated_ratio"": 0.0, ""median_degree"": 8.0, ""largest_component_ratio"": 1.0}}",133.02,0,0,ok
matrix_plane_residual,100000,5.1839,135.8,CPU,,133.03,2.77,0,ok
matrix_plane_residual_stats,100000,0,135.77,CPU,"{""points"": 100000, ""fast_accept"": 0, ""fast_reject"": 0, ""slow_path"": 100000, ""local_plane_fits"": 1, ""processed"": 100000, ""mode"": ""plane_residual"", ""sensitivity"": ""standard"", ""seed_degree"": 5, ""algorithm"": ""matrix8_component""}",135.77,0,0,ok
matrix_surface_following,100000,2331.772,138.57,CPU,,135.77,2.8,0,ok
matrix_surface_following_stats,100000,0,138.55,CPU,"{""points"": 100000, ""fast_accept"": 99999, ""fast_reject"": 0, ""slow_path"": 0, ""local_plane_fits"": 9955, ""processed"": 100000, ""mode"": ""surface_following"", ""sensitivity"": ""standard"", ""seed_degree"": 5, ""effective_tolerance_mm"": 0.005, ""fast_threshold_mm"": 0.0016, ""reject_threshold_mm"": 0.0055000000000000005, ""normal_limit_deg"": 12.0, ""refresh_hops"": 10, ""edge_factor"": 2.2, ""selected"": 100000, ""fast_accept_ratio"": 1.0}",138.55,0,0,ok
