X_mm,Y_mm,Z_mm,Layer,_matrix_row,_matrix_col
0.0,0.0,0.18,lower,0,0
0.08,0.0,0.1800024,lower,0,1
0.16,0.0,0.1800048,lower,0,2
0.24,0.0,0.1800072,lower,0,3
0.32,0.0,0.1800096,lower,0,4
0.4,0.0,0.180012,lower,0,5
0.48,0.0,0.1800144,lower,0,6
0.56,0.0,0.1800168,lower,0,7
0.64,0.0,0.1800192,lower,0,8
0.72,0.0,0.1800216,lower,0,9
0.8,0.0,0.180024,lower,0,10
0.88,0.0,0.1800264,lower,0,11
0.96,0.0,0.1800288,lower,0,12
1.04,0.0,0.1800312,lower,0,13
1.12,0.0,0.1800336,lower,0,14
1.2,0.0,0.180036,lower,0,15
1.28,0.0,0.1800384,lower,0,16
1.36,0.0,0.1800408,lower,0,17
1.44,0.0,0.1800432,lower,0,18
1.52,0.0,0.1800456,lower,0,19
1.6,0.0,0.18004799999999999,lower,0,20
1.68,0.0,0.1800504,lower,0,21
1.76,0.0,0.18005279999999999,lower,0,22
1.84,0.0,0.1800552,lower,0,23
1.92,0.0,0.18005759999999998,lower,0,24
2.0,0.0,0.18006,lower,0,25
2.08,0.0,0.18006239999999998,lower,0,26
2.16,0.0,0.1800648,lower,0,27
2.24,0.0,0.18006719999999998,lower,0,28
2.32,0.0,0.1800696,lower,0,29
2.4,0.0,0.18007199999999998,lower,0,30
2.48,0.0,0.1800744,lower,0,31
2.56,0.0,0.18007679999999998,lower,0,32
2.64,0.0,0.1800792,lower,0,33
2.72,0.0,0.18008159999999998,lower,0,34
2.8000000000000003,0.0,0.180084,lower,0,35
2.88,0.0,0.18008639999999998,lower,0,36
2.96,0.0,0.1800888,lower,0,37
3.04,0.0,0.1800912,lower,0,38
3.12,0.0,0.1800936,lower,0,39
3.2,0.0,0.180096,lower,0,40
3.2800000000000002,0.0,0.1800984,lower,0,41
3.36,0.0,0.1801008,lower,0,42
3.44,0.0,0.1801032,lower,0,43
3.52,0.0,0.1801056,lower,0,44
3.6,0.0,0.180108,lower,0,45
3.68,0.0,0.1801104,lower,0,46
3.7600000000000002,0.0,0.1801128,lower,0,47
3.84,0.0,0.1801152,lower,0,48
3.92,0.0,0.1801176,lower,0,49
4.0,0.0,0.18012,lower,0,50
4.08,0.0,0.1801224,lower,0,51
4.16,0.0,0.1801248,lower,0,52
4.24,0.0,0.1801272,lower,0,53
4.32,0.0,0.1801296,lower,0,54
4.4,0.0,0.180132,lower,0,55
4.48,0.0,0.1801344,lower,0,56
4.5600000000000005,0.0,0.18013679999999999,lower,0,57
4.64,0.0,0.1801392,lower,0,58
4.72,0.0,0.18014159999999999,lower,0,59
4.8,0.0,0.180144,lower,0,60
4.88,0.0,0.18014639999999998,lower,0,61
4.96,0.0,0.1801488,lower,0,62
5.04,0.0,0.18015119999999998,lower,0,63
5.12,0.0,0.1801536,lower,0,64
5.2,0.0,0.18015599999999998,lower,0,65
5.28,0.0,0.1801584,lower,0,66
5.36,0.0,0.18016079999999998,lower,0,67
5.44,0.0,0.1801632,lower,0,68
5.5200000000000005,0.0,0.18016559999999998,lower,0,69
5.6000000000000005,0.0,0.180168,lower,0,70
5.68,0.0,0.18017039999999998,lower,0,71
5.76,0.0,0.1801728,lower,0,72
5.84,0.0,0.18017519999999998,lower,0,73
5.92,0.0,0.1801776,lower,0,74
6.0,0.0,0.18018,lower,0,75
6.08,0.0,0.1801824,lower,0,76
6.16,0.0,0.1801848,lower,0,77
6.24,0.0,0.1801872,lower,0,78
6.32,0.0,0.1801896,lower,0,79
0.0,0.09,0.1799982,lower,1,0
0.08,0.09,0.1800006,lower,1,1
0.16,0.09,0.180003,lower,1,2
0.24,0.09,0.1800054,lower,1,3
0.32,0.09,0.1800078,lower,1,4
0.4,0.09,0.1800102,lower,1,5
0.48,0.09,0.1800126,lower,1,6
0.56,0.09,0.180015,lower,1,7
0.64,0.09,0.1800174,lower,1,8
0.72,0.09,0.1800198,lower,1,9
0.8,0.09,0.1800222,lower,1,10
0.88,0.09,0.1800246,lower,1,11
0.96,0.09,0.180027,lower,1,12
1.04,0.09,0.1800294,lower,1,13
1.12,0.09,0.1800318,lower,1,14
1.2,0.09,0.1800342,lower,1,15
1.28,0.09,0.1800366,lower,1,16
1.36,0.09,0.180039,lower,1,17
1.44,0.09,0.1800414,lower,1,18
1.52,0.09,0.1800438,lower,1,19
1.6,0.09,0.1800462,lower,1,20
1.68,0.09,0.1800486,lower,1,21
1.76,0.09,0.180051,lower,1,22
1.84,0.09,0.1800534,lower,1,23
1.92,0.09,0.1800558,lower,1,24
2.0,0.09,0.1800582,lower,1,25
2.08,0.09,0.1800606,lower,1,26
2.16,0.09,0.180063,lower,1,27
2.24,0.09,0.1800654,lower,1,28
2.32,0.09,0.1800678,lower,1,29
2.4,0.09,0.18007019999999999,lower,1,30
2.48,0.09,0.1800726,lower,1,31
2.56,0.09,0.18007499999999999,lower,1,32
2.64,0.09,0.1800774,lower,1,33
2.72,0.09,0.18007979999999998,lower,1,34
2.8000000000000003,0.09,0.1800822,lower,1,35
2.88,0.09,0.18008459999999998,lower,1,36
2.96,0.09,0.180087,lower,1,37
3.04,0.09,0.1800894,lower,1,38
3.12,0.09,0.1800918,lower,1,39
3.2,0.09,0.1800942,lower,1,40
3.2800000000000002,0.09,0.1800966,lower,1,41
3.36,0.09,0.180099,lower,1,42
3.44,0.09,0.1801014,lower,1,43
3.52,0.09,0.1801038,lower,1,44
3.6,0.09,0.1801062,lower,1,45
3.68,0.09,0.1801086,lower,1,46
3.7600000000000002,0.09,0.180111,lower,1,47
3.84,0.09,0.1801134,lower,1,48
3.92,0.09,0.1801158,lower,1,49
4.0,0.09,0.1801182,lower,1,50
4.08,0.09,0.1801206,lower,1,51
4.16,0.09,0.180123,lower,1,52
4.24,0.09,0.1801254,lower,1,53
4.32,0.09,0.1801278,lower,1,54
4.4,0.09,0.1801302,lower,1,55
4.48,0.09,0.1801326,lower,1,56
4.5600000000000005,0.09,0.180135,lower,1,57
4.64,0.09,0.1801374,lower,1,58
4.72,0.09,0.1801398,lower,1,59
4.8,0.09,0.1801422,lower,1,60
4.88,0.09,0.1801446,lower,1,61
4.96,0.09,0.180147,lower,1,62
5.04,0.09,0.1801494,lower,1,63
5.12,0.09,0.1801518,lower,1,64
5.2,0.09,0.1801542,lower,1,65
5.28,0.09,0.1801566,lower,1,66
5.36,0.09,0.18015899999999999,lower,1,67
5.44,0.09,0.1801614,lower,1,68
5.5200000000000005,0.09,0.18016379999999999,lower,1,69
5.6000000000000005,0.09,0.1801662,lower,1,70
5.68,0.09,0.18016859999999998,lower,1,71
5.76,0.09,0.180171,lower,1,72
5.84,0.09,0.18017339999999998,lower,1,73
5.92,0.09,0.1801758,lower,1,74
6.0,0.09,0.1801782,lower,1,75
6.08,0.09,0.1801806,lower,1,76
6.16,0.09,0.180183,lower,1,77
6.24,0.09,0.1801854,lower,1,78
6.32,0.09,0.1801878,lower,1,79
0.0,0.18,0.1799964,lower,2,0
0.08,0.18,0.17999880000000001,lower,2,1
0.16,0.18,0.1800012,lower,2,2
0.24,0.18,0.1800036,lower,2,3
0.32,0.18,0.180006,lower,2,4
0.4,0.18,0.1800084,lower,2,5
0.48,0.18,0.1800108,lower,2,6
0.56,0.18,0.1800132,lower,2,7
0.64,0.18,0.1800156,lower,2,8
0.72,0.18,0.180018,lower,2,9
0.8,0.18,0.1800204,lower,2,10
0.88,0.18,0.1800228,lower,2,11
0.96,0.18,0.1800252,lower,2,12
1.04,0.18,0.1800276,lower,2,13
1.12,0.18,0.18003,lower,2,14
1.2,0.18,0.1800324,lower,2,15
1.28,0.18,0.1800348,lower,2,16
1.36,0.18,0.1800372,lower,2,17
1.44,0.18,0.1800396,lower,2,18
1.52,0.18,0.180042,lower,2,19
1.6,0.18,0.1800444,lower,2,20
1.68,0.18,0.1800468,lower,2,21
1.76,0.18,0.1800492,lower,2,22
1.84,0.18,0.1800516,lower,2,23
1.92,0.18,0.180054,lower,2,24
2.0,0.18,0.1800564,lower,2,25
2.08,0.18,0.1800588,lower,2,26
2.16,0.18,0.1800612,lower,2,27
2.24,0.18,0.1800636,lower,2,28
2.32,0.18,0.180066,lower,2,29
2.4,0.18,0.1800684,lower,2,30
2.48,0.18,0.1800708,lower,2,31
2.56,0.18,0.1800732,lower,2,32
2.64,0.18,0.1800756,lower,2,33
2.72,0.18,0.180078,lower,2,34
2.8000000000000003,0.18,0.1800804,lower,2,35
2.88,0.18,0.1800828,lower,2,36
2.96,0.18,0.1800852,lower,2,37
3.04,0.18,0.18008760000000001,lower,2,38
3.12,0.18,0.18009,lower,2,39
3.2,0.18,0.1800924,lower,2,40
3.2800000000000002,0.18,0.1800948,lower,2,41
3.36,0.18,0.1800972,lower,2,42
3.44,0.18,0.1800996,lower,2,43
3.52,0.18,0.180102,lower,2,44
3.6,0.18,0.1801044,lower,2,45
3.68,0.18,0.1801068,lower,2,46
3.7600000000000002,0.18,0.1801092,lower,2,47
3.84,0.18,0.1801116,lower,2,48
3.92,0.18,0.180114,lower,2,49
4.0,0.18,0.1801164,lower,2,50
4.08,0.18,0.1801188,lower,2,51
4.16,0.18,0.1801212,lower,2,52
4.24,0.18,0.1801236,lower,2,53
4.32,0.18,0.180126,lower,2,54
4.4,0.18,0.1801284,lower,2,55
4.48,0.18,0.1801308,lower,2,56
4.5600000000000005,0.18,0.1801332,lower,2,57
4.64,0.18,0.1801356,lower,2,58
4.72,0.18,0.180138,lower,2,59
4.8,0.18,0.1801404,lower,2,60
4.88,0.18,0.1801428,lower,2,61
4.96,0.18,0.1801452,lower,2,62
5.04,0.18,0.1801476,lower,2,63
5.12,0.18,0.18015,lower,2,64
5.2,0.18,0.1801524,lower,2,65
5.28,0.18,0.1801548,lower,2,66
5.36,0.18,0.1801572,lower,2,67
5.44,0.18,0.1801596,lower,2,68
5.5200000000000005,0.18,0.180162,lower,2,69
5.6000000000000005,0.18,0.1801644,lower,2,70
5.68,0.18,0.1801668,lower,2,71
5.76,0.18,0.1801692,lower,2,72
5.84,0.18,0.1801716,lower,2,73
5.92,0.18,0.180174,lower,2,74
6.0,0.18,0.18017640000000001,lower,2,75
6.08,0.18,0.1801788,lower,2,76
6.16,0.18,0.1801812,lower,2,77
6.24,0.18,0.1801836,lower,2,78
6.32,0.18,0.180186,lower,2,79
0.0,0.27,0.1799946,lower,3,0
0.08,0.27,0.17999700000000002,lower,3,1
0.16,0.27,0.1799994,lower,3,2
0.24,0.27,0.18000180000000002,lower,3,3
0.32,0.27,0.1800042,lower,3,4
0.4,0.27,0.18000660000000002,lower,3,5
0.48,0.27,0.180009,lower,3,6
0.56,0.27,0.18001140000000002,lower,3,7
0.64,0.27,0.1800138,lower,3,8
0.72,0.27,0.18001620000000002,lower,3,9
0.8,0.27,0.1800186,lower,3,10
0.88,0.27,0.18002100000000001,lower,3,11
0.96,0.27,0.1800234,lower,3,12
1.04,0.27,0.1800258,lower,3,13
1.12,0.27,0.1800282,lower,3,14
1.2,0.27,0.1800306,lower,3,15
1.28,0.27,0.180033,lower,3,16
1.36,0.27,0.1800354,lower,3,17
1.44,0.27,0.1800378,lower,3,18
1.52,0.27,0.1800402,lower,3,19
1.6,0.27,0.1800426,lower,3,20
1.68,0.27,0.180045,lower,3,21
1.76,0.27,0.1800474,lower,3,22
1.84,0.27,0.1800498,lower,3,23
1.92,0.27,0.1800522,lower,3,24
2.0,0.27,0.1800546,lower,3,25
2.08,0.27,0.180057,lower,3,26
2.16,0.27,0.1800594,lower,3,27
2.24,0.27,0.1800618,lower,3,28
2.32,0.27,0.1800642,lower,3,29
2.4,0.27,0.1800666,lower,3,30
2.48,0.27,0.180069,lower,3,31
2.56,0.27,0.1800714,lower,3,32
2.64,0.27,0.1800738,lower,3,33
2.72,0.27,0.1800762,lower,3,34
2.8000000000000003,0.27,0.1800786,lower,3,35
2.88,0.27,0.180081,lower,3,36
2.96,0.27,0.1800834,lower,3,37
3.04,0.27,0.18008580000000002,lower,3,38
3.12,0.27,0.1800882,lower,3,39
3.2,0.27,0.18009060000000002,lower,3,40
3.2800000000000002,0.27,0.180093,lower,3,41
3.36,0.27,0.18009540000000002,lower,3,42
3.44,0.27,0.1800978,lower,3,43
3.52,0.27,0.18010020000000002,lower,3,44
3.6,0.27,0.1801026,lower,3,45
3.68,0.27,0.18010500000000002,lower,3,46
3.7600000000000002,0.27,0.1801074,lower,3,47
3.84,0.27,0.18010980000000001,lower,3,48
3.92,0.27,0.1801122,lower,3,49
4.0,0.27,0.1801146,lower,3,50
4.08,0.27,0.180117,lower,3,51
4.16,0.27,0.1801194,lower,3,52
4.24,0.27,0.1801218,lower,3,53
4.32,0.27,0.1801242,lower,3,54
4.4,0.27,0.1801266,lower,3,55
4.48,0.27,0.180129,lower,3,56
4.5600000000000005,0.27,0.1801314,lower,3,57
4.64,0.27,0.1801338,lower,3,58
4.72,0.27,0.1801362,lower,3,59
4.8,0.27,0.1801386,lower,3,60
4.88,0.27,0.180141,lower,3,61
4.96,0.27,0.1801434,lower,3,62
5.04,0.27,0.1801458,lower,3,63
5.12,0.27,0.1801482,lower,3,64
5.2,0.27,0.1801506,lower,3,65
5.28,0.27,0.180153,lower,3,66
5.36,0.27,0.1801554,lower,3,67
5.44,0.27,0.1801578,lower,3,68
5.5200000000000005,0.27,0.1801602,lower,3,69
5.6000000000000005,0.27,0.1801626,lower,3,70
5.68,0.27,0.180165,lower,3,71
5.76,0.27,0.1801674,lower,3,72
5.84,0.27,0.1801698,lower,3,73
5.92,0.27,0.1801722,lower,3,74
6.0,0.27,0.18017460000000002,lower,3,75
6.08,0.27,0.180177,lower,3,76
6.16,0.27,0.18017940000000002,lower,3,77
6.24,0.27,0.1801818,lower,3,78
6.32,0.27,0.18018420000000002,lower,3,79
0.0,0.36,0.17999279999999998,lower,4,0
0.08,0.36,0.1799952,lower,4,1
0.16,0.36,0.17999759999999998,lower,4,2
0.24,0.36,0.18,lower,4,3
0.32,0.36,0.18000239999999998,lower,4,4
0.4,0.36,0.1800048,lower,4,5
0.48,0.36,0.18000719999999998,lower,4,6
0.56,0.36,0.1800096,lower,4,7
0.64,0.36,0.18001199999999998,lower,4,8
0.72,0.36,0.1800144,lower,4,9
0.8,0.36,0.18001679999999998,lower,4,10
0.88,0.36,0.1800192,lower,4,11
0.96,0.36,0.18002159999999998,lower,4,12
1.04,0.36,0.180024,lower,4,13
1.12,0.36,0.18002639999999998,lower,4,14
1.2,0.36,0.1800288,lower,4,15
1.28,0.36,0.18003119999999997,lower,4,16
1.36,0.36,0.1800336,lower,4,17
1.44,0.36,0.18003599999999997,lower,4,18
1.52,0.36,0.1800384,lower,4,19
1.6,0.36,0.18004079999999997,lower,4,20
1.68,0.36,0.1800432,lower,4,21
1.76,0.36,0.18004559999999997,lower,4,22
1.84,0.36,0.18004799999999999,lower,4,23
1.92,0.36,0.18005039999999997,lower,4,24
2.0,0.36,0.18005279999999999,lower,4,25
2.08,0.36,0.18005519999999997,lower,4,26
2.16,0.36,0.18005759999999998,lower,4,27
2.24,0.36,0.18005999999999997,lower,4,28
2.32,0.36,0.18006239999999998,lower,4,29
2.4,0.36,0.18006479999999997,lower,4,30
2.48,0.36,0.18006719999999998,lower,4,31
2.56,0.36,0.18006959999999997,lower,4,32
2.64,0.36,0.18007199999999998,lower,4,33
2.72,0.36,0.18007439999999997,lower,4,34
2.8000000000000003,0.36,0.18007679999999998,lower,4,35
2.88,0.36,0.18007919999999997,lower,4,36
2.96,0.36,0.18008159999999998,lower,4,37
3.04,0.36,0.180084,lower,4,38
3.12,0.36,0.18008639999999998,lower,4,39
3.2,0.36,0.1800888,lower,4,40
3.2800000000000002,0.36,0.18009119999999998,lower,4,41
3.36,0.36,0.1800936,lower,4,42
3.44,0.36,0.18009599999999998,lower,4,43
3.52,0.36,0.1800984,lower,4,44
3.6,0.36,0.18010079999999998,lower,4,45
3.68,0.36,0.1801032,lower,4,46
3.7600000000000002,0.36,0.18010559999999998,lower,4,47
3.84,0.36,0.180108,lower,4,48
3.92,0.36,0.18011039999999998,lower,4,49
4.0,0.36,0.1801128,lower,4,50
4.08,0.36,0.18011519999999998,lower,4,51
4.16,0.36,0.1801176,lower,4,52
4.24,0.36,0.18011999999999997,lower,4,53
4.32,0.36,0.1801224,lower,4,54
4.4,0.36,0.18012479999999997,lower,4,55
4.48,0.36,0.1801272,lower,4,56
4.5600000000000005,0.36,0.18012959999999997,lower,4,57
4.64,0.36,0.180132,lower,4,58
4.72,0.36,0.18013439999999997,lower,4,59
4.8,0.36,0.18013679999999999,lower,4,60
4.88,0.36,0.18013919999999997,lower,4,61
4.96,0.36,0.18014159999999999,lower,4,62
5.04,0.36,0.18014399999999997,lower,4,63
5.12,0.36,0.18014639999999998,lower,4,64
5.2,0.36,0.18014879999999997,lower,4,65
5.28,0.36,0.18015119999999998,lower,4,66
5.36,0.36,0.18015359999999997,lower,4,67
5.44,0.36,0.18015599999999998,lower,4,68
5.5200000000000005,0.36,0.18015839999999997,lower,4,69
5.6000000000000005,0.36,0.18016079999999998,lower,4,70
5.68,0.36,0.18016319999999997,lower,4,71
5.76,0.36,0.18016559999999998,lower,4,72
5.84,0.36,0.18016799999999997,lower,4,73
5.92,0.36,0.18017039999999998,lower,4,74
6.0,0.36,0.1801728,lower,4,75
6.08,0.36,0.18017519999999998,lower,4,76
6.16,0.36,0.1801776,lower,4,77
6.24,0.36,0.18017999999999998,lower,4,78
6.32,0.36,0.1801824,lower,4,79
0.0,0.44999999999999996,0.17999099999999998,lower,5,0
0.08,0.44999999999999996,0.1799934,lower,5,1
0.16,0.44999999999999996,0.17999579999999998,lower,5,2
0.24,0.44999999999999996,0.1799982,lower,5,3
0.32,0.44999999999999996,0.18000059999999998,lower,5,4
0.4,0.44999999999999996,0.180003,lower,5,5
0.48,0.44999999999999996,0.18000539999999998,lower,5,6
0.56,0.44999999999999996,0.1800078,lower,5,7
0.64,0.44999999999999996,0.18001019999999998,lower,5,8
0.72,0.44999999999999996,0.1800126,lower,5,9
0.8,0.44999999999999996,0.18001499999999998,lower,5,10
0.88,0.44999999999999996,0.1800174,lower,5,11
0.96,0.44999999999999996,0.18001979999999998,lower,5,12
1.04,0.44999999999999996,0.1800222,lower,5,13
1.12,0.44999999999999996,0.18002459999999998,lower,5,14
1.2,0.44999999999999996,0.180027,lower,5,15
1.28,0.44999999999999996,0.18002939999999998,lower,5,16
1.36,0.44999999999999996,0.1800318,lower,5,17
1.44,0.44999999999999996,0.18003419999999998,lower,5,18
1.52,0.44999999999999996,0.1800366,lower,5,19
1.6,0.44999999999999996,0.18003899999999998,lower,5,20
1.68,0.44999999999999996,0.1800414,lower,5,21
1.76,0.44999999999999996,0.18004379999999998,lower,5,22
1.84,0.44999999999999996,0.1800462,lower,5,23
1.92,0.44999999999999996,0.18004859999999998,lower,5,24
2.0,0.44999999999999996,0.180051,lower,5,25
2.08,0.44999999999999996,0.18005339999999997,lower,5,26
2.16,0.44999999999999996,0.1800558,lower,5,27
2.24,0.44999999999999996,0.18005819999999997,lower,5,28
2.32,0.44999999999999996,0.1800606,lower,5,29
2.4,0.44999999999999996,0.18006299999999997,lower,5,30
2.48,0.44999999999999996,0.1800654,lower,5,31
2.56,0.44999999999999996,0.18006779999999997,lower,5,32
2.64,0.44999999999999996,0.18007019999999999,lower,5,33
2.72,0.44999999999999996,0.18007259999999997,lower,5,34
2.8000000000000003,0.44999999999999996,0.18007499999999999,lower,5,35
2.88,0.44999999999999996,0.18007739999999997,lower,5,36
2.96,0.44999999999999996,0.18007979999999998,lower,5,37
3.04,0.44999999999999996,0.1800822,lower,5,38
3.12,0.44999999999999996,0.18008459999999998,lower,5,39
3.2,0.44999999999999996,0.180087,lower,5,40
3.2800000000000002,0.44999999999999996,0.18008939999999998,lower,5,41
3.36,0.44999999999999996,0.1800918,lower,5,42
3.44,0.44999999999999996,0.18009419999999998,lower,5,43
3.52,0.44999999999999996,0.1800966,lower,5,44
3.6,0.44999999999999996,0.18009899999999998,lower,5,45
3.68,0.44999999999999996,0.1801014,lower,5,46
3.7600000000000002,0.44999999999999996,0.18010379999999998,lower,5,47
3.84,0.44999999999999996,0.1801062,lower,5,48
3.92,0.44999999999999996,0.18010859999999998,lower,5,49
4.0,0.44999999999999996,0.180111,lower,5,50
4.08,0.44999999999999996,0.18011339999999998,lower,5,51
4.16,0.44999999999999996,0.1801158,lower,5,52
4.24,0.44999999999999996,0.18011819999999998,lower,5,53
4.32,0.44999999999999996,0.1801206,lower,5,54
4.4,0.44999999999999996,0.18012299999999998,lower,5,55
4.48,0.44999999999999996,0.1801254,lower,5,56
4.5600000000000005,0.44999999999999996,0.18012779999999998,lower,5,57
4.64,0.44999999999999996,0.1801302,lower,5,58
4.72,0.44999999999999996,0.18013259999999998,lower,5,59
4.8,0.44999999999999996,0.180135,lower,5,60
4.88,0.44999999999999996,0.18013739999999998,lower,5,61
4.96,0.44999999999999996,0.1801398,lower,5,62
5.04,0.44999999999999996,0.18014219999999997,lower,5,63
5.12,0.44999999999999996,0.1801446,lower,5,64
5.2,0.44999999999999996,0.18014699999999997,lower,5,65
5.28,0.44999999999999996,0.1801494,lower,5,66
5.36,0.44999999999999996,0.18015179999999997,lower,5,67
5.44,0.44999999999999996,0.1801542,lower,5,68
5.5200000000000005,0.44999999999999996,0.18015659999999997,lower,5,69
5.6000000000000005,0.44999999999999996,0.18015899999999999,lower,5,70
5.68,0.44999999999999996,0.18016139999999997,lower,5,71
5.76,0.44999999999999996,0.18016379999999999,lower,5,72
5.84,0.44999999999999996,0.18016619999999997,lower,5,73
5.92,0.44999999999999996,0.18016859999999998,lower,5,74
6.0,0.44999999999999996,0.180171,lower,5,75
6.08,0.44999999999999996,0.18017339999999998,lower,5,76
6.16,0.44999999999999996,0.1801758,lower,5,77
6.24,0.44999999999999996,0.18017819999999998,lower,5,78
6.32,0.44999999999999996,0.1801806,lower,5,79
0.0,0.54,0.1799892,lower,6,0
0.08,0.54,0.1799916,lower,6,1
0.16,0.54,0.179994,lower,6,2
0.24,0.54,0.1799964,lower,6,3
0.32,0.54,0.1799988,lower,6,4
0.4,0.54,0.1800012,lower,6,5
0.48,0.54,0.18000359999999999,lower,6,6
0.56,0.54,0.180006,lower,6,7
0.64,0.54,0.18000839999999999,lower,6,8
0.72,0.54,0.1800108,lower,6,9
0.8,0.54,0.18001319999999998,lower,6,10
0.88,0.54,0.1800156,lower,6,11
0.96,0.54,0.18001799999999998,lower,6,12
1.04,0.54,0.1800204,lower,6,13
1.12,0.54,0.18002279999999998,lower,6,14
1.2,0.54,0.1800252,lower,6,15
1.28,0.54,0.18002759999999998,lower,6,16
1.36,0.54,0.18003,lower,6,17
1.44,0.54,0.18003239999999998,lower,6,18
1.52,0.54,0.1800348,lower,6,19
1.6,0.54,0.18003719999999998,lower,6,20
1.68,0.54,0.1800396,lower,6,21
1.76,0.54,0.18004199999999998,lower,6,22
1.84,0.54,0.1800444,lower,6,23
1.92,0.54,0.18004679999999998,lower,6,24
2.0,0.54,0.1800492,lower,6,25
2.08,0.54,0.18005159999999998,lower,6,26
2.16,0.54,0.180054,lower,6,27
2.24,0.54,0.18005639999999998,lower,6,28
2.32,0.54,0.1800588,lower,6,29
2.4,0.54,0.18006119999999998,lower,6,30
2.48,0.54,0.1800636,lower,6,31
2.56,0.54,0.18006599999999998,lower,6,32
2.64,0.54,0.1800684,lower,6,33
2.72,0.54,0.18007079999999998,lower,6,34
2.8000000000000003,0.54,0.1800732,lower,6,35
2.88,0.54,0.18007559999999997,lower,6,36
2.96,0.54,0.180078,lower,6,37
3.04,0.54,0.1800804,lower,6,38
3.12,0.54,0.1800828,lower,6,39
3.2,0.54,0.1800852,lower,6,40
3.2800000000000002,0.54,0.1800876,lower,6,41
3.36,0.54,0.18009,lower,6,42
3.44,0.54,0.18009239999999999,lower,6,43
3.52,0.54,0.1800948,lower,6,44
3.6,0.54,0.18009719999999999,lower,6,45
3.68,0.54,0.1800996,lower,6,46
3.7600000000000002,0.54,0.18010199999999998,lower,6,47
3.84,0.54,0.1801044,lower,6,48
3.92,0.54,0.18010679999999998,lower,6,49
4.0,0.54,0.1801092,lower,6,50
4.08,0.54,0.18011159999999998,lower,6,51
4.16,0.54,0.180114,lower,6,52
4.24,0.54,0.18011639999999998,lower,6,53
4.32,0.54,0.1801188,lower,6,54
4.4,0.54,0.18012119999999998,lower,6,55
4.48,0.54,0.1801236,lower,6,56
4.5600000000000005,0.54,0.18012599999999998,lower,6,57
4.64,0.54,0.1801284,lower,6,58
4.72,0.54,0.18013079999999998,lower,6,59
4.8,0.54,0.1801332,lower,6,60
4.88,0.54,0.18013559999999998,lower,6,61
4.96,0.54,0.180138,lower,6,62
5.04,0.54,0.18014039999999998,lower,6,63
5.12,0.54,0.1801428,lower,6,64
5.2,0.54,0.18014519999999998,lower,6,65
5.28,0.54,0.1801476,lower,6,66
5.36,0.54,0.18014999999999998,lower,6,67
5.44,0.54,0.1801524,lower,6,68
5.5200000000000005,0.54,0.18015479999999998,lower,6,69
5.6000000000000005,0.54,0.1801572,lower,6,70
5.68,0.54,0.18015959999999998,lower,6,71
5.76,0.54,0.180162,lower,6,72
5.84,0.54,0.18016439999999997,lower,6,73
5.92,0.54,0.1801668,lower,6,74
6.0,0.54,0.1801692,lower,6,75
6.08,0.54,0.1801716,lower,6,76
6.16,0.54,0.180174,lower,6,77
6.24,0.54,0.1801764,lower,6,78
6.32,0.54,0.1801788,lower,6,79
0.0,0.63,0.1799874,lower,7,0
0.08,0.63,0.1799898,lower,7,1
0.16,0.63,0.1799922,lower,7,2
0.24,0.63,0.1799946,lower,7,3
0.32,0.63,0.179997,lower,7,4
0.4,0.63,0.1799994,lower,7,5
0.48,0.63,0.1800018,lower,7,6
0.56,0.63,0.1800042,lower,7,7
0.64,0.63,0.1800066,lower,7,8
0.72,0.63,0.180009,lower,7,9
0.8,0.63,0.1800114,lower,7,10
0.88,0.63,0.1800138,lower,7,11
0.96,0.63,0.1800162,lower,7,12
1.04,0.63,0.1800186,lower,7,13
1.12,0.63,0.180021,lower,7,14
1.2,0.63,0.1800234,lower,7,15
1.28,0.63,0.18002579999999999,lower,7,16
1.36,0.63,0.1800282,lower,7,17
1.44,0.63,0.18003059999999999,lower,7,18
1.52,0.63,0.180033,lower,7,19
1.6,0.63,0.18003539999999998,lower,7,20
1.68,0.63,0.1800378,lower,7,21
1.76,0.63,0.18004019999999998,lower,7,22
1.84,0.63,0.1800426,lower,7,23
1.92,0.63,0.18004499999999998,lower,7,24
2.0,0.63,0.1800474,lower,7,25
2.08,0.63,0.18004979999999998,lower,7,26
2.16,0.63,0.1800522,lower,7,27
2.24,0.63,0.18005459999999998,lower,7,28
2.32,0.63,0.180057,lower,7,29
2.4,0.63,0.18005939999999998,lower,7,30
2.48,0.63,0.1800618,lower,7,31
2.56,0.63,0.18006419999999998,lower,7,32
2.64,0.63,0.1800666,lower,7,33
2.72,0.63,0.18006899999999998,lower,7,34
2.8000000000000003,0.63,0.1800714,lower,7,35
2.88,0.63,0.18007379999999998,lower,7,36
2.96,0.63,0.1800762,lower,7,37
3.04,0.63,0.1800786,lower,7,38
3.12,0.63,0.180081,lower,7,39
3.2,0.63,0.1800834,lower,7,40
3.2800000000000002,0.63,0.1800858,lower,7,41
3.36,0.63,0.1800882,lower,7,42
3.44,0.63,0.1800906,lower,7,43
3.52,0.63,0.180093,lower,7,44
3.6,0.63,0.1800954,lower,7,45
3.68,0.63,0.1800978,lower,7,46
3.7600000000000002,0.63,0.1801002,lower,7,47
3.84,0.63,0.1801026,lower,7,48
3.92,0.63,0.180105,lower,7,49
4.0,0.63,0.1801074,lower,7,50
4.08,0.63,0.1801098,lower,7,51
4.16,0.63,0.1801122,lower,7,52
4.24,0.63,0.18011459999999999,lower,7,53
4.32,0.63,0.180117,lower,7,54
4.4,0.63,0.18011939999999999,lower,7,55
4.48,0.63,0.1801218,lower,7,56
4.5600000000000005,0.63,0.18012419999999998,lower,7,57
4.64,0.63,0.1801266,lower,7,58
4.72,0.63,0.18012899999999998,lower,7,59
4.8,0.63,0.1801314,lower,7,60
4.88,0.63,0.18013379999999998,lower,7,61
4.96,0.63,0.1801362,lower,7,62
5.04,0.63,0.18013859999999998,lower,7,63
5.12,0.63,0.180141,lower,7,64
5.2,0.63,0.18014339999999998,lower,7,65
5.28,0.63,0.1801458,lower,7,66
5.36,0.63,0.18014819999999998,lower,7,67
5.44,0.63,0.1801506,lower,7,68
5.5200000000000005,0.63,0.18015299999999998,lower,7,69
5.6000000000000005,0.63,0.1801554,lower,7,70
5.68,0.63,0.18015779999999998,lower,7,71
5.76,0.63,0.1801602,lower,7,72
5.84,0.63,0.18016259999999998,lower,7,73
5.92,0.63,0.180165,lower,7,74
6.0,0.63,0.1801674,lower,7,75
6.08,0.63,0.1801698,lower,7,76
6.16,0.63,0.1801722,lower,7,77
6.24,0.63,0.1801746,lower,7,78
6.32,0.63,0.180177,lower,7,79
0.0,0.72,0.1799856,lower,8,0
0.08,0.72,0.179988,lower,8,1
0.16,0.72,0.1799904,lower,8,2
0.24,0.72,0.1799928,lower,8,3
0.32,0.72,0.1799952,lower,8,4
0.4,0.72,0.1799976,lower,8,5
0.48,0.72,0.18,lower,8,6
0.56,0.72,0.1800024,lower,8,7
0.64,0.72,0.1800048,lower,8,8
0.72,0.72,0.1800072,lower,8,9
0.8,0.72,0.1800096,lower,8,10
0.88,0.72,0.180012,lower,8,11
0.96,0.72,0.1800144,lower,8,12
1.04,0.72,0.1800168,lower,8,13
1.12,0.72,0.1800192,lower,8,14
1.2,0.72,0.1800216,lower,8,15
1.28,0.72,0.180024,lower,8,16
1.36,0.72,0.1800264,lower,8,17
1.44,0.72,0.1800288,lower,8,18
1.52,0.72,0.1800312,lower,8,19
1.6,0.72,0.1800336,lower,8,20
1.68,0.72,0.180036,lower,8,21
1.76,0.72,0.1800384,lower,8,22
1.84,0.72,0.1800408,lower,8,23
1.92,0.72,0.1800432,lower,8,24
2.0,0.72,0.1800456,lower,8,25
2.08,0.72,0.18004799999999999,lower,8,26
2.16,0.72,0.1800504,lower,8,27
2.24,0.72,0.18005279999999999,lower,8,28
2.32,0.72,0.1800552,lower,8,29
2.4,0.72,0.18005759999999998,lower,8,30
2.48,0.72,0.18006,lower,8,31
2.56,0.72,0.18006239999999998,lower,8,32
2.64,0.72,0.1800648,lower,8,33
2.72,0.72,0.18006719999999998,lower,8,34
2.8000000000000003,0.72,0.1800696,lower,8,35
2.88,0.72,0.18007199999999998,lower,8,36
2.96,0.72,0.1800744,lower,8,37
3.04,0.72,0.1800768,lower,8,38
3.12,0.72,0.1800792,lower,8,39
3.2,0.72,0.1800816,lower,8,40
3.2800000000000002,0.72,0.180084,lower,8,41
3.36,0.72,0.1800864,lower,8,42
3.44,0.72,0.1800888,lower,8,43
3.52,0.72,0.1800912,lower,8,44
3.6,0.72,0.1800936,lower,8,45
3.68,0.72,0.180096,lower,8,46
3.7600000000000002,0.72,0.1800984,lower,8,47
3.84,0.72,0.1801008,lower,8,48
3.92,0.72,0.1801032,lower,8,49
4.0,0.72,0.1801056,lower,8,50
4.08,0.72,0.180108,lower,8,51
4.16,0.72,0.1801104,lower,8,52
4.24,0.72,0.1801128,lower,8,53
4.32,0.72,0.1801152,lower,8,54
4.4,0.72,0.1801176,lower,8,55
4.48,0.72,0.18012,lower,8,56
4.5600000000000005,0.72,0.1801224,lower,8,57
4.64,0.72,0.1801248,lower,8,58
4.72,0.72,0.1801272,lower,8,59
4.8,0.72,0.1801296,lower,8,60
4.88,0.72,0.180132,lower,8,61
4.96,0.72,0.1801344,lower,8,62
5.04,0.72,0.18013679999999999,lower,8,63
5.12,0.72,0.1801392,lower,8,64
5.2,0.72,0.18014159999999999,lower,8,65
5.28,0.72,0.180144,lower,8,66
5.36,0.72,0.18014639999999998,lower,8,67
5.44,0.72,0.1801488,lower,8,68
5.5200000000000005,0.72,0.18015119999999998,lower,8,69
5.6000000000000005,0.72,0.1801536,lower,8,70
5.68,0.72,0.18015599999999998,lower,8,71
5.76,0.72,0.1801584,lower,8,72
5.84,0.72,0.18016079999999998,lower,8,73
5.92,0.72,0.1801632,lower,8,74
6.0,0.72,0.1801656,lower,8,75
6.08,0.72,0.180168,lower,8,76
6.16,0.72,0.1801704,lower,8,77
6.24,0.72,0.1801728,lower,8,78
6.32,0.72,0.1801752,lower,8,79
0.0,0.8099999999999999,0.1799838,lower,9,0
0.08,0.8099999999999999,0.1799862,lower,9,1
0.16,0.8099999999999999,0.1799886,lower,9,2
0.24,0.8099999999999999,0.179991,lower,9,3
0.32,0.8099999999999999,0.1799934,lower,9,4
0.4,0.8099999999999999,0.1799958,lower,9,5
0.48,0.8099999999999999,0.1799982,lower,9,6
0.56,0.8099999999999999,0.1800006,lower,9,7
0.64,0.8099999999999999,0.180003,lower,9,8
0.72,0.8099999999999999,0.1800054,lower,9,9
0.8,0.8099999999999999,0.1800078,lower,9,10
0.88,0.8099999999999999,0.1800102,lower,9,11
0.96,0.8099999999999999,0.1800126,lower,9,12
1.04,0.8099999999999999,0.180015,lower,9,13
1.12,0.8099999999999999,0.1800174,lower,9,14
1.2,0.8099999999999999,0.1800198,lower,9,15
1.28,0.8099999999999999,0.1800222,lower,9,16
1.36,0.8099999999999999,0.1800246,lower,9,17
1.44,0.8099999999999999,0.180027,lower,9,18
1.52,0.8099999999999999,0.1800294,lower,9,19
1.6,0.8099999999999999,0.1800318,lower,9,20
1.68,0.8099999999999999,0.1800342,lower,9,21
1.76,0.8099999999999999,0.1800366,lower,9,22
1.84,0.8099999999999999,0.180039,lower,9,23
1.92,0.8099999999999999,0.1800414,lower,9,24
2.0,0.8099999999999999,0.1800438,lower,9,25
2.08,0.8099999999999999,0.1800462,lower,9,26
2.16,0.8099999999999999,0.1800486,lower,9,27
2.24,0.8099999999999999,0.180051,lower,9,28
2.32,0.8099999999999999,0.1800534,lower,9,29
2.4,0.8099999999999999,0.1800558,lower,9,30
2.48,0.8099999999999999,0.1800582,lower,9,31
2.56,0.8099999999999999,0.1800606,lower,9,32
2.64,0.8099999999999999,0.180063,lower,9,33
2.72,0.8099999999999999,0.1800654,lower,9,34
2.8000000000000003,0.8099999999999999,0.1800678,lower,9,35
2.88,0.8099999999999999,0.18007019999999999,lower,9,36
2.96,0.8099999999999999,0.1800726,lower,9,37
3.04,0.8099999999999999,0.180075,lower,9,38
3.12,0.8099999999999999,0.1800774,lower,9,39
3.2,0.8099999999999999,0.1800798,lower,9,40
3.2800000000000002,0.8099999999999999,0.1800822,lower,9,41
3.36,0.8099999999999999,0.1800846,lower,9,42
3.44,0.8099999999999999,0.180087,lower,9,43
3.52,0.8099999999999999,0.1800894,lower,9,44
3.6,0.8099999999999999,0.1800918,lower,9,45
3.68,0.8099999999999999,0.1800942,lower,9,46
3.7600000000000002,0.8099999999999999,0.1800966,lower,9,47
3.84,0.8099999999999999,0.180099,lower,9,48
3.92,0.8099999999999999,0.1801014,lower,9,49
4.0,0.8099999999999999,0.1801038,lower,9,50
4.08,0.8099999999999999,0.1801062,lower,9,51
4.16,0.8099999999999999,0.1801086,lower,9,52
4.24,0.8099999999999999,0.180111,lower,9,53
4.32,0.8099999999999999,0.1801134,lower,9,54
4.4,0.8099999999999999,0.1801158,lower,9,55
4.48,0.8099999999999999,0.1801182,lower,9,56
4.5600000000000005,0.8099999999999999,0.1801206,lower,9,57
4.64,0.8099999999999999,0.180123,lower,9,58
4.72,0.8099999999999999,0.1801254,lower,9,59
4.8,0.8099999999999999,0.1801278,lower,9,60
4.88,0.8099999999999999,0.1801302,lower,9,61
4.96,0.8099999999999999,0.1801326,lower,9,62
5.04,0.8099999999999999,0.180135,lower,9,63
5.12,0.8099999999999999,0.1801374,lower,9,64
5.2,0.8099999999999999,0.1801398,lower,9,65
5.28,0.8099999999999999,0.1801422,lower,9,66
5.36,0.8099999999999999,0.1801446,lower,9,67
5.44,0.8099999999999999,0.180147,lower,9,68
5.5200000000000005,0.8099999999999999,0.1801494,lower,9,69
5.6000000000000005,0.8099999999999999,0.1801518,lower,9,70
5.68,0.8099999999999999,0.1801542,lower,9,71
5.76,0.8099999999999999,0.1801566,lower,9,72
5.84,0.8099999999999999,0.18015899999999999,lower,9,73
5.92,0.8099999999999999,0.1801614,lower,9,74
6.0,0.8099999999999999,0.1801638,lower,9,75
6.08,0.8099999999999999,0.1801662,lower,9,76
6.16,0.8099999999999999,0.1801686,lower,9,77
6.24,0.8099999999999999,0.180171,lower,9,78
6.32,0.8099999999999999,0.1801734,lower,9,79
0.0,0.8999999999999999,0.179982,lower,10,0
0.08,0.8999999999999999,0.17998440000000002,lower,10,1
0.16,0.8999999999999999,0.1799868,lower,10,2
0.24,0.8999999999999999,0.17998920000000002,lower,10,3
0.32,0.8999999999999999,0.1799916,lower,10,4
0.4,0.8999999999999999,0.17999400000000002,lower,10,5
0.48,0.8999999999999999,0.1799964,lower,10,6
0.56,0.8999999999999999,0.17999880000000001,lower,10,7
0.64,0.8999999999999999,0.1800012,lower,10,8
0.72,0.8999999999999999,0.1800036,lower,10,9
0.8,0.8999999999999999,0.180006,lower,10,10
0.88,0.8999999999999999,0.1800084,lower,10,11
0.96,0.8999999999999999,0.1800108,lower,10,12
1.04,0.8999999999999999,0.1800132,lower,10,13
1.12,0.8999999999999999,0.1800156,lower,10,14
1.2,0.8999999999999999,0.180018,lower,10,15
1.28,0.8999999999999999,0.1800204,lower,10,16
1.36,0.8999999999999999,0.1800228,lower,10,17
1.44,0.8999999999999999,0.1800252,lower,10,18
1.52,0.8999999999999999,0.1800276,lower,10,19
1.6,0.8999999999999999,0.18003,lower,10,20
1.68,0.8999999999999999,0.1800324,lower,10,21
1.76,0.8999999999999999,0.1800348,lower,10,22
1.84,0.8999999999999999,0.1800372,lower,10,23
1.92,0.8999999999999999,0.1800396,lower,10,24
2.0,0.8999999999999999,0.180042,lower,10,25
2.08,0.8999999999999999,0.1800444,lower,10,26
2.16,0.8999999999999999,0.1800468,lower,10,27
2.24,0.8999999999999999,0.1800492,lower,10,28
2.32,0.8999999999999999,0.1800516,lower,10,29
2.4,0.8999999999999999,0.180054,lower,10,30
2.48,0.8999999999999999,0.1800564,lower,10,31
2.56,0.8999999999999999,0.1800588,lower,10,32
2.64,0.8999999999999999,0.1800612,lower,10,33
2.72,0.8999999999999999,0.1800636,lower,10,34
2.8000000000000003,0.8999999999999999,0.180066,lower,10,35
2.88,0.8999999999999999,0.1800684,lower,10,36
2.96,0.8999999999999999,0.1800708,lower,10,37
3.04,0.8999999999999999,0.18007320000000002,lower,10,38
3.12,0.8999999999999999,0.1800756,lower,10,39
3.2,0.8999999999999999,0.18007800000000002,lower,10,40
3.2800000000000002,0.8999999999999999,0.1800804,lower,10,41
3.36,0.8999999999999999,0.18008280000000002,lower,10,42
3.44,0.8999999999999999,0.1800852,lower,10,43
3.52,0.8999999999999999,0.18008760000000001,lower,10,44
3.6,0.8999999999999999,0.18009,lower,10,45
3.68,0.8999999999999999,0.1800924,lower,10,46
3.7600000000000002,0.8999999999999999,0.1800948,lower,10,47
3.84,0.8999999999999999,0.1800972,lower,10,48
3.92,0.8999999999999999,0.1800996,lower,10,49
4.0,0.8999999999999999,0.180102,lower,10,50
4.08,0.8999999999999999,0.1801044,lower,10,51
4.16,0.8999999999999999,0.1801068,lower,10,52
4.24,0.8999999999999999,0.1801092,lower,10,53
4.32,0.8999999999999999,0.1801116,lower,10,54
4.4,0.8999999999999999,0.180114,lower,10,55
4.48,0.8999999999999999,0.1801164,lower,10,56
4.5600000000000005,0.8999999999999999,0.1801188,lower,10,57
4.64,0.8999999999999999,0.1801212,lower,10,58
4.72,0.8999999999999999,0.1801236,lower,10,59
4.8,0.8999999999999999,0.180126,lower,10,60
4.88,0.8999999999999999,0.1801284,lower,10,61
4.96,0.8999999999999999,0.1801308,lower,10,62
5.04,0.8999999999999999,0.1801332,lower,10,63
5.12,0.8999999999999999,0.1801356,lower,10,64
5.2,0.8999999999999999,0.180138,lower,10,65
5.28,0.8999999999999999,0.1801404,lower,10,66
5.36,0.8999999999999999,0.1801428,lower,10,67
5.44,0.8999999999999999,0.1801452,lower,10,68
5.5200000000000005,0.8999999999999999,0.1801476,lower,10,69
5.6000000000000005,0.8999999999999999,0.18015,lower,10,70
5.68,0.8999999999999999,0.1801524,lower,10,71
5.76,0.8999999999999999,0.1801548,lower,10,72
5.84,0.8999999999999999,0.1801572,lower,10,73
5.92,0.8999999999999999,0.1801596,lower,10,74
6.0,0.8999999999999999,0.18016200000000002,lower,10,75
6.08,0.8999999999999999,0.1801644,lower,10,76
6.16,0.8999999999999999,0.18016680000000002,lower,10,77
6.24,0.8999999999999999,0.1801692,lower,10,78
6.32,0.8999999999999999,0.18017160000000002,lower,10,79
0.0,0.99,0.1799802,lower,11,0
0.08,0.99,0.17998260000000002,lower,11,1
0.16,0.99,0.179985,lower,11,2
0.24,0.99,0.17998740000000002,lower,11,3
0.32,0.99,0.1799898,lower,11,4
0.4,0.99,0.17999220000000002,lower,11,5
0.48,0.99,0.1799946,lower,11,6
0.56,0.99,0.17999700000000002,lower,11,7
0.64,0.99,0.1799994,lower,11,8
0.72,0.99,0.18000180000000002,lower,11,9
0.8,0.99,0.1800042,lower,11,10
0.88,0.99,0.18000660000000002,lower,11,11
0.96,0.99,0.180009,lower,11,12
1.04,0.99,0.18001140000000002,lower,11,13
1.12,0.99,0.1800138,lower,11,14
1.2,0.99,0.18001620000000002,lower,11,15
1.28,0.99,0.1800186,lower,11,16
1.36,0.99,0.18002100000000001,lower,11,17
1.44,0.99,0.1800234,lower,11,18
1.52,0.99,0.1800258,lower,11,19
1.6,0.99,0.1800282,lower,11,20
1.68,0.99,0.1800306,lower,11,21
1.76,0.99,0.180033,lower,11,22
1.84,0.99,0.1800354,lower,11,23
1.92,0.99,0.1800378,lower,11,24
2.0,0.99,0.1800402,lower,11,25
2.08,0.99,0.1800426,lower,11,26
2.16,0.99,0.180045,lower,11,27
2.24,0.99,0.1800474,lower,11,28
2.32,0.99,0.1800498,lower,11,29
2.4,0.99,0.1800522,lower,11,30
2.48,0.99,0.1800546,lower,11,31
2.56,0.99,0.180057,lower,11,32
2.64,0.99,0.1800594,lower,11,33
2.72,0.99,0.1800618,lower,11,34
2.8000000000000003,0.99,0.1800642,lower,11,35
2.88,0.99,0.1800666,lower,11,36
2.96,0.99,0.180069,lower,11,37
3.04,0.99,0.18007140000000002,lower,11,38
3.12,0.99,0.1800738,lower,11,39
3.2,0.99,0.18007620000000002,lower,11,40
3.2800000000000002,0.99,0.1800786,lower,11,41
3.36,0.99,0.18008100000000002,lower,11,42
3.44,0.99,0.1800834,lower,11,43
3.52,0.99,0.18008580000000002,lower,11,44
3.6,0.99,0.1800882,lower,11,45
3.68,0.99,0.18009060000000002,lower,11,46
3.7600000000000002,0.99,0.180093,lower,11,47
3.84,0.99,0.18009540000000002,lower,11,48
3.92,0.99,0.1800978,lower,11,49
4.0,0.99,0.18010020000000002,lower,11,50
4.08,0.99,0.1801026,lower,11,51
4.16,0.99,0.18010500000000002,lower,11,52
4.24,0.99,0.1801074,lower,11,53
4.32,0.99,0.18010980000000001,lower,11,54
4.4,0.99,0.1801122,lower,11,55
4.48,0.99,0.1801146,lower,11,56
4.5600000000000005,0.99,0.180117,lower,11,57
4.64,0.99,0.1801194,lower,11,58
4.72,0.99,0.1801218,lower,11,59
4.8,0.99,0.1801242,lower,11,60
4.88,0.99,0.1801266,lower,11,61
4.96,0.99,0.180129,lower,11,62
5.04,0.99,0.1801314,lower,11,63
5.12,0.99,0.1801338,lower,11,64
5.2,0.99,0.1801362,lower,11,65
5.28,0.99,0.1801386,lower,11,66
5.36,0.99,0.180141,lower,11,67
5.44,0.99,0.1801434,lower,11,68
5.5200000000000005,0.99,0.1801458,lower,11,69
5.6000000000000005,0.99,0.1801482,lower,11,70
5.68,0.99,0.1801506,lower,11,71
5.76,0.99,0.180153,lower,11,72
5.84,0.99,0.1801554,lower,11,73
5.92,0.99,0.1801578,lower,11,74
6.0,0.99,0.18016020000000002,lower,11,75
6.08,0.99,0.1801626,lower,11,76
6.16,0.99,0.18016500000000002,lower,11,77
6.24,0.99,0.1801674,lower,11,78
6.32,0.99,0.18016980000000002,lower,11,79
0.0,1.08,0.17997839999999998,lower,12,0
0.08,1.08,0.1799808,lower,12,1
0.16,1.08,0.17998319999999998,lower,12,2
0.24,1.08,0.1799856,lower,12,3
0.32,1.08,0.17998799999999998,lower,12,4
0.4,1.08,0.1799904,lower,12,5
0.48,1.08,0.17999279999999998,lower,12,6
0.56,1.08,0.1799952,lower,12,7
0.64,1.08,0.17999759999999998,lower,12,8
0.72,1.08,0.18,lower,12,9
0.8,1.08,0.18000239999999998,lower,12,10
0.88,1.08,0.1800048,lower,12,11
0.96,1.08,0.18000719999999998,lower,12,12
1.04,1.08,0.1800096,lower,12,13
1.12,1.08,0.18001199999999998,lower,12,14
1.2,1.08,0.1800144,lower,12,15
1.28,1.08,0.18001679999999998,lower,12,16
1.36,1.08,0.1800192,lower,12,17
1.44,1.08,0.18002159999999998,lower,12,18
1.52,1.08,0.180024,lower,12,19
1.6,1.08,0.18002639999999998,lower,12,20
1.68,1.08,0.1800288,lower,12,21
1.76,1.08,0.18003119999999997,lower,12,22
1.84,1.08,0.1800336,lower,12,23
1.92,1.08,0.18003599999999997,lower,12,24
2.0,1.08,0.1800384,lower,12,25
2.08,1.08,0.18004079999999997,lower,12,26
2.16,1.08,0.1800432,lower,12,27
2.24,1.08,0.18004559999999997,lower,12,28
2.32,1.08,0.18004799999999999,lower,12,29
2.4,1.08,0.18005039999999997,lower,12,30
2.48,1.08,0.18005279999999999,lower,12,31
2.56,1.08,0.18005519999999997,lower,12,32
2.64,1.08,0.18005759999999998,lower,12,33
2.72,1.08,0.18005999999999997,lower,12,34
2.8000000000000003,1.08,0.18006239999999998,lower,12,35
2.88,1.08,0.18006479999999997,lower,12,36
2.96,1.08,0.18006719999999998,lower,12,37
3.04,1.08,0.1800696,lower,12,38
3.12,1.08,0.18007199999999998,lower,12,39
3.2,1.08,0.1800744,lower,12,40
3.2800000000000002,1.08,0.18007679999999998,lower,12,41
3.36,1.08,0.1800792,lower,12,42
3.44,1.08,0.18008159999999998,lower,12,43
3.52,1.08,0.180084,lower,12,44
3.6,1.08,0.18008639999999998,lower,12,45
3.68,1.08,0.1800888,lower,12,46
3.7600000000000002,1.08,0.18009119999999998,lower,12,47
3.84,1.08,0.1800936,lower,12,48
3.92,1.08,0.18009599999999998,lower,12,49
4.0,1.08,0.1800984,lower,12,50
4.08,1.08,0.18010079999999998,lower,12,51
4.16,1.08,0.1801032,lower,12,52
4.24,1.08,0.18010559999999998,lower,12,53
4.32,1.08,0.180108,lower,12,54
4.4,1.08,0.18011039999999998,lower,12,55
4.48,1.08,0.1801128,lower,12,56
4.5600000000000005,1.08,0.18011519999999998,lower,12,57
4.64,1.08,0.1801176,lower,12,58
4.72,1.08,0.18011999999999997,lower,12,59
4.8,1.08,0.1801224,lower,12,60
4.88,1.08,0.18012479999999997,lower,12,61
4.96,1.08,0.1801272,lower,12,62
5.04,1.08,0.18012959999999997,lower,12,63
5.12,1.08,0.180132,lower,12,64
5.2,1.08,0.18013439999999997,lower,12,65
5.28,1.08,0.18013679999999999,lower,12,66
5.36,1.08,0.18013919999999997,lower,12,67
5.44,1.08,0.18014159999999999,lower,12,68
5.5200000000000005,1.08,0.18014399999999997,lower,12,69
5.6000000000000005,1.08,0.18014639999999998,lower,12,70
5.68,1.08,0.18014879999999997,lower,12,71
5.76,1.08,0.18015119999999998,lower,12,72
5.84,1.08,0.18015359999999997,lower,12,73
5.92,1.08,0.18015599999999998,lower,12,74
6.0,1.08,0.1801584,lower,12,75
6.08,1.08,0.18016079999999998,lower,12,76
6.16,1.08,0.1801632,lower,12,77
6.24,1.08,0.18016559999999998,lower,12,78
6.32,1.08,0.180168,lower,12,79
0.0,1.17,0.1799766,lower,13,0
0.08,1.17,0.179979,lower,13,1
0.16,1.17,0.17998139999999999,lower,13,2
0.24,1.17,0.1799838,lower,13,3
0.32,1.17,0.17998619999999999,lower,13,4
0.4,1.17,0.1799886,lower,13,5
0.48,1.17,0.17999099999999998,lower,13,6
0.56,1.17,0.1799934,lower,13,7
0.64,1.17,0.17999579999999998,lower,13,8
0.72,1.17,0.1799982,lower,13,9
0.8,1.17,0.18000059999999998,lower,13,10
0.88,1.17,0.180003,lower,13,11
0.96,1.17,0.18000539999999998,lower,13,12
1.04,1.17,0.1800078,lower,13,13
1.12,1.17,0.18001019999999998,lower,13,14
1.2,1.17,0.1800126,lower,13,15
1.28,1.17,0.18001499999999998,lower,13,16
1.36,1.17,0.1800174,lower,13,17
1.44,1.17,0.18001979999999998,lower,13,18
1.52,1.17,0.1800222,lower,13,19
1.6,1.17,0.18002459999999998,lower,13,20
1.68,1.17,0.180027,lower,13,21
1.76,1.17,0.18002939999999998,lower,13,22
1.84,1.17,0.1800318,lower,13,23
1.92,1.17,0.18003419999999998,lower,13,24
2.0,1.17,0.1800366,lower,13,25
2.08,1.17,0.18003899999999998,lower,13,26
2.16,1.17,0.1800414,lower,13,27
2.24,1.17,0.18004379999999998,lower,13,28
2.32,1.17,0.1800462,lower,13,29
2.4,1.17,0.18004859999999998,lower,13,30
2.48,1.17,0.180051,lower,13,31
2.56,1.17,0.18005339999999997,lower,13,32
2.64,1.17,0.1800558,lower,13,33
2.72,1.17,0.18005819999999997,lower,13,34
2.8000000000000003,1.17,0.1800606,lower,13,35
2.88,1.17,0.18006299999999997,lower,13,36
2.96,1.17,0.1800654,lower,13,37
3.04,1.17,0.1800678,lower,13,38
3.12,1.17,0.18007019999999999,lower,13,39
3.2,1.17,0.1800726,lower,13,40
3.2800000000000002,1.17,0.18007499999999999,lower,13,41
3.36,1.17,0.1800774,lower,13,42
3.44,1.17,0.18007979999999998,lower,13,43
3.52,1.17,0.1800822,lower,13,44
3.6,1.17,0.18008459999999998,lower,13,45
3.68,1.17,0.180087,lower,13,46
3.7600000000000002,1.17,0.18008939999999998,lower,13,47
3.84,1.17,0.1800918,lower,13,48
3.92,1.17,0.18009419999999998,lower,13,49
4.0,1.17,0.1800966,lower,13,50
4.08,1.17,0.18009899999999998,lower,13,51
4.16,1.17,0.1801014,lower,13,52
4.24,1.17,0.18010379999999998,lower,13,53
4.32,1.17,0.1801062,lower,13,54
4.4,1.17,0.18010859999999998,lower,13,55
4.48,1.17,0.180111,lower,13,56
4.5600000000000005,1.17,0.18011339999999998,lower,13,57
4.64,1.17,0.1801158,lower,13,58
4.72,1.17,0.18011819999999998,lower,13,59
4.8,1.17,0.1801206,lower,13,60
4.88,1.17,0.18012299999999998,lower,13,61
4.96,1.17,0.1801254,lower,13,62
5.04,1.17,0.18012779999999998,lower,13,63
5.12,1.17,0.1801302,lower,13,64
5.2,1.17,0.18013259999999998,lower,13,65
5.28,1.17,0.180135,lower,13,66
5.36,1.17,0.18013739999999998,lower,13,67
5.44,1.17,0.1801398,lower,13,68
5.5200000000000005,1.17,0.18014219999999997,lower,13,69
5.6000000000000005,1.17,0.1801446,lower,13,70
5.68,1.17,0.18014699999999997,lower,13,71
5.76,1.17,0.1801494,lower,13,72
5.84,1.17,0.18015179999999997,lower,13,73
5.92,1.17,0.1801542,lower,13,74
6.0,1.17,0.1801566,lower,13,75
6.08,1.17,0.18015899999999999,lower,13,76
6.16,1.17,0.1801614,lower,13,77
6.24,1.17,0.18016379999999999,lower,13,78
6.32,1.17,0.1801662,lower,13,79
0.0,1.26,0.1799748,lower,14,0
0.08,1.26,0.1799772,lower,14,1
0.16,1.26,0.1799796,lower,14,2
0.24,1.26,0.179982,lower,14,3
0.32,1.26,0.1799844,lower,14,4
0.4,1.26,0.1799868,lower,14,5
0.48,1.26,0.1799892,lower,14,6
0.56,1.26,0.1799916,lower,14,7
0.64,1.26,0.179994,lower,14,8
0.72,1.26,0.1799964,lower,14,9
0.8,1.26,0.1799988,lower,14,10
0.88,1.26,0.1800012,lower,14,11
0.96,1.26,0.18000359999999999,lower,14,12
1.04,1.26,0.180006,lower,14,13
1.12,1.26,0.18000839999999999,lower,14,14
1.2,1.26,0.1800108,lower,14,15
1.28,1.26,0.18001319999999998,lower,14,16
1.36,1.26,0.1800156,lower,14,17
1.44,1.26,0.18001799999999998,lower,14,18
1.52,1.26,0.1800204,lower,14,19
1.6,1.26,0.18002279999999998,lower,14,20
1.68,1.26,0.1800252,lower,14,21
1.76,1.26,0.18002759999999998,lower,14,22
1.84,1.26,0.18003,lower,14,23
1.92,1.26,0.18003239999999998,lower,14,24
2.0,1.26,0.1800348,lower,14,25
2.08,1.26,0.18003719999999998,lower,14,26
2.16,1.26,0.1800396,lower,14,27
2.24,1.26,0.18004199999999998,lower,14,28
2.32,1.26,0.1800444,lower,14,29
2.4,1.26,0.18004679999999998,lower,14,30
2.48,1.26,0.1800492,lower,14,31
2.56,1.26,0.18005159999999998,lower,14,32
2.64,1.26,0.180054,lower,14,33
2.72,1.26,0.18005639999999998,lower,14,34
2.8000000000000003,1.26,0.1800588,lower,14,35
2.88,1.26,0.18006119999999998,lower,14,36
2.96,1.26,0.1800636,lower,14,37
3.04,1.26,0.180066,lower,14,38
3.12,1.26,0.1800684,lower,14,39
3.2,1.26,0.1800708,lower,14,40
3.2800000000000002,1.26,0.1800732,lower,14,41
3.36,1.26,0.1800756,lower,14,42
3.44,1.26,0.180078,lower,14,43
3.52,1.26,0.1800804,lower,14,44
3.6,1.26,0.1800828,lower,14,45
3.68,1.26,0.1800852,lower,14,46
3.7600000000000002,1.26,0.1800876,lower,14,47
3.84,1.26,0.18009,lower,14,48
3.92,1.26,0.18009239999999999,lower,14,49
4.0,1.26,0.1800948,lower,14,50
4.08,1.26,0.18009719999999999,lower,14,51
4.16,1.26,0.1800996,lower,14,52
4.24,1.26,0.18010199999999998,lower,14,53
4.32,1.26,0.1801044,lower,14,54
4.4,1.26,0.18010679999999998,lower,14,55
4.48,1.26,0.1801092,lower,14,56
4.5600000000000005,1.26,0.18011159999999998,lower,14,57
4.64,1.26,0.180114,lower,14,58
4.72,1.26,0.18011639999999998,lower,14,59
4.8,1.26,0.1801188,lower,14,60
4.88,1.26,0.18012119999999998,lower,14,61
4.96,1.26,0.1801236,lower,14,62
5.04,1.26,0.18012599999999998,lower,14,63
5.12,1.26,0.1801284,lower,14,64
5.2,1.26,0.18013079999999998,lower,14,65
5.28,1.26,0.1801332,lower,14,66
5.36,1.26,0.18013559999999998,lower,14,67
5.44,1.26,0.180138,lower,14,68
5.5200000000000005,1.26,0.18014039999999998,lower,14,69
5.6000000000000005,1.26,0.1801428,lower,14,70
5.68,1.26,0.18014519999999998,lower,14,71
5.76,1.26,0.1801476,lower,14,72
5.84,1.26,0.18014999999999998,lower,14,73
5.92,1.26,0.1801524,lower,14,74
6.0,1.26,0.1801548,lower,14,75
6.08,1.26,0.1801572,lower,14,76
6.16,1.26,0.1801596,lower,14,77
6.24,1.26,0.180162,lower,14,78
6.32,1.26,0.1801644,lower,14,79
0.0,1.3499999999999999,0.179973,lower,15,0
0.08,1.3499999999999999,0.1799754,lower,15,1
0.16,1.3499999999999999,0.1799778,lower,15,2
0.24,1.3499999999999999,0.1799802,lower,15,3
0.32,1.3499999999999999,0.1799826,lower,15,4
0.4,1.3499999999999999,0.179985,lower,15,5
0.48,1.3499999999999999,0.1799874,lower,15,6
0.56,1.3499999999999999,0.1799898,lower,15,7
0.64,1.3499999999999999,0.1799922,lower,15,8
0.72,1.3499999999999999,0.1799946,lower,15,9
0.8,1.3499999999999999,0.179997,lower,15,10
0.88,1.3499999999999999,0.1799994,lower,15,11
0.96,1.3499999999999999,0.1800018,lower,15,12
1.04,1.3499999999999999,0.1800042,lower,15,13
1.12,1.3499999999999999,0.1800066,lower,15,14
1.2,1.3499999999999999,0.180009,lower,15,15
1.28,1.3499999999999999,0.1800114,lower,15,16
1.36,1.3499999999999999,0.1800138,lower,15,17
1.44,1.3499999999999999,0.1800162,lower,15,18
1.52,1.3499999999999999,0.1800186,lower,15,19
1.6,1.3499999999999999,0.180021,lower,15,20
1.68,1.3499999999999999,0.1800234,lower,15,21
1.76,1.3499999999999999,0.18002579999999999,lower,15,22
1.84,1.3499999999999999,0.1800282,lower,15,23
1.92,1.3499999999999999,0.18003059999999999,lower,15,24
2.0,1.3499999999999999,0.180033,lower,15,25
2.08,1.3499999999999999,0.18003539999999998,lower,15,26
2.16,1.3499999999999999,0.1800378,lower,15,27
2.24,1.3499999999999999,0.18004019999999998,lower,15,28
2.32,1.3499999999999999,0.1800426,lower,15,29
2.4,1.3499999999999999,0.18004499999999998,lower,15,30
2.48,1.3499999999999999,0.1800474,lower,15,31
2.56,1.3499999999999999,0.18004979999999998,lower,15,32
2.64,1.3499999999999999,0.1800522,lower,15,33
2.72,1.3499999999999999,0.18005459999999998,lower,15,34
2.8000000000000003,1.3499999999999999,0.180057,lower,15,35
2.88,1.3499999999999999,0.18005939999999998,lower,15,36
2.96,1.3499999999999999,0.1800618,lower,15,37
3.04,1.3499999999999999,0.1800642,lower,15,38
3.12,1.3499999999999999,0.1800666,lower,15,39
3.2,1.3499999999999999,0.180069,lower,15,40
3.2800000000000002,1.3499999999999999,0.1800714,lower,15,41
3.36,1.3499999999999999,0.1800738,lower,15,42
3.44,1.3499999999999999,0.1800762,lower,15,43
3.52,1.3499999999999999,0.1800786,lower,15,44
3.6,1.3499999999999999,0.180081,lower,15,45
3.68,1.3499999999999999,0.1800834,lower,15,46
3.7600000000000002,1.3499999999999999,0.1800858,lower,15,47
3.84,1.3499999999999999,0.1800882,lower,15,48
3.92,1.3499999999999999,0.1800906,lower,15,49
4.0,1.3499999999999999,0.180093,lower,15,50
4.08,1.3499999999999999,0.1800954,lower,15,51
4.16,1.3499999999999999,0.1800978,lower,15,52
4.24,1.3499999999999999,0.1801002,lower,15,53
4.32,1.3499999999999999,0.1801026,lower,15,54
4.4,1.3499999999999999,0.180105,lower,15,55
4.48,1.3499999999999999,0.1801074,lower,15,56
4.5600000000000005,1.3499999999999999,0.1801098,lower,15,57
4.64,1.3499999999999999,0.1801122,lower,15,58
4.72,1.3499999999999999,0.18011459999999999,lower,15,59
4.8,1.3499999999999999,0.180117,lower,15,60
4.88,1.3499999999999999,0.18011939999999999,lower,15,61
4.96,1.3499999999999999,0.1801218,lower,15,62
5.04,1.3499999999999999,0.18012419999999998,lower,15,63
5.12,1.3499999999999999,0.1801266,lower,15,64
5.2,1.3499999999999999,0.18012899999999998,lower,15,65
5.28,1.3499999999999999,0.1801314,lower,15,66
5.36,1.3499999999999999,0.18013379999999998,lower,15,67
5.44,1.3499999999999999,0.1801362,lower,15,68
5.5200000000000005,1.3499999999999999,0.18013859999999998,lower,15,69
5.6000000000000005,1.3499999999999999,0.180141,lower,15,70
5.68,1.3499999999999999,0.18014339999999998,lower,15,71
5.76,1.3499999999999999,0.1801458,lower,15,72
5.84,1.3499999999999999,0.18014819999999998,lower,15,73
5.92,1.3499999999999999,0.1801506,lower,15,74
6.0,1.3499999999999999,0.180153,lower,15,75
6.08,1.3499999999999999,0.1801554,lower,15,76
6.16,1.3499999999999999,0.1801578,lower,15,77
6.24,1.3499999999999999,0.1801602,lower,15,78
6.32,1.3499999999999999,0.1801626,lower,15,79
0.0,1.44,0.1799712,lower,16,0
0.08,1.44,0.1799736,lower,16,1
0.16,1.44,0.179976,lower,16,2
0.24,1.44,0.1799784,lower,16,3
0.32,1.44,0.1799808,lower,16,4
0.4,1.44,0.1799832,lower,16,5
0.48,1.44,0.1799856,lower,16,6
0.56,1.44,0.179988,lower,16,7
0.64,1.44,0.1799904,lower,16,8
0.72,1.44,0.1799928,lower,16,9
0.8,1.44,0.1799952,lower,16,10
0.88,1.44,0.1799976,lower,16,11
0.96,1.44,0.18,lower,16,12
1.04,1.44,0.1800024,lower,16,13
1.12,1.44,0.1800048,lower,16,14
1.2,1.44,0.1800072,lower,16,15
1.28,1.44,0.1800096,lower,16,16
1.36,1.44,0.180012,lower,16,17
1.44,1.44,0.1800144,lower,16,18
1.52,1.44,0.1800168,lower,16,19
1.6,1.44,0.1800192,lower,16,20
1.68,1.44,0.1800216,lower,16,21
1.76,1.44,0.180024,lower,16,22
1.84,1.44,0.1800264,lower,16,23
1.92,1.44,0.1800288,lower,16,24
2.0,1.44,0.1800312,lower,16,25
2.08,1.44,0.1800336,lower,16,26
2.16,1.44,0.180036,lower,16,27
2.24,1.44,0.1800384,lower,16,28
2.32,1.44,0.1800408,lower,16,29
2.4,1.44,0.1800432,lower,16,30
2.48,1.44,0.1800456,lower,16,31
2.56,1.44,0.18004799999999999,lower,16,32
2.64,1.44,0.1800504,lower,16,33
2.72,1.44,0.18005279999999999,lower,16,34
2.8000000000000003,1.44,0.1800552,lower,16,35
2.88,1.44,0.18005759999999998,lower,16,36
2.96,1.44,0.18006,lower,16,37
3.04,1.44,0.1800624,lower,16,38
3.12,1.44,0.1800648,lower,16,39
3.2,1.44,0.1800672,lower,16,40
3.2800000000000002,1.44,0.1800696,lower,16,41
3.36,1.44,0.180072,lower,16,42
3.44,1.44,0.1800744,lower,16,43
3.52,1.44,0.1800768,lower,16,44
3.6,1.44,0.1800792,lower,16,45
3.68,1.44,0.1800816,lower,16,46
3.7600000000000002,1.44,0.180084,lower,16,47
3.84,1.44,0.1800864,lower,16,48
3.92,1.44,0.1800888,lower,16,49
4.0,1.44,0.1800912,lower,16,50
4.08,1.44,0.1800936,lower,16,51
4.16,1.44,0.180096,lower,16,52
4.24,1.44,0.1800984,lower,16,53
4.32,1.44,0.1801008,lower,16,54
4.4,1.44,0.1801032,lower,16,55
4.48,1.44,0.1801056,lower,16,56
4.5600000000000005,1.44,0.180108,lower,16,57
4.64,1.44,0.1801104,lower,16,58
4.72,1.44,0.1801128,lower,16,59
4.8,1.44,0.1801152,lower,16,60
4.88,1.44,0.1801176,lower,16,61
4.96,1.44,0.18012,lower,16,62
5.04,1.44,0.1801224,lower,16,63
5.12,1.44,0.1801248,lower,16,64
5.2,1.44,0.1801272,lower,16,65
5.28,1.44,0.1801296,lower,16,66
5.36,1.44,0.180132,lower,16,67
5.44,1.44,0.1801344,lower,16,68
5.5200000000000005,1.44,0.18013679999999999,lower,16,69
5.6000000000000005,1.44,0.1801392,lower,16,70
5.68,1.44,0.18014159999999999,lower,16,71
5.76,1.44,0.180144,lower,16,72
5.84,1.44,0.18014639999999998,lower,16,73
5.92,1.44,0.1801488,lower,16,74
6.0,1.44,0.1801512,lower,16,75
6.08,1.44,0.1801536,lower,16,76
6.16,1.44,0.180156,lower,16,77
6.24,1.44,0.1801584,lower,16,78
6.32,1.44,0.1801608,lower,16,79
0.0,1.53,0.1799694,lower,17,0
0.08,1.53,0.17997180000000002,lower,17,1
0.16,1.53,0.1799742,lower,17,2
0.24,1.53,0.17997660000000001,lower,17,3
0.32,1.53,0.179979,lower,17,4
0.4,1.53,0.1799814,lower,17,5
0.48,1.53,0.1799838,lower,17,6
0.56,1.53,0.1799862,lower,17,7
0.64,1.53,0.1799886,lower,17,8
0.72,1.53,0.179991,lower,17,9
0.8,1.53,0.1799934,lower,17,10
0.88,1.53,0.1799958,lower,17,11
0.96,1.53,0.1799982,lower,17,12
1.04,1.53,0.1800006,lower,17,13
1.12,1.53,0.180003,lower,17,14
1.2,1.53,0.1800054,lower,17,15
1.28,1.53,0.1800078,lower,17,16
1.36,1.53,0.1800102,lower,17,17
1.44,1.53,0.1800126,lower,17,18
1.52,1.53,0.180015,lower,17,19
1.6,1.53,0.1800174,lower,17,20
1.68,1.53,0.1800198,lower,17,21
1.76,1.53,0.1800222,lower,17,22
1.84,1.53,0.1800246,lower,17,23
1.92,1.53,0.180027,lower,17,24
2.0,1.53,0.1800294,lower,17,25
2.08,1.53,0.1800318,lower,17,26
2.16,1.53,0.1800342,lower,17,27
2.24,1.53,0.1800366,lower,17,28
2.32,1.53,0.180039,lower,17,29
2.4,1.53,0.1800414,lower,17,30
2.48,1.53,0.1800438,lower,17,31
2.56,1.53,0.1800462,lower,17,32
2.64,1.53,0.1800486,lower,17,33
2.72,1.53,0.180051,lower,17,34
2.8000000000000003,1.53,0.1800534,lower,17,35
2.88,1.53,0.1800558,lower,17,36
2.96,1.53,0.1800582,lower,17,37
3.04,1.53,0.18006060000000002,lower,17,38
3.12,1.53,0.180063,lower,17,39
3.2,1.53,0.18006540000000001,lower,17,40
3.2800000000000002,1.53,0.1800678,lower,17,41
3.36,1.53,0.1800702,lower,17,42
3.44,1.53,0.1800726,lower,17,43
3.52,1.53,0.180075,lower,17,44
3.6,1.53,0.1800774,lower,17,45
3.68,1.53,0.1800798,lower,17,46
3.7600000000000002,1.53,0.1800822,lower,17,47
3.84,1.53,0.1800846,lower,17,48
3.92,1.53,0.180087,lower,17,49
4.0,1.53,0.1800894,lower,17,50
4.08,1.53,0.1800918,lower,17,51
4.16,1.53,0.1800942,lower,17,52
4.24,1.53,0.1800966,lower,17,53
4.32,1.53,0.180099,lower,17,54
4.4,1.53,0.1801014,lower,17,55
4.48,1.53,0.1801038,lower,17,56
4.5600000000000005,1.53,0.1801062,lower,17,57
4.64,1.53,0.1801086,lower,17,58
4.72,1.53,0.180111,lower,17,59
4.8,1.53,0.1801134,lower,17,60
4.88,1.53,0.1801158,lower,17,61
4.96,1.53,0.1801182,lower,17,62
5.04,1.53,0.1801206,lower,17,63
5.12,1.53,0.180123,lower,17,64
5.2,1.53,0.1801254,lower,17,65
5.28,1.53,0.1801278,lower,17,66
5.36,1.53,0.1801302,lower,17,67
5.44,1.53,0.1801326,lower,17,68
5.5200000000000005,1.53,0.180135,lower,17,69
5.6000000000000005,1.53,0.1801374,lower,17,70
5.68,1.53,0.1801398,lower,17,71
5.76,1.53,0.1801422,lower,17,72
5.84,1.53,0.1801446,lower,17,73
5.92,1.53,0.180147,lower,17,74
6.0,1.53,0.18014940000000002,lower,17,75
6.08,1.53,0.1801518,lower,17,76
6.16,1.53,0.18015420000000001,lower,17,77
6.24,1.53,0.1801566,lower,17,78
6.32,1.53,0.180159,lower,17,79
0.0,1.6199999999999999,0.1799676,lower,18,0
0.08,1.6199999999999999,0.17997000000000002,lower,18,1
0.16,1.6199999999999999,0.1799724,lower,18,2
0.24,1.6199999999999999,0.17997480000000002,lower,18,3
0.32,1.6199999999999999,0.1799772,lower,18,4
0.4,1.6199999999999999,0.17997960000000002,lower,18,5
0.48,1.6199999999999999,0.179982,lower,18,6
0.56,1.6199999999999999,0.17998440000000002,lower,18,7
0.64,1.6199999999999999,0.1799868,lower,18,8
0.72,1.6199999999999999,0.17998920000000002,lower,18,9
0.8,1.6199999999999999,0.1799916,lower,18,10
0.88,1.6199999999999999,0.17999400000000002,lower,18,11
0.96,1.6199999999999999,0.1799964,lower,18,12
1.04,1.6199999999999999,0.17999880000000001,lower,18,13
1.12,1.6199999999999999,0.1800012,lower,18,14
1.2,1.6199999999999999,0.1800036,lower,18,15
1.28,1.6199999999999999,0.180006,lower,18,16
1.36,1.6199999999999999,0.1800084,lower,18,17
1.44,1.6199999999999999,0.1800108,lower,18,18
1.52,1.6199999999999999,0.1800132,lower,18,19
1.6,1.6199999999999999,0.1800156,lower,18,20
1.68,1.6199999999999999,0.180018,lower,18,21
1.76,1.6199999999999999,0.1800204,lower,18,22
1.84,1.6199999999999999,0.1800228,lower,18,23
1.92,1.6199999999999999,0.1800252,lower,18,24
2.0,1.6199999999999999,0.1800276,lower,18,25
2.08,1.6199999999999999,0.18003,lower,18,26
2.16,1.6199999999999999,0.1800324,lower,18,27
2.24,1.6199999999999999,0.1800348,lower,18,28
2.32,1.6199999999999999,0.1800372,lower,18,29
2.4,1.6199999999999999,0.1800396,lower,18,30
2.48,1.6199999999999999,0.180042,lower,18,31
2.56,1.6199999999999999,0.1800444,lower,18,32
2.64,1.6199999999999999,0.1800468,lower,18,33
2.72,1.6199999999999999,0.1800492,lower,18,34
2.8000000000000003,1.6199999999999999,0.1800516,lower,18,35
2.88,1.6199999999999999,0.180054,lower,18,36
2.96,1.6199999999999999,0.1800564,lower,18,37
3.04,1.6199999999999999,0.18005880000000002,lower,18,38
3.12,1.6199999999999999,0.1800612,lower,18,39
3.2,1.6199999999999999,0.18006360000000002,lower,18,40
3.2800000000000002,1.6199999999999999,0.180066,lower,18,41
3.36,1.6199999999999999,0.18006840000000002,lower,18,42
3.44,1.6199999999999999,0.1800708,lower,18,43
3.52,1.6199999999999999,0.18007320000000002,lower,18,44
3.6,1.6199999999999999,0.1800756,lower,18,45
3.68,1.6199999999999999,0.18007800000000002,lower,18,46
3.7600000000000002,1.6199999999999999,0.1800804,lower,18,47
3.84,1.6199999999999999,0.18008280000000002,lower,18,48
3.92,1.6199999999999999,0.1800852,lower,18,49
4.0,1.6199999999999999,0.18008760000000001,lower,18,50
4.08,1.6199999999999999,0.18009,lower,18,51
4.16,1.6199999999999999,0.1800924,lower,18,52
4.24,1.6199999999999999,0.1800948,lower,18,53
4.32,1.6199999999999999,0.1800972,lower,18,54
4.4,1.6199999999999999,0.1800996,lower,18,55
4.48,1.6199999999999999,0.180102,lower,18,56
4.5600000000000005,1.6199999999999999,0.1801044,lower,18,57
4.64,1.6199999999999999,0.1801068,lower,18,58
4.72,1.6199999999999999,0.1801092,lower,18,59
4.8,1.6199999999999999,0.1801116,lower,18,60
4.88,1.6199999999999999,0.180114,lower,18,61
4.96,1.6199999999999999,0.1801164,lower,18,62
5.04,1.6199999999999999,0.1801188,lower,18,63
5.12,1.6199999999999999,0.1801212,lower,18,64
5.2,1.6199999999999999,0.1801236,lower,18,65
5.28,1.6199999999999999,0.180126,lower,18,66
5.36,1.6199999999999999,0.1801284,lower,18,67
5.44,1.6199999999999999,0.1801308,lower,18,68
5.5200000000000005,1.6199999999999999,0.1801332,lower,18,69
5.6000000000000005,1.6199999999999999,0.1801356,lower,18,70
5.68,1.6199999999999999,0.180138,lower,18,71
5.76,1.6199999999999999,0.1801404,lower,18,72
5.84,1.6199999999999999,0.1801428,lower,18,73
5.92,1.6199999999999999,0.1801452,lower,18,74
6.0,1.6199999999999999,0.18014760000000002,lower,18,75
6.08,1.6199999999999999,0.18015,lower,18,76
6.16,1.6199999999999999,0.18015240000000002,lower,18,77
6.24,1.6199999999999999,0.1801548,lower,18,78
6.32,1.6199999999999999,0.18015720000000002,lower,18,79
0.0,1.71,0.17996579999999998,lower,19,0
0.08,1.71,0.1799682,lower,19,1
0.16,1.71,0.17997059999999998,lower,19,2
0.24,1.71,0.179973,lower,19,3
0.32,1.71,0.17997539999999998,lower,19,4
0.4,1.71,0.1799778,lower,19,5
0.48,1.71,0.17998019999999998,lower,19,6
0.56,1.71,0.1799826,lower,19,7
0.64,1.71,0.17998499999999998,lower,19,8
0.72,1.71,0.1799874,lower,19,9
0.8,1.71,0.17998979999999998,lower,19,10
0.88,1.71,0.1799922,lower,19,11
0.96,1.71,0.17999459999999998,lower,19,12
1.04,1.71,0.179997,lower,19,13
1.12,1.71,0.17999939999999998,lower,19,14
1.2,1.71,0.1800018,lower,19,15
1.28,1.71,0.18000419999999998,lower,19,16
1.36,1.71,0.1800066,lower,19,17
1.44,1.71,0.18000899999999997,lower,19,18
1.52,1.71,0.1800114,lower,19,19
1.6,1.71,0.18001379999999997,lower,19,20
1.68,1.71,0.1800162,lower,19,21
1.76,1.71,0.18001859999999997,lower,19,22
1.84,1.71,0.180021,lower,19,23
1.92,1.71,0.18002339999999997,lower,19,24
2.0,1.71,0.18002579999999999,lower,19,25
2.08,1.71,0.18002819999999997,lower,19,26
2.16,1.71,0.18003059999999999,lower,19,27
2.24,1.71,0.18003299999999997,lower,19,28
2.32,1.71,0.18003539999999998,lower,19,29
2.4,1.71,0.18003779999999997,lower,19,30
2.48,1.71,0.18004019999999998,lower,19,31
2.56,1.71,0.18004259999999997,lower,19,32
2.64,1.71,0.18004499999999998,lower,19,33
2.72,1.71,0.18004739999999997,lower,19,34
2.8000000000000003,1.71,0.18004979999999998,lower,19,35
2.88,1.71,0.18005219999999997,lower,19,36
2.96,1.71,0.18005459999999998,lower,19,37
3.04,1.71,0.180057,lower,19,38
3.12,1.71,0.18005939999999998,lower,19,39
3.2,1.71,0.1800618,lower,19,40
3.2800000000000002,1.71,0.18006419999999998,lower,19,41
3.36,1.71,0.1800666,lower,19,42
3.44,1.71,0.18006899999999998,lower,19,43
3.52,1.71,0.1800714,lower,19,44
3.6,1.71,0.18007379999999998,lower,19,45
3.68,1.71,0.1800762,lower,19,46
3.7600000000000002,1.71,0.18007859999999998,lower,19,47
3.84,1.71,0.180081,lower,19,48
3.92,1.71,0.18008339999999998,lower,19,49
4.0,1.71,0.1800858,lower,19,50
4.08,1.71,0.18008819999999998,lower,19,51
4.16,1.71,0.1800906,lower,19,52
4.24,1.71,0.18009299999999998,lower,19,53
4.32,1.71,0.1800954,lower,19,54
4.4,1.71,0.18009779999999997,lower,19,55
4.48,1.71,0.1801002,lower,19,56
4.5600000000000005,1.71,0.18010259999999997,lower,19,57
4.64,1.71,0.180105,lower,19,58
4.72,1.71,0.18010739999999997,lower,19,59
4.8,1.71,0.1801098,lower,19,60
4.88,1.71,0.18011219999999997,lower,19,61
4.96,1.71,0.18011459999999999,lower,19,62
5.04,1.71,0.18011699999999997,lower,19,63
5.12,1.71,0.18011939999999999,lower,19,64
5.2,1.71,0.18012179999999997,lower,19,65
5.28,1.71,0.18012419999999998,lower,19,66
5.36,1.71,0.18012659999999997,lower,19,67
5.44,1.71,0.18012899999999998,lower,19,68
5.5200000000000005,1.71,0.18013139999999997,lower,19,69
5.6000000000000005,1.71,0.18013379999999998,lower,19,70
5.68,1.71,0.18013619999999997,lower,19,71
5.76,1.71,0.18013859999999998,lower,19,72
5.84,1.71,0.18014099999999997,lower,19,73
5.92,1.71,0.18014339999999998,lower,19,74
6.0,1.71,0.1801458,lower,19,75
6.08,1.71,0.18014819999999998,lower,19,76
6.16,1.71,0.1801506,lower,19,77
6.24,1.71,0.18015299999999998,lower,19,78
6.32,1.71,0.1801554,lower,19,79
0.0,1.7999999999999998,0.17996399999999999,lower,20,0
0.08,1.7999999999999998,0.1799664,lower,20,1
0.16,1.7999999999999998,0.17996879999999998,lower,20,2
0.24,1.7999999999999998,0.1799712,lower,20,3
0.32,1.7999999999999998,0.17997359999999998,lower,20,4
0.4,1.7999999999999998,0.179976,lower,20,5
0.48,1.7999999999999998,0.17997839999999998,lower,20,6
0.56,1.7999999999999998,0.1799808,lower,20,7
0.64,1.7999999999999998,0.17998319999999998,lower,20,8
0.72,1.7999999999999998,0.1799856,lower,20,9
0.8,1.7999999999999998,0.17998799999999998,lower,20,10
0.88,1.7999999999999998,0.1799904,lower,20,11
0.96,1.7999999999999998,0.17999279999999998,lower,20,12
1.04,1.7999999999999998,0.1799952,lower,20,13
1.12,1.7999999999999998,0.17999759999999998,lower,20,14
1.2,1.7999999999999998,0.18,lower,20,15
1.28,1.7999999999999998,0.18000239999999998,lower,20,16
1.36,1.7999999999999998,0.1800048,lower,20,17
1.44,1.7999999999999998,0.18000719999999998,lower,20,18
1.52,1.7999999999999998,0.1800096,lower,20,19
1.6,1.7999999999999998,0.18001199999999998,lower,20,20
1.68,1.7999999999999998,0.1800144,lower,20,21
1.76,1.7999999999999998,0.18001679999999998,lower,20,22
1.84,1.7999999999999998,0.1800192,lower,20,23
1.92,1.7999999999999998,0.18002159999999998,lower,20,24
2.0,1.7999999999999998,0.180024,lower,20,25
2.08,1.7999999999999998,0.18002639999999998,lower,20,26
2.16,1.7999999999999998,0.1800288,lower,20,27
2.24,1.7999999999999998,0.18003119999999997,lower,20,28
2.32,1.7999999999999998,0.1800336,lower,20,29
2.4,1.7999999999999998,0.18003599999999997,lower,20,30
2.48,1.7999999999999998,0.1800384,lower,20,31
2.56,1.7999999999999998,0.18004079999999997,lower,20,32
2.64,1.7999999999999998,0.1800432,lower,20,33
2.72,1.7999999999999998,0.18004559999999997,lower,20,34
2.8000000000000003,1.7999999999999998,0.18004799999999999,lower,20,35
2.88,1.7999999999999998,0.18005039999999997,lower,20,36
2.96,1.7999999999999998,0.18005279999999999,lower,20,37
3.04,1.7999999999999998,0.1800552,lower,20,38
3.12,1.7999999999999998,0.18005759999999998,lower,20,39
3.2,1.7999999999999998,0.18006,lower,20,40
3.2800000000000002,1.7999999999999998,0.18006239999999998,lower,20,41
3.36,1.7999999999999998,0.1800648,lower,20,42
3.44,1.7999999999999998,0.18006719999999998,lower,20,43
3.52,1.7999999999999998,0.1800696,lower,20,44
3.6,1.7999999999999998,0.18007199999999998,lower,20,45
3.68,1.7999999999999998,0.1800744,lower,20,46
3.7600000000000002,1.7999999999999998,0.18007679999999998,lower,20,47
3.84,1.7999999999999998,0.1800792,lower,20,48
3.92,1.7999999999999998,0.18008159999999998,lower,20,49
4.0,1.7999999999999998,0.180084,lower,20,50
4.08,1.7999999999999998,0.18008639999999998,lower,20,51
4.16,1.7999999999999998,0.1800888,lower,20,52
4.24,1.7999999999999998,0.18009119999999998,lower,20,53
4.32,1.7999999999999998,0.1800936,lower,20,54
4.4,1.7999999999999998,0.18009599999999998,lower,20,55
4.48,1.7999999999999998,0.1800984,lower,20,56
4.5600000000000005,1.7999999999999998,0.18010079999999998,lower,20,57
4.64,1.7999999999999998,0.1801032,lower,20,58
4.72,1.7999999999999998,0.18010559999999998,lower,20,59
4.8,1.7999999999999998,0.180108,lower,20,60
4.88,1.7999999999999998,0.18011039999999998,lower,20,61
4.96,1.7999999999999998,0.1801128,lower,20,62
5.04,1.7999999999999998,0.18011519999999998,lower,20,63
5.12,1.7999999999999998,0.1801176,lower,20,64
5.2,1.7999999999999998,0.18011999999999997,lower,20,65
5.28,1.7999999999999998,0.1801224,lower,20,66
5.36,1.7999999999999998,0.18012479999999997,lower,20,67
5.44,1.7999999999999998,0.1801272,lower,20,68
5.5200000000000005,1.7999999999999998,0.18012959999999997,lower,20,69
5.6000000000000005,1.7999999999999998,0.180132,lower,20,70
5.68,1.7999999999999998,0.18013439999999997,lower,20,71
5.76,1.7999999999999998,0.18013679999999999,lower,20,72
5.84,1.7999999999999998,0.18013919999999997,lower,20,73
5.92,1.7999999999999998,0.18014159999999999,lower,20,74
6.0,1.7999999999999998,0.180144,lower,20,75
6.08,1.7999999999999998,0.18014639999999998,lower,20,76
6.16,1.7999999999999998,0.1801488,lower,20,77
6.24,1.7999999999999998,0.18015119999999998,lower,20,78
6.32,1.7999999999999998,0.1801536,lower,20,79
0.0,1.89,0.1799622,lower,21,0
0.08,1.89,0.1799646,lower,21,1
0.16,1.89,0.179967,lower,21,2
0.24,1.89,0.1799694,lower,21,3
0.32,1.89,0.1799718,lower,21,4
0.4,1.89,0.1799742,lower,21,5
0.48,1.89,0.1799766,lower,21,6
0.56,1.89,0.179979,lower,21,7
0.64,1.89,0.17998139999999999,lower,21,8
0.72,1.89,0.1799838,lower,21,9
0.8,1.89,0.17998619999999999,lower,21,10
0.88,1.89,0.1799886,lower,21,11
0.96,1.89,0.17999099999999998,lower,21,12
1.04,1.89,0.1799934,lower,21,13
1.12,1.89,0.17999579999999998,lower,21,14
1.2,1.89,0.1799982,lower,21,15
1.28,1.89,0.18000059999999998,lower,21,16
1.36,1.89,0.180003,lower,21,17
1.44,1.89,0.18000539999999998,lower,21,18
1.52,1.89,0.1800078,lower,21,19
1.6,1.89,0.18001019999999998,lower,21,20
1.68,1.89,0.1800126,lower,21,21
1.76,1.89,0.18001499999999998,lower,21,22
1.84,1.89,0.1800174,lower,21,23
1.92,1.89,0.18001979999999998,lower,21,24
2.0,1.89,0.1800222,lower,21,25
2.08,1.89,0.18002459999999998,lower,21,26
2.16,1.89,0.180027,lower,21,27
2.24,1.89,0.18002939999999998,lower,21,28
2.32,1.89,0.1800318,lower,21,29
2.4,1.89,0.18003419999999998,lower,21,30
2.48,1.89,0.1800366,lower,21,31
2.56,1.89,0.18003899999999998,lower,21,32
2.64,1.89,0.1800414,lower,21,33
2.72,1.89,0.18004379999999998,lower,21,34
2.8000000000000003,1.89,0.1800462,lower,21,35
2.88,1.89,0.18004859999999998,lower,21,36
2.96,1.89,0.180051,lower,21,37
3.04,1.89,0.1800534,lower,21,38
3.12,1.89,0.1800558,lower,21,39
3.2,1.89,0.1800582,lower,21,40
3.2800000000000002,1.89,0.1800606,lower,21,41
3.36,1.89,0.180063,lower,21,42
3.44,1.89,0.1800654,lower,21,43
3.52,1.89,0.1800678,lower,21,44
3.6,1.89,0.18007019999999999,lower,21,45
3.68,1.89,0.1800726,lower,21,46
3.7600000000000002,1.89,0.18007499999999999,lower,21,47
3.84,1.89,0.1800774,lower,21,48
3.92,1.89,0.18007979999999998,lower,21,49
4.0,1.89,0.1800822,lower,21,50
4.08,1.89,0.18008459999999998,lower,21,51
4.16,1.89,0.180087,lower,21,52
4.24,1.89,0.18008939999999998,lower,21,53
4.32,1.89,0.1800918,lower,21,54
4.4,1.89,0.18009419999999998,lower,21,55
4.48,1.89,0.1800966,lower,21,56
4.5600000000000005,1.89,0.18009899999999998,lower,21,57
4.64,1.89,0.1801014,lower,21,58
4.72,1.89,0.18010379999999998,lower,21,59
4.8,1.89,0.1801062,lower,21,60
4.88,1.89,0.18010859999999998,lower,21,61
4.96,1.89,0.180111,lower,21,62
5.04,1.89,0.18011339999999998,lower,21,63
5.12,1.89,0.1801158,lower,21,64
5.2,1.89,0.18011819999999998,lower,21,65
5.28,1.89,0.1801206,lower,21,66
5.36,1.89,0.18012299999999998,lower,21,67
5.44,1.89,0.1801254,lower,21,68
5.5200000000000005,1.89,0.18012779999999998,lower,21,69
5.6000000000000005,1.89,0.1801302,lower,21,70
5.68,1.89,0.18013259999999998,lower,21,71
5.76,1.89,0.180135,lower,21,72
5.84,1.89,0.18013739999999998,lower,21,73
5.92,1.89,0.1801398,lower,21,74
6.0,1.89,0.1801422,lower,21,75
6.08,1.89,0.1801446,lower,21,76
6.16,1.89,0.180147,lower,21,77
6.24,1.89,0.1801494,lower,21,78
6.32,1.89,0.1801518,lower,21,79
0.0,1.98,0.1799604,lower,22,0
0.08,1.98,0.1799628,lower,22,1
0.16,1.98,0.1799652,lower,22,2
0.24,1.98,0.1799676,lower,22,3
0.32,1.98,0.17997,lower,22,4
0.4,1.98,0.1799724,lower,22,5
0.48,1.98,0.1799748,lower,22,6
0.56,1.98,0.1799772,lower,22,7
0.64,1.98,0.1799796,lower,22,8
0.72,1.98,0.179982,lower,22,9
0.8,1.98,0.1799844,lower,22,10
0.88,1.98,0.1799868,lower,22,11
0.96,1.98,0.1799892,lower,22,12
1.04,1.98,0.1799916,lower,22,13
1.12,1.98,0.179994,lower,22,14
1.2,1.98,0.1799964,lower,22,15
1.28,1.98,0.1799988,lower,22,16
1.36,1.98,0.1800012,lower,22,17
1.44,1.98,0.18000359999999999,lower,22,18
1.52,1.98,0.180006,lower,22,19
1.6,1.98,0.18000839999999999,lower,22,20
1.68,1.98,0.1800108,lower,22,21
1.76,1.98,0.18001319999999998,lower,22,22
1.84,1.98,0.1800156,lower,22,23
1.92,1.98,0.18001799999999998,lower,22,24
2.0,1.98,0.1800204,lower,22,25
2.08,1.98,0.18002279999999998,lower,22,26
2.16,1.98,0.1800252,lower,22,27
2.24,1.98,0.18002759999999998,lower,22,28
2.32,1.98,0.18003,lower,22,29
2.4,1.98,0.18003239999999998,lower,22,30
2.48,1.98,0.1800348,lower,22,31
2.56,1.98,0.18003719999999998,lower,22,32
2.64,1.98,0.1800396,lower,22,33
2.72,1.98,0.18004199999999998,lower,22,34
2.8000000000000003,1.98,0.1800444,lower,22,35
2.88,1.98,0.18004679999999998,lower,22,36
2.96,1.98,0.1800492,lower,22,37
3.04,1.98,0.1800516,lower,22,38
3.12,1.98,0.180054,lower,22,39
3.2,1.98,0.1800564,lower,22,40
3.2800000000000002,1.98,0.1800588,lower,22,41
3.36,1.98,0.1800612,lower,22,42
3.44,1.98,0.1800636,lower,22,43
3.52,1.98,0.180066,lower,22,44
3.6,1.98,0.1800684,lower,22,45
3.68,1.98,0.1800708,lower,22,46
3.7600000000000002,1.98,0.1800732,lower,22,47
3.84,1.98,0.1800756,lower,22,48
3.92,1.98,0.180078,lower,22,49
4.0,1.98,0.1800804,lower,22,50
4.08,1.98,0.1800828,lower,22,51
4.16,1.98,0.1800852,lower,22,52
4.24,1.98,0.1800876,lower,22,53
4.32,1.98,0.18009,lower,22,54
4.4,1.98,0.18009239999999999,lower,22,55
4.48,1.98,0.1800948,lower,22,56
4.5600000000000005,1.98,0.18009719999999999,lower,22,57
4.64,1.98,0.1800996,lower,22,58
4.72,1.98,0.18010199999999998,lower,22,59
4.8,1.98,0.1801044,lower,22,60
4.88,1.98,0.18010679999999998,lower,22,61
4.96,1.98,0.1801092,lower,22,62
5.04,1.98,0.18011159999999998,lower,22,63
5.12,1.98,0.180114,lower,22,64
5.2,1.98,0.18011639999999998,lower,22,65
5.28,1.98,0.1801188,lower,22,66
5.36,1.98,0.18012119999999998,lower,22,67
5.44,1.98,0.1801236,lower,22,68
5.5200000000000005,1.98,0.18012599999999998,lower,22,69
5.6000000000000005,1.98,0.1801284,lower,22,70
5.68,1.98,0.18013079999999998,lower,22,71
5.76,1.98,0.1801332,lower,22,72
5.84,1.98,0.18013559999999998,lower,22,73
5.92,1.98,0.180138,lower,22,74
6.0,1.98,0.1801404,lower,22,75
6.08,1.98,0.1801428,lower,22,76
6.16,1.98,0.1801452,lower,22,77
6.24,1.98,0.1801476,lower,22,78
6.32,1.98,0.18015,lower,22,79
0.0,2.07,0.1799586,lower,23,0
0.08,2.07,0.179961,lower,23,1
0.16,2.07,0.1799634,lower,23,2
0.24,2.07,0.1799658,lower,23,3
0.32,2.07,0.1799682,lower,23,4
0.4,2.07,0.1799706,lower,23,5
0.48,2.07,0.179973,lower,23,6
0.56,2.07,0.1799754,lower,23,7
0.64,2.07,0.1799778,lower,23,8
0.72,2.07,0.1799802,lower,23,9
0.8,2.07,0.1799826,lower,23,10
0.88,2.07,0.179985,lower,23,11
0.96,2.07,0.1799874,lower,23,12
1.04,2.07,0.1799898,lower,23,13
1.12,2.07,0.1799922,lower,23,14
1.2,2.07,0.1799946,lower,23,15
1.28,2.07,0.179997,lower,23,16
1.36,2.07,0.1799994,lower,23,17
1.44,2.07,0.1800018,lower,23,18
1.52,2.07,0.1800042,lower,23,19
1.6,2.07,0.1800066,lower,23,20
1.68,2.07,0.180009,lower,23,21
1.76,2.07,0.1800114,lower,23,22
1.84,2.07,0.1800138,lower,23,23
1.92,2.07,0.1800162,lower,23,24
2.0,2.07,0.1800186,lower,23,25
2.08,2.07,0.180021,lower,23,26
2.16,2.07,0.1800234,lower,23,27
2.24,2.07,0.18002579999999999,lower,23,28
2.32,2.07,0.1800282,lower,23,29
2.4,2.07,0.18003059999999999,lower,23,30
2.48,2.07,0.180033,lower,23,31
2.56,2.07,0.18003539999999998,lower,23,32
2.64,2.07,0.1800378,lower,23,33
2.72,2.07,0.18004019999999998,lower,23,34
2.8000000000000003,2.07,0.1800426,lower,23,35
2.88,2.07,0.18004499999999998,lower,23,36
2.96,2.07,0.1800474,lower,23,37
3.04,2.07,0.1800498,lower,23,38
3.12,2.07,0.1800522,lower,23,39
3.2,2.07,0.1800546,lower,23,40
3.2800000000000002,2.07,0.180057,lower,23,41
3.36,2.07,0.1800594,lower,23,42
3.44,2.07,0.1800618,lower,23,43
3.52,2.07,0.1800642,lower,23,44
3.6,2.07,0.1800666,lower,23,45
3.68,2.07,0.180069,lower,23,46
3.7600000000000002,2.07,0.1800714,lower,23,47
3.84,2.07,0.1800738,lower,23,48
3.92,2.07,0.1800762,lower,23,49
4.0,2.07,0.1800786,lower,23,50
4.08,2.07,0.180081,lower,23,51
4.16,2.07,0.1800834,lower,23,52
4.24,2.07,0.1800858,lower,23,53
4.32,2.07,0.1800882,lower,23,54
4.4,2.07,0.1800906,lower,23,55
4.48,2.07,0.180093,lower,23,56
4.5600000000000005,2.07,0.1800954,lower,23,57
4.64,2.07,0.1800978,lower,23,58
4.72,2.07,0.1801002,lower,23,59
4.8,2.07,0.1801026,lower,23,60
4.88,2.07,0.180105,lower,23,61
4.96,2.07,0.1801074,lower,23,62
5.04,2.07,0.1801098,lower,23,63
5.12,2.07,0.1801122,lower,23,64
5.2,2.07,0.18011459999999999,lower,23,65
5.28,2.07,0.180117,lower,23,66
5.36,2.07,0.18011939999999999,lower,23,67
5.44,2.07,0.1801218,lower,23,68
5.5200000000000005,2.07,0.18012419999999998,lower,23,69
5.6000000000000005,2.07,0.1801266,lower,23,70
5.68,2.07,0.18012899999999998,lower,23,71
5.76,2.07,0.1801314,lower,23,72
5.84,2.07,0.18013379999999998,lower,23,73
5.92,2.07,0.1801362,lower,23,74
6.0,2.07,0.1801386,lower,23,75
6.08,2.07,0.180141,lower,23,76
6.16,2.07,0.1801434,lower,23,77
6.24,2.07,0.1801458,lower,23,78
6.32,2.07,0.1801482,lower,23,79
0.0,2.16,0.1799568,lower,24,0
0.08,2.16,0.1799592,lower,24,1
0.16,2.16,0.1799616,lower,24,2
0.24,2.16,0.179964,lower,24,3
0.32,2.16,0.1799664,lower,24,4
0.4,2.16,0.1799688,lower,24,5
0.48,2.16,0.1799712,lower,24,6
0.56,2.16,0.1799736,lower,24,7
0.64,2.16,0.179976,lower,24,8
0.72,2.16,0.1799784,lower,24,9
0.8,2.16,0.1799808,lower,24,10
0.88,2.16,0.1799832,lower,24,11
0.96,2.16,0.1799856,lower,24,12
1.04,2.16,0.179988,lower,24,13
1.12,2.16,0.1799904,lower,24,14
1.2,2.16,0.1799928,lower,24,15
1.28,2.16,0.1799952,lower,24,16
1.36,2.16,0.1799976,lower,24,17
1.44,2.16,0.18,lower,24,18
1.52,2.16,0.1800024,lower,24,19
1.6,2.16,0.1800048,lower,24,20
1.68,2.16,0.1800072,lower,24,21
1.76,2.16,0.1800096,lower,24,22
1.84,2.16,0.180012,lower,24,23
1.92,2.16,0.1800144,lower,24,24
2.0,2.16,0.1800168,lower,24,25
2.08,2.16,0.1800192,lower,24,26
2.16,2.16,0.1800216,lower,24,27
2.24,2.16,0.180024,lower,24,28
2.32,2.16,0.1800264,lower,24,29
2.4,2.16,0.1800288,lower,24,30
2.48,2.16,0.1800312,lower,24,31
2.56,2.16,0.1800336,lower,24,32
2.64,2.16,0.180036,lower,24,33
2.72,2.16,0.1800384,lower,24,34
2.8000000000000003,2.16,0.1800408,lower,24,35
2.88,2.16,0.1800432,lower,24,36
2.96,2.16,0.1800456,lower,24,37
3.04,2.16,0.180048,lower,24,38
3.12,2.16,0.1800504,lower,24,39
3.2,2.16,0.1800528,lower,24,40
3.2800000000000002,2.16,0.1800552,lower,24,41
3.36,2.16,0.1800576,lower,24,42
3.44,2.16,0.18006,lower,24,43
3.52,2.16,0.1800624,lower,24,44
3.6,2.16,0.1800648,lower,24,45
3.68,2.16,0.1800672,lower,24,46
3.7600000000000002,2.16,0.1800696,lower,24,47
3.84,2.16,0.180072,lower,24,48
3.92,2.16,0.1800744,lower,24,49
4.0,2.16,0.1800768,lower,24,50
4.08,2.16,0.1800792,lower,24,51
4.16,2.16,0.1800816,lower,24,52
4.24,2.16,0.180084,lower,24,53
4.32,2.16,0.1800864,lower,24,54
4.4,2.16,0.1800888,lower,24,55
4.48,2.16,0.1800912,lower,24,56
4.5600000000000005,2.16,0.1800936,lower,24,57
4.64,2.16,0.180096,lower,24,58
4.72,2.16,0.1800984,lower,24,59
4.8,2.16,0.1801008,lower,24,60
4.88,2.16,0.1801032,lower,24,61
4.96,2.16,0.1801056,lower,24,62
5.04,2.16,0.180108,lower,24,63
5.12,2.16,0.1801104,lower,24,64
5.2,2.16,0.1801128,lower,24,65
5.28,2.16,0.1801152,lower,24,66
5.36,2.16,0.1801176,lower,24,67
5.44,2.16,0.18012,lower,24,68
5.5200000000000005,2.16,0.1801224,lower,24,69
5.6000000000000005,2.16,0.1801248,lower,24,70
5.68,2.16,0.1801272,lower,24,71
5.76,2.16,0.1801296,lower,24,72
5.84,2.16,0.180132,lower,24,73
5.92,2.16,0.1801344,lower,24,74
6.0,2.16,0.1801368,lower,24,75
6.08,2.16,0.1801392,lower,24,76
6.16,2.16,0.1801416,lower,24,77
6.24,2.16,0.180144,lower,24,78
6.32,2.16,0.1801464,lower,24,79
0.0,2.25,0.179955,lower,25,0
0.08,2.25,0.17995740000000002,lower,25,1
0.16,2.25,0.1799598,lower,25,2
0.24,2.25,0.17996220000000002,lower,25,3
0.32,2.25,0.1799646,lower,25,4
0.4,2.25,0.17996700000000002,lower,25,5
0.48,2.25,0.1799694,lower,25,6
0.56,2.25,0.17997180000000002,lower,25,7
0.64,2.25,0.1799742,lower,25,8
0.72,2.25,0.17997660000000001,lower,25,9
0.8,2.25,0.179979,lower,25,10
0.88,2.25,0.1799814,lower,25,11
0.96,2.25,0.1799838,lower,25,12
1.04,2.25,0.1799862,lower,25,13
1.12,2.25,0.1799886,lower,25,14
1.2,2.25,0.179991,lower,25,15
1.28,2.25,0.1799934,lower,25,16
1.36,2.25,0.1799958,lower,25,17
1.44,2.25,0.1799982,lower,25,18
1.52,2.25,0.1800006,lower,25,19
1.6,2.25,0.180003,lower,25,20
1.68,2.25,0.1800054,lower,25,21
1.76,2.25,0.1800078,lower,25,22
1.84,2.25,0.1800102,lower,25,23
1.92,2.25,0.1800126,lower,25,24
2.0,2.25,0.180015,lower,25,25
2.08,2.25,0.1800174,lower,25,26
2.16,2.25,0.1800198,lower,25,27
2.24,2.25,0.1800222,lower,25,28
2.32,2.25,0.1800246,lower,25,29
2.4,2.25,0.180027,lower,25,30
2.48,2.25,0.1800294,lower,25,31
2.56,2.25,0.1800318,lower,25,32
2.64,2.25,0.1800342,lower,25,33
2.72,2.25,0.1800366,lower,25,34
2.8000000000000003,2.25,0.180039,lower,25,35
2.88,2.25,0.1800414,lower,25,36
2.96,2.25,0.1800438,lower,25,37
3.04,2.25,0.18004620000000002,lower,25,38
3.12,2.25,0.1800486,lower,25,39
3.2,2.25,0.18005100000000002,lower,25,40
3.2800000000000002,2.25,0.1800534,lower,25,41
3.36,2.25,0.18005580000000002,lower,25,42
3.44,2.25,0.1800582,lower,25,43
3.52,2.25,0.18006060000000002,lower,25,44
3.6,2.25,0.180063,lower,25,45
3.68,2.25,0.18006540000000001,lower,25,46
3.7600000000000002,2.25,0.1800678,lower,25,47
3.84,2.25,0.1800702,lower,25,48
3.92,2.25,0.1800726,lower,25,49
4.0,2.25,0.180075,lower,25,50
4.08,2.25,0.1800774,lower,25,51
4.16,2.25,0.1800798,lower,25,52
4.24,2.25,0.1800822,lower,25,53
4.32,2.25,0.1800846,lower,25,54
4.4,2.25,0.180087,lower,25,55
4.48,2.25,0.1800894,lower,25,56
4.5600000000000005,2.25,0.1800918,lower,25,57
4.64,2.25,0.1800942,lower,25,58
4.72,2.25,0.1800966,lower,25,59
4.8,2.25,0.180099,lower,25,60
4.88,2.25,0.1801014,lower,25,61
4.96,2.25,0.1801038,lower,25,62
5.04,2.25,0.1801062,lower,25,63
5.12,2.25,0.1801086,lower,25,64
5.2,2.25,0.180111,lower,25,65
5.28,2.25,0.1801134,lower,25,66
5.36,2.25,0.1801158,lower,25,67
5.44,2.25,0.1801182,lower,25,68
5.5200000000000005,2.25,0.1801206,lower,25,69
5.6000000000000005,2.25,0.180123,lower,25,70
5.68,2.25,0.1801254,lower,25,71
5.76,2.25,0.1801278,lower,25,72
5.84,2.25,0.1801302,lower,25,73
5.92,2.25,0.1801326,lower,25,74
6.0,2.25,0.18013500000000002,lower,25,75
6.08,2.25,0.1801374,lower,25,76
6.16,2.25,0.18013980000000002,lower,25,77
6.24,2.25,0.1801422,lower,25,78
6.32,2.25,0.18014460000000002,lower,25,79
0.0,2.34,0.17995319999999998,lower,26,0
0.08,2.34,0.1799556,lower,26,1
0.16,2.34,0.17995799999999998,lower,26,2
0.24,2.34,0.1799604,lower,26,3
0.32,2.34,0.17996279999999998,lower,26,4
0.4,2.34,0.1799652,lower,26,5
0.48,2.34,0.17996759999999998,lower,26,6
0.56,2.34,0.17997,lower,26,7
0.64,2.34,0.17997239999999998,lower,26,8
0.72,2.34,0.1799748,lower,26,9
0.8,2.34,0.17997719999999998,lower,26,10
0.88,2.34,0.1799796,lower,26,11
0.96,2.34,0.17998199999999998,lower,26,12
1.04,2.34,0.1799844,lower,26,13
1.12,2.34,0.17998679999999997,lower,26,14
1.2,2.34,0.1799892,lower,26,15
1.28,2.34,0.17999159999999997,lower,26,16
1.36,2.34,0.179994,lower,26,17
1.44,2.34,0.17999639999999997,lower,26,18
1.52,2.34,0.1799988,lower,26,19
1.6,2.34,0.18000119999999997,lower,26,20
1.68,2.34,0.18000359999999999,lower,26,21
1.76,2.34,0.18000599999999997,lower,26,22
1.84,2.34,0.18000839999999999,lower,26,23
1.92,2.34,0.18001079999999997,lower,26,24
2.0,2.34,0.18001319999999998,lower,26,25
2.08,2.34,0.18001559999999997,lower,26,26
2.16,2.34,0.18001799999999998,lower,26,27
2.24,2.34,0.18002039999999997,lower,26,28
2.32,2.34,0.18002279999999998,lower,26,29
2.4,2.34,0.18002519999999997,lower,26,30
2.48,2.34,0.18002759999999998,lower,26,31
2.56,2.34,0.18002999999999997,lower,26,32
2.64,2.34,0.18003239999999998,lower,26,33
2.72,2.34,0.18003479999999997,lower,26,34
2.8000000000000003,2.34,0.18003719999999998,lower,26,35
2.88,2.34,0.18003959999999997,lower,26,36
2.96,2.34,0.18004199999999998,lower,26,37
3.04,2.34,0.1800444,lower,26,38
3.12,2.34,0.18004679999999998,lower,26,39
3.2,2.34,0.1800492,lower,26,40
3.2800000000000002,2.34,0.18005159999999998,lower,26,41
3.36,2.34,0.180054,lower,26,42
3.44,2.34,0.18005639999999998,lower,26,43
3.52,2.34,0.1800588,lower,26,44
3.6,2.34,0.18006119999999998,lower,26,45
3.68,2.34,0.1800636,lower,26,46
3.7600000000000002,2.34,0.18006599999999998,lower,26,47
3.84,2.34,0.1800684,lower,26,48
3.92,2.34,0.18007079999999998,lower,26,49
4.0,2.34,0.1800732,lower,26,50
4.08,2.34,0.18007559999999997,lower,26,51
4.16,2.34,0.180078,lower,26,52
4.24,2.34,0.18008039999999997,lower,26,53
4.32,2.34,0.1800828,lower,26,54
4.4,2.34,0.18008519999999997,lower,26,55
4.48,2.34,0.1800876,lower,26,56
4.5600000000000005,2.34,0.18008999999999997,lower,26,57
4.64,2.34,0.18009239999999999,lower,26,58
4.72,2.34,0.18009479999999997,lower,26,59
4.8,2.34,0.18009719999999999,lower,26,60
4.88,2.34,0.18009959999999997,lower,26,61
4.96,2.34,0.18010199999999998,lower,26,62
5.04,2.34,0.18010439999999997,lower,26,63
5.12,2.34,0.18010679999999998,lower,26,64
5.2,2.34,0.18010919999999997,lower,26,65
5.28,2.34,0.18011159999999998,lower,26,66
5.36,2.34,0.18011399999999997,lower,26,67
5.44,2.34,0.18011639999999998,lower,26,68
5.5200000000000005,2.34,0.18011879999999997,lower,26,69
5.6000000000000005,2.34,0.18012119999999998,lower,26,70
5.68,2.34,0.18012359999999997,lower,26,71
5.76,2.34,0.18012599999999998,lower,26,72
5.84,2.34,0.18012839999999997,lower,26,73
5.92,2.34,0.18013079999999998,lower,26,74
6.0,2.34,0.1801332,lower,26,75
6.08,2.34,0.18013559999999998,lower,26,76
6.16,2.34,0.180138,lower,26,77
6.24,2.34,0.18014039999999998,lower,26,78
6.32,2.34,0.1801428,lower,26,79
0.0,2.4299999999999997,0.17995139999999998,lower,27,0
0.08,2.4299999999999997,0.1799538,lower,27,1
0.16,2.4299999999999997,0.17995619999999998,lower,27,2
0.24,2.4299999999999997,0.1799586,lower,27,3
0.32,2.4299999999999997,0.17996099999999998,lower,27,4
0.4,2.4299999999999997,0.1799634,lower,27,5
0.48,2.4299999999999997,0.17996579999999998,lower,27,6
0.56,2.4299999999999997,0.1799682,lower,27,7
0.64,2.4299999999999997,0.17997059999999998,lower,27,8
0.72,2.4299999999999997,0.179973,lower,27,9
0.8,2.4299999999999997,0.17997539999999998,lower,27,10
0.88,2.4299999999999997,0.1799778,lower,27,11
0.96,2.4299999999999997,0.17998019999999998,lower,27,12
1.04,2.4299999999999997,0.1799826,lower,27,13
1.12,2.4299999999999997,0.17998499999999998,lower,27,14
1.2,2.4299999999999997,0.1799874,lower,27,15
1.28,2.4299999999999997,0.17998979999999998,lower,27,16
1.36,2.4299999999999997,0.1799922,lower,27,17
1.44,2.4299999999999997,0.17999459999999998,lower,27,18
1.52,2.4299999999999997,0.179997,lower,27,19
1.6,2.4299999999999997,0.17999939999999998,lower,27,20
1.68,2.4299999999999997,0.1800018,lower,27,21
1.76,2.4299999999999997,0.18000419999999998,lower,27,22
1.84,2.4299999999999997,0.1800066,lower,27,23
1.92,2.4299999999999997,0.18000899999999997,lower,27,24
2.0,2.4299999999999997,0.1800114,lower,27,25
2.08,2.4299999999999997,0.18001379999999997,lower,27,26
2.16,2.4299999999999997,0.1800162,lower,27,27
2.24,2.4299999999999997,0.18001859999999997,lower,27,28
2.32,2.4299999999999997,0.180021,lower,27,29
2.4,2.4299999999999997,0.18002339999999997,lower,27,30
2.48,2.4299999999999997,0.18002579999999999,lower,27,31
2.56,2.4299999999999997,0.18002819999999997,lower,27,32
2.64,2.4299999999999997,0.18003059999999999,lower,27,33
2.72,2.4299999999999997,0.18003299999999997,lower,27,34
2.8000000000000003,2.4299999999999997,0.18003539999999998,lower,27,35
2.88,2.4299999999999997,0.18003779999999997,lower,27,36
2.96,2.4299999999999997,0.18004019999999998,lower,27,37
3.04,2.4299999999999997,0.1800426,lower,27,38
3.12,2.4299999999999997,0.18004499999999998,lower,27,39
3.2,2.4299999999999997,0.1800474,lower,27,40
3.2800000000000002,2.4299999999999997,0.18004979999999998,lower,27,41
3.36,2.4299999999999997,0.1800522,lower,27,42
3.44,2.4299999999999997,0.18005459999999998,lower,27,43
3.52,2.4299999999999997,0.180057,lower,27,44
3.6,2.4299999999999997,0.18005939999999998,lower,27,45
3.68,2.4299999999999997,0.1800618,lower,27,46
3.7600000000000002,2.4299999999999997,0.18006419999999998,lower,27,47
3.84,2.4299999999999997,0.1800666,lower,27,48
3.92,2.4299999999999997,0.18006899999999998,lower,27,49
4.0,2.4299999999999997,0.1800714,lower,27,50
4.08,2.4299999999999997,0.18007379999999998,lower,27,51
4.16,2.4299999999999997,0.1800762,lower,27,52
4.24,2.4299999999999997,0.18007859999999998,lower,27,53
4.32,2.4299999999999997,0.180081,lower,27,54
4.4,2.4299999999999997,0.18008339999999998,lower,27,55
4.48,2.4299999999999997,0.1800858,lower,27,56
4.5600000000000005,2.4299999999999997,0.18008819999999998,lower,27,57
4.64,2.4299999999999997,0.1800906,lower,27,58
4.72,2.4299999999999997,0.18009299999999998,lower,27,59
4.8,2.4299999999999997,0.1800954,lower,27,60
4.88,2.4299999999999997,0.18009779999999997,lower,27,61
4.96,2.4299999999999997,0.1801002,lower,27,62
5.04,2.4299999999999997,0.18010259999999997,lower,27,63
5.12,2.4299999999999997,0.180105,lower,27,64
5.2,2.4299999999999997,0.18010739999999997,lower,27,65
5.28,2.4299999999999997,0.1801098,lower,27,66
5.36,2.4299999999999997,0.18011219999999997,lower,27,67
5.44,2.4299999999999997,0.18011459999999999,lower,27,68
5.5200000000000005,2.4299999999999997,0.18011699999999997,lower,27,69
5.6000000000000005,2.4299999999999997,0.18011939999999999,lower,27,70
5.68,2.4299999999999997,0.18012179999999997,lower,27,71
5.76,2.4299999999999997,0.18012419999999998,lower,27,72
5.84,2.4299999999999997,0.18012659999999997,lower,27,73
5.92,2.4299999999999997,0.18012899999999998,lower,27,74
6.0,2.4299999999999997,0.1801314,lower,27,75
6.08,2.4299999999999997,0.18013379999999998,lower,27,76
6.16,2.4299999999999997,0.1801362,lower,27,77
6.24,2.4299999999999997,0.18013859999999998,lower,27,78
6.32,2.4299999999999997,0.180141,lower,27,79
0.0,2.52,0.1799496,lower,28,0
0.08,2.52,0.179952,lower,28,1
0.16,2.52,0.1799544,lower,28,2
0.24,2.52,0.1799568,lower,28,3
0.32,2.52,0.17995919999999999,lower,28,4
0.4,2.52,0.1799616,lower,28,5
0.48,2.52,0.17996399999999999,lower,28,6
0.56,2.52,0.1799664,lower,28,7
0.64,2.52,0.17996879999999998,lower,28,8
0.72,2.52,0.1799712,lower,28,9
0.8,2.52,0.17997359999999998,lower,28,10
0.88,2.52,0.179976,lower,28,11
0.96,2.52,0.17997839999999998,lower,28,12
1.04,2.52,0.1799808,lower,28,13
1.12,2.52,0.17998319999999998,lower,28,14
1.2,2.52,0.1799856,lower,28,15
1.28,2.52,0.17998799999999998,lower,28,16
1.36,2.52,0.1799904,lower,28,17
1.44,2.52,0.17999279999999998,lower,28,18
1.52,2.52,0.1799952,lower,28,19
1.6,2.52,0.17999759999999998,lower,28,20
1.68,2.52,0.18,lower,28,21
1.76,2.52,0.18000239999999998,lower,28,22
1.84,2.52,0.1800048,lower,28,23
1.92,2.52,0.18000719999999998,lower,28,24
2.0,2.52,0.1800096,lower,28,25
2.08,2.52,0.18001199999999998,lower,28,26
2.16,2.52,0.1800144,lower,28,27
2.24,2.52,0.18001679999999998,lower,28,28
2.32,2.52,0.1800192,lower,28,29
2.4,2.52,0.18002159999999998,lower,28,30
2.48,2.52,0.180024,lower,28,31
2.56,2.52,0.18002639999999998,lower,28,32
2.64,2.52,0.1800288,lower,28,33
2.72,2.52,0.18003119999999997,lower,28,34
2.8000000000000003,2.52,0.1800336,lower,28,35
2.88,2.52,0.18003599999999997,lower,28,36
2.96,2.52,0.1800384,lower,28,37
3.04,2.52,0.1800408,lower,28,38
3.12,2.52,0.1800432,lower,28,39
3.2,2.52,0.1800456,lower,28,40
3.2800000000000002,2.52,0.18004799999999999,lower,28,41
3.36,2.52,0.1800504,lower,28,42
3.44,2.52,0.18005279999999999,lower,28,43
3.52,2.52,0.1800552,lower,28,44
3.6,2.52,0.18005759999999998,lower,28,45
3.68,2.52,0.18006,lower,28,46
3.7600000000000002,2.52,0.18006239999999998,lower,28,47
3.84,2.52,0.1800648,lower,28,48
3.92,2.52,0.18006719999999998,lower,28,49
4.0,2.52,0.1800696,lower,28,50
4.08,2.52,0.18007199999999998,lower,28,51
4.16,2.52,0.1800744,lower,28,52
4.24,2.52,0.18007679999999998,lower,28,53
4.32,2.52,0.1800792,lower,28,54
4.4,2.52,0.18008159999999998,lower,28,55
4.48,2.52,0.180084,lower,28,56
4.5600000000000005,2.52,0.18008639999999998,lower,28,57
4.64,2.52,0.1800888,lower,28,58
4.72,2.52,0.18009119999999998,lower,28,59
4.8,2.52,0.1800936,lower,28,60
4.88,2.52,0.18009599999999998,lower,28,61
4.96,2.52,0.1800984,lower,28,62
5.04,2.52,0.18010079999999998,lower,28,63
5.12,2.52,0.1801032,lower,28,64
5.2,2.52,0.18010559999999998,lower,28,65
5.28,2.52,0.180108,lower,28,66
5.36,2.52,0.18011039999999998,lower,28,67
5.44,2.52,0.1801128,lower,28,68
5.5200000000000005,2.52,0.18011519999999998,lower,28,69
5.6000000000000005,2.52,0.1801176,lower,28,70
5.68,2.52,0.18011999999999997,lower,28,71
5.76,2.52,0.1801224,lower,28,72
5.84,2.52,0.18012479999999997,lower,28,73
5.92,2.52,0.1801272,lower,28,74
6.0,2.52,0.1801296,lower,28,75
6.08,2.52,0.180132,lower,28,76
6.16,2.52,0.1801344,lower,28,77
6.24,2.52,0.18013679999999999,lower,28,78
6.32,2.52,0.1801392,lower,28,79
0.0,2.61,0.1799478,lower,29,0
0.08,2.61,0.1799502,lower,29,1
0.16,2.61,0.1799526,lower,29,2
0.24,2.61,0.179955,lower,29,3
0.32,2.61,0.1799574,lower,29,4
0.4,2.61,0.1799598,lower,29,5
0.48,2.61,0.1799622,lower,29,6
0.56,2.61,0.1799646,lower,29,7
0.64,2.61,0.179967,lower,29,8
0.72,2.61,0.1799694,lower,29,9
0.8,2.61,0.1799718,lower,29,10
0.88,2.61,0.1799742,lower,29,11
0.96,2.61,0.1799766,lower,29,12
1.04,2.61,0.179979,lower,29,13
1.12,2.61,0.17998139999999999,lower,29,14
1.2,2.61,0.1799838,lower,29,15
1.28,2.61,0.17998619999999999,lower,29,16
1.36,2.61,0.1799886,lower,29,17
1.44,2.61,0.17999099999999998,lower,29,18
1.52,2.61,0.1799934,lower,29,19
1.6,2.61,0.17999579999999998,lower,29,20
1.68,2.61,0.1799982,lower,29,21
1.76,2.61,0.18000059999999998,lower,29,22
1.84,2.61,0.180003,lower,29,23
1.92,2.61,0.18000539999999998,lower,29,24
2.0,2.61,0.1800078,lower,29,25
2.08,2.61,0.18001019999999998,lower,29,26
2.16,2.61,0.1800126,lower,29,27
2.24,2.61,0.18001499999999998,lower,29,28
2.32,2.61,0.1800174,lower,29,29
2.4,2.61,0.18001979999999998,lower,29,30
2.48,2.61,0.1800222,lower,29,31
2.56,2.61,0.18002459999999998,lower,29,32
2.64,2.61,0.180027,lower,29,33
2.72,2.61,0.18002939999999998,lower,29,34
2.8000000000000003,2.61,0.1800318,lower,29,35
2.88,2.61,0.18003419999999998,lower,29,36
2.96,2.61,0.1800366,lower,29,37
3.04,2.61,0.180039,lower,29,38
3.12,2.61,0.1800414,lower,29,39
3.2,2.61,0.1800438,lower,29,40
3.2800000000000002,2.61,0.1800462,lower,29,41
3.36,2.61,0.1800486,lower,29,42
3.44,2.61,0.180051,lower,29,43
3.52,2.61,0.1800534,lower,29,44
3.6,2.61,0.1800558,lower,29,45
3.68,2.61,0.1800582,lower,29,46
3.7600000000000002,2.61,0.1800606,lower,29,47
3.84,2.61,0.180063,lower,29,48
3.92,2.61,0.1800654,lower,29,49
4.0,2.61,0.1800678,lower,29,50
4.08,2.61,0.18007019999999999,lower,29,51
4.16,2.61,0.1800726,lower,29,52
4.24,2.61,0.18007499999999999,lower,29,53
4.32,2.61,0.1800774,lower,29,54
4.4,2.61,0.18007979999999998,lower,29,55
4.48,2.61,0.1800822,lower,29,56
4.5600000000000005,2.61,0.18008459999999998,lower,29,57
4.64,2.61,0.180087,lower,29,58
4.72,2.61,0.18008939999999998,lower,29,59
4.8,2.61,0.1800918,lower,29,60
4.88,2.61,0.18009419999999998,lower,29,61
4.96,2.61,0.1800966,lower,29,62
5.04,2.61,0.18009899999999998,lower,29,63
5.12,2.61,0.1801014,lower,29,64
5.2,2.61,0.18010379999999998,lower,29,65
5.28,2.61,0.1801062,lower,29,66
5.36,2.61,0.18010859999999998,lower,29,67
5.44,2.61,0.180111,lower,29,68
5.5200000000000005,2.61,0.18011339999999998,lower,29,69
5.6000000000000005,2.61,0.1801158,lower,29,70
5.68,2.61,0.18011819999999998,lower,29,71
5.76,2.61,0.1801206,lower,29,72
5.84,2.61,0.18012299999999998,lower,29,73
5.92,2.61,0.1801254,lower,29,74
6.0,2.61,0.1801278,lower,29,75
6.08,2.61,0.1801302,lower,29,76
6.16,2.61,0.1801326,lower,29,77
6.24,2.61,0.180135,lower,29,78
6.32,2.61,0.1801374,lower,29,79
0.0,2.6999999999999997,0.179946,lower,30,0
0.08,2.6999999999999997,0.1799484,lower,30,1
0.16,2.6999999999999997,0.1799508,lower,30,2
0.24,2.6999999999999997,0.1799532,lower,30,3
0.32,2.6999999999999997,0.1799556,lower,30,4
0.4,2.6999999999999997,0.179958,lower,30,5
0.48,2.6999999999999997,0.1799604,lower,30,6
0.56,2.6999999999999997,0.1799628,lower,30,7
0.64,2.6999999999999997,0.1799652,lower,30,8
0.72,2.6999999999999997,0.1799676,lower,30,9
0.8,2.6999999999999997,0.17997,lower,30,10
0.88,2.6999999999999997,0.1799724,lower,30,11
0.96,2.6999999999999997,0.1799748,lower,30,12
1.04,2.6999999999999997,0.1799772,lower,30,13
1.12,2.6999999999999997,0.1799796,lower,30,14
1.2,2.6999999999999997,0.179982,lower,30,15
1.28,2.6999999999999997,0.1799844,lower,30,16
1.36,2.6999999999999997,0.1799868,lower,30,17
1.44,2.6999999999999997,0.1799892,lower,30,18
1.52,2.6999999999999997,0.1799916,lower,30,19
1.6,2.6999999999999997,0.179994,lower,30,20
1.68,2.6999999999999997,0.1799964,lower,30,21
1.76,2.6999999999999997,0.1799988,lower,30,22
1.84,2.6999999999999997,0.1800012,lower,30,23
1.92,2.6999999999999997,0.18000359999999999,lower,30,24
2.0,2.6999999999999997,0.180006,lower,30,25
2.08,2.6999999999999997,0.18000839999999999,lower,30,26
2.16,2.6999999999999997,0.1800108,lower,30,27
2.24,2.6999999999999997,0.18001319999999998,lower,30,28
2.32,2.6999999999999997,0.1800156,lower,30,29
2.4,2.6999999999999997,0.18001799999999998,lower,30,30
2.48,2.6999999999999997,0.1800204,lower,30,31
2.56,2.6999999999999997,0.18002279999999998,lower,30,32
2.64,2.6999999999999997,0.1800252,lower,30,33
2.72,2.6999999999999997,0.18002759999999998,lower,30,34
2.8000000000000003,2.6999999999999997,0.18003,lower,30,35
2.88,2.6999999999999997,0.18003239999999998,lower,30,36
2.96,2.6999999999999997,0.1800348,lower,30,37
3.04,2.6999999999999997,0.1800372,lower,30,38
3.12,2.6999999999999997,0.1800396,lower,30,39
3.2,2.6999999999999997,0.180042,lower,30,40
3.2800000000000002,2.6999999999999997,0.1800444,lower,30,41
3.36,2.6999999999999997,0.1800468,lower,30,42
3.44,2.6999999999999997,0.1800492,lower,30,43
3.52,2.6999999999999997,0.1800516,lower,30,44
3.6,2.6999999999999997,0.180054,lower,30,45
3.68,2.6999999999999997,0.1800564,lower,30,46
3.7600000000000002,2.6999999999999997,0.1800588,lower,30,47
3.84,2.6999999999999997,0.1800612,lower,30,48
3.92,2.6999999999999997,0.1800636,lower,30,49
4.0,2.6999999999999997,0.180066,lower,30,50
4.08,2.6999999999999997,0.1800684,lower,30,51
4.16,2.6999999999999997,0.1800708,lower,30,52
4.24,2.6999999999999997,0.1800732,lower,30,53
4.32,2.6999999999999997,0.1800756,lower,30,54
4.4,2.6999999999999997,0.180078,lower,30,55
4.48,2.6999999999999997,0.1800804,lower,30,56
4.5600000000000005,2.6999999999999997,0.1800828,lower,30,57
4.64,2.6999999999999997,0.1800852,lower,30,58
4.72,2.6999999999999997,0.1800876,lower,30,59
4.8,2.6999999999999997,0.18009,lower,30,60
4.88,2.6999999999999997,0.18009239999999999,lower,30,61
4.96,2.6999999999999997,0.1800948,lower,30,62
5.04,2.6999999999999997,0.18009719999999999,lower,30,63
5.12,2.6999999999999997,0.1800996,lower,30,64
5.2,2.6999999999999997,0.18010199999999998,lower,30,65
5.28,2.6999999999999997,0.1801044,lower,30,66
5.36,2.6999999999999997,0.18010679999999998,lower,30,67
5.44,2.6999999999999997,0.1801092,lower,30,68
5.5200000000000005,2.6999999999999997,0.18011159999999998,lower,30,69
5.6000000000000005,2.6999999999999997,0.180114,lower,30,70
5.68,2.6999999999999997,0.18011639999999998,lower,30,71
5.76,2.6999999999999997,0.1801188,lower,30,72
5.84,2.6999999999999997,0.18012119999999998,lower,30,73
5.92,2.6999999999999997,0.1801236,lower,30,74
6.0,2.6999999999999997,0.180126,lower,30,75
6.08,2.6999999999999997,0.1801284,lower,30,76
6.16,2.6999999999999997,0.1801308,lower,30,77
6.24,2.6999999999999997,0.1801332,lower,30,78
6.32,2.6999999999999997,0.1801356,lower,30,79
0.0,2.79,0.1799442,lower,31,0
0.08,2.79,0.1799466,lower,31,1
0.16,2.79,0.179949,lower,31,2
0.24,2.79,0.1799514,lower,31,3
0.32,2.79,0.1799538,lower,31,4
0.4,2.79,0.1799562,lower,31,5
0.48,2.79,0.1799586,lower,31,6
0.56,2.79,0.179961,lower,31,7
0.64,2.79,0.1799634,lower,31,8
0.72,2.79,0.1799658,lower,31,9
0.8,2.79,0.1799682,lower,31,10
0.88,2.79,0.1799706,lower,31,11
0.96,2.79,0.179973,lower,31,12
1.04,2.79,0.1799754,lower,31,13
1.12,2.79,0.1799778,lower,31,14
1.2,2.79,0.1799802,lower,31,15
1.28,2.79,0.1799826,lower,31,16
1.36,2.79,0.179985,lower,31,17
1.44,2.79,0.1799874,lower,31,18
1.52,2.79,0.1799898,lower,31,19
1.6,2.79,0.1799922,lower,31,20
1.68,2.79,0.1799946,lower,31,21
1.76,2.79,0.179997,lower,31,22
1.84,2.79,0.1799994,lower,31,23
1.92,2.79,0.1800018,lower,31,24
2.0,2.79,0.1800042,lower,31,25
2.08,2.79,0.1800066,lower,31,26
2.16,2.79,0.180009,lower,31,27
2.24,2.79,0.1800114,lower,31,28
2.32,2.79,0.1800138,lower,31,29
2.4,2.79,0.1800162,lower,31,30
2.48,2.79,0.1800186,lower,31,31
2.56,2.79,0.180021,lower,31,32
2.64,2.79,0.1800234,lower,31,33
2.72,2.79,0.18002579999999999,lower,31,34
2.8000000000000003,2.79,0.1800282,lower,31,35
2.88,2.79,0.18003059999999999,lower,31,36
2.96,2.79,0.180033,lower,31,37
3.04,2.79,0.1800354,lower,31,38
3.12,2.79,0.1800378,lower,31,39
3.2,2.79,0.1800402,lower,31,40
3.2800000000000002,2.79,0.1800426,lower,31,41
3.36,2.79,0.180045,lower,31,42
3.44,2.79,0.1800474,lower,31,43
3.52,2.79,0.1800498,lower,31,44
3.6,2.79,0.1800522,lower,31,45
3.68,2.79,0.1800546,lower,31,46
3.7600000000000002,2.79,0.180057,lower,31,47
3.84,2.79,0.1800594,lower,31,48
3.92,2.79,0.1800618,lower,31,49
4.0,2.79,0.1800642,lower,31,50
4.08,2.79,0.1800666,lower,31,51
4.16,2.79,0.180069,lower,31,52
4.24,2.79,0.1800714,lower,31,53
4.32,2.79,0.1800738,lower,31,54
4.4,2.79,0.1800762,lower,31,55
4.48,2.79,0.1800786,lower,31,56
4.5600000000000005,2.79,0.180081,lower,31,57
4.64,2.79,0.1800834,lower,31,58
4.72,2.79,0.1800858,lower,31,59
4.8,2.79,0.1800882,lower,31,60
4.88,2.79,0.1800906,lower,31,61
4.96,2.79,0.180093,lower,31,62
5.04,2.79,0.1800954,lower,31,63
5.12,2.79,0.1800978,lower,31,64
5.2,2.79,0.1801002,lower,31,65
5.28,2.79,0.1801026,lower,31,66
5.36,2.79,0.180105,lower,31,67
5.44,2.79,0.1801074,lower,31,68
5.5200000000000005,2.79,0.1801098,lower,31,69
5.6000000000000005,2.79,0.1801122,lower,31,70
5.68,2.79,0.18011459999999999,lower,31,71
5.76,2.79,0.180117,lower,31,72
5.84,2.79,0.18011939999999999,lower,31,73
5.92,2.79,0.1801218,lower,31,74
6.0,2.79,0.1801242,lower,31,75
6.08,2.79,0.1801266,lower,31,76
6.16,2.79,0.180129,lower,31,77
6.24,2.79,0.1801314,lower,31,78
6.32,2.79,0.1801338,lower,31,79
0.0,2.88,0.1799424,lower,32,0
0.08,2.88,0.17994480000000002,lower,32,1
0.16,2.88,0.1799472,lower,32,2
0.24,2.88,0.17994960000000002,lower,32,3
0.32,2.88,0.179952,lower,32,4
0.4,2.88,0.17995440000000001,lower,32,5
0.48,2.88,0.1799568,lower,32,6
0.56,2.88,0.1799592,lower,32,7
0.64,2.88,0.1799616,lower,32,8
0.72,2.88,0.179964,lower,32,9
0.8,2.88,0.1799664,lower,32,10
0.88,2.88,0.1799688,lower,32,11
0.96,2.88,0.1799712,lower,32,12
1.04,2.88,0.1799736,lower,32,13
1.12,2.88,0.179976,lower,32,14
1.2,2.88,0.1799784,lower,32,15
1.28,2.88,0.1799808,lower,32,16
1.36,2.88,0.1799832,lower,32,17
1.44,2.88,0.1799856,lower,32,18
1.52,2.88,0.179988,lower,32,19
1.6,2.88,0.1799904,lower,32,20
1.68,2.88,0.1799928,lower,32,21
1.76,2.88,0.1799952,lower,32,22
1.84,2.88,0.1799976,lower,32,23
1.92,2.88,0.18,lower,32,24
2.0,2.88,0.1800024,lower,32,25
2.08,2.88,0.1800048,lower,32,26
2.16,2.88,0.1800072,lower,32,27
2.24,2.88,0.1800096,lower,32,28
2.32,2.88,0.180012,lower,32,29
2.4,2.88,0.1800144,lower,32,30
2.48,2.88,0.1800168,lower,32,31
2.56,2.88,0.1800192,lower,32,32
2.64,2.88,0.1800216,lower,32,33
2.72,2.88,0.180024,lower,32,34
2.8000000000000003,2.88,0.1800264,lower,32,35
2.88,2.88,0.1800288,lower,32,36
2.96,2.88,0.1800312,lower,32,37
3.04,2.88,0.18003360000000002,lower,32,38
3.12,2.88,0.180036,lower,32,39
3.2,2.88,0.18003840000000002,lower,32,40
3.2800000000000002,2.88,0.1800408,lower,32,41
3.36,2.88,0.18004320000000001,lower,32,42
3.44,2.88,0.1800456,lower,32,43
3.52,2.88,0.180048,lower,32,44
3.6,2.88,0.1800504,lower,32,45
3.68,2.88,0.1800528,lower,32,46
3.7600000000000002,2.88,0.1800552,lower,32,47
3.84,2.88,0.1800576,lower,32,48
3.92,2.88,0.18006,lower,32,49
4.0,2.88,0.1800624,lower,32,50
4.08,2.88,0.1800648,lower,32,51
4.16,2.88,0.1800672,lower,32,52
4.24,2.88,0.1800696,lower,32,53
4.32,2.88,0.180072,lower,32,54
4.4,2.88,0.1800744,lower,32,55
4.48,2.88,0.1800768,lower,32,56
4.5600000000000005,2.88,0.1800792,lower,32,57
4.64,2.88,0.1800816,lower,32,58
4.72,2.88,0.180084,lower,32,59
4.8,2.88,0.1800864,lower,32,60
4.88,2.88,0.1800888,lower,32,61
4.96,2.88,0.1800912,lower,32,62
5.04,2.88,0.1800936,lower,32,63
5.12,2.88,0.180096,lower,32,64
5.2,2.88,0.1800984,lower,32,65
5.28,2.88,0.1801008,lower,32,66
5.36,2.88,0.1801032,lower,32,67
5.44,2.88,0.1801056,lower,32,68
5.5200000000000005,2.88,0.180108,lower,32,69
5.6000000000000005,2.88,0.1801104,lower,32,70
5.68,2.88,0.1801128,lower,32,71
5.76,2.88,0.1801152,lower,32,72
5.84,2.88,0.1801176,lower,32,73
5.92,2.88,0.18012,lower,32,74
6.0,2.88,0.18012240000000002,lower,32,75
6.08,2.88,0.1801248,lower,32,76
6.16,2.88,0.18012720000000002,lower,32,77
6.24,2.88,0.1801296,lower,32,78
6.32,2.88,0.18013200000000001,lower,32,79
0.0,2.9699999999999998,0.1799406,lower,33,0
0.08,2.9699999999999998,0.17994300000000002,lower,33,1
0.16,2.9699999999999998,0.1799454,lower,33,2
0.24,2.9699999999999998,0.17994780000000002,lower,33,3
0.32,2.9699999999999998,0.1799502,lower,33,4
0.4,2.9699999999999998,0.17995260000000002,lower,33,5
0.48,2.9699999999999998,0.179955,lower,33,6
0.56,2.9699999999999998,0.17995740000000002,lower,33,7
0.64,2.9699999999999998,0.1799598,lower,33,8
0.72,2.9699999999999998,0.17996220000000002,lower,33,9
0.8,2.9699999999999998,0.1799646,lower,33,10
0.88,2.9699999999999998,0.17996700000000002,lower,33,11
0.96,2.9699999999999998,0.1799694,lower,33,12
1.04,2.9699999999999998,0.17997180000000002,lower,33,13
1.12,2.9699999999999998,0.1799742,lower,33,14
1.2,2.9699999999999998,0.17997660000000001,lower,33,15
1.28,2.9699999999999998,0.179979,lower,33,16
1.36,2.9699999999999998,0.1799814,lower,33,17
1.44,2.9699999999999998,0.1799838,lower,33,18
1.52,2.9699999999999998,0.1799862,lower,33,19
1.6,2.9699999999999998,0.1799886,lower,33,20
1.68,2.9699999999999998,0.179991,lower,33,21
1.76,2.9699999999999998,0.1799934,lower,33,22
1.84,2.9699999999999998,0.1799958,lower,33,23
1.92,2.9699999999999998,0.1799982,lower,33,24
2.0,2.9699999999999998,0.1800006,lower,33,25
2.08,2.9699999999999998,0.180003,lower,33,26
2.16,2.9699999999999998,0.1800054,lower,33,27
2.24,2.9699999999999998,0.1800078,lower,33,28
2.32,2.9699999999999998,0.1800102,lower,33,29
2.4,2.9699999999999998,0.1800126,lower,33,30
2.48,2.9699999999999998,0.180015,lower,33,31
2.56,2.9699999999999998,0.1800174,lower,33,32
2.64,2.9699999999999998,0.1800198,lower,33,33
2.72,2.9699999999999998,0.1800222,lower,33,34
2.8000000000000003,2.9699999999999998,0.1800246,lower,33,35
2.88,2.9699999999999998,0.180027,lower,33,36
2.96,2.9699999999999998,0.1800294,lower,33,37
3.04,2.9699999999999998,0.18003180000000002,lower,33,38
3.12,2.9699999999999998,0.1800342,lower,33,39
3.2,2.9699999999999998,0.18003660000000002,lower,33,40
3.2800000000000002,2.9699999999999998,0.180039,lower,33,41
3.36,2.9699999999999998,0.18004140000000002,lower,33,42
3.44,2.9699999999999998,0.1800438,lower,33,43
3.52,2.9699999999999998,0.18004620000000002,lower,33,44
3.6,2.9699999999999998,0.1800486,lower,33,45
3.68,2.9699999999999998,0.18005100000000002,lower,33,46
3.7600000000000002,2.9699999999999998,0.1800534,lower,33,47
3.84,2.9699999999999998,0.18005580000000002,lower,33,48
3.92,2.9699999999999998,0.1800582,lower,33,49
4.0,2.9699999999999998,0.18006060000000002,lower,33,50
4.08,2.9699999999999998,0.180063,lower,33,51
4.16,2.9699999999999998,0.18006540000000001,lower,33,52
4.24,2.9699999999999998,0.1800678,lower,33,53
4.32,2.9699999999999998,0.1800702,lower,33,54
4.4,2.9699999999999998,0.1800726,lower,33,55
4.48,2.9699999999999998,0.180075,lower,33,56
4.5600000000000005,2.9699999999999998,0.1800774,lower,33,57
4.64,2.9699999999999998,0.1800798,lower,33,58
4.72,2.9699999999999998,0.1800822,lower,33,59
4.8,2.9699999999999998,0.1800846,lower,33,60
4.88,2.9699999999999998,0.180087,lower,33,61
4.96,2.9699999999999998,0.1800894,lower,33,62
5.04,2.9699999999999998,0.1800918,lower,33,63
5.12,2.9699999999999998,0.1800942,lower,33,64
5.2,2.9699999999999998,0.1800966,lower,33,65
5.28,2.9699999999999998,0.180099,lower,33,66
5.36,2.9699999999999998,0.1801014,lower,33,67
5.44,2.9699999999999998,0.1801038,lower,33,68
5.5200000000000005,2.9699999999999998,0.1801062,lower,33,69
5.6000000000000005,2.9699999999999998,0.1801086,lower,33,70
5.68,2.9699999999999998,0.180111,lower,33,71
5.76,2.9699999999999998,0.1801134,lower,33,72
5.84,2.9699999999999998,0.1801158,lower,33,73
5.92,2.9699999999999998,0.1801182,lower,33,74
6.0,2.9699999999999998,0.18012060000000002,lower,33,75
6.08,2.9699999999999998,0.180123,lower,33,76
6.16,2.9699999999999998,0.18012540000000002,lower,33,77
6.24,2.9699999999999998,0.1801278,lower,33,78
6.32,2.9699999999999998,0.18013020000000002,lower,33,79
0.0,3.06,0.17993879999999998,lower,34,0
0.08,3.06,0.1799412,lower,34,1
0.16,3.06,0.17994359999999998,lower,34,2
0.24,3.06,0.179946,lower,34,3
0.32,3.06,0.17994839999999998,lower,34,4
0.4,3.06,0.1799508,lower,34,5
0.48,3.06,0.17995319999999998,lower,34,6
0.56,3.06,0.1799556,lower,34,7
0.64,3.06,0.17995799999999998,lower,34,8
0.72,3.06,0.1799604,lower,34,9
0.8,3.06,0.17996279999999998,lower,34,10
0.88,3.06,0.1799652,lower,34,11
0.96,3.06,0.17996759999999998,lower,34,12
1.04,3.06,0.17997,lower,34,13
1.12,3.06,0.17997239999999998,lower,34,14
1.2,3.06,0.1799748,lower,34,15
1.28,3.06,0.17997719999999998,lower,34,16
1.36,3.06,0.1799796,lower,34,17
1.44,3.06,0.17998199999999998,lower,34,18
1.52,3.06,0.1799844,lower,34,19
1.6,3.06,0.17998679999999997,lower,34,20
1.68,3.06,0.1799892,lower,34,21
1.76,3.06,0.17999159999999997,lower,34,22
1.84,3.06,0.179994,lower,34,23
1.92,3.06,0.17999639999999997,lower,34,24
2.0,3.06,0.1799988,lower,34,25
2.08,3.06,0.18000119999999997,lower,34,26
2.16,3.06,0.18000359999999999,lower,34,27
2.24,3.06,0.18000599999999997,lower,34,28
2.32,3.06,0.18000839999999999,lower,34,29
2.4,3.06,0.18001079999999997,lower,34,30
2.48,3.06,0.18001319999999998,lower,34,31
2.56,3.06,0.18001559999999997,lower,34,32
2.64,3.06,0.18001799999999998,lower,34,33
2.72,3.06,0.18002039999999997,lower,34,34
2.8000000000000003,3.06,0.18002279999999998,lower,34,35
2.88,3.06,0.18002519999999997,lower,34,36
2.96,3.06,0.18002759999999998,lower,34,37
3.04,3.06,0.18003,lower,34,38
3.12,3.06,0.18003239999999998,lower,34,39
3.2,3.06,0.1800348,lower,34,40
3.2800000000000002,3.06,0.18003719999999998,lower,34,41
3.36,3.06,0.1800396,lower,34,42
3.44,3.06,0.18004199999999998,lower,34,43
3.52,3.06,0.1800444,lower,34,44
3.6,3.06,0.18004679999999998,lower,34,45
3.68,3.06,0.1800492,lower,34,46
3.7600000000000002,3.06,0.18005159999999998,lower,34,47
3.84,3.06,0.180054,lower,34,48
3.92,3.06,0.18005639999999998,lower,34,49
4.0,3.06,0.1800588,lower,34,50
4.08,3.06,0.18006119999999998,lower,34,51
4.16,3.06,0.1800636,lower,34,52
4.24,3.06,0.18006599999999998,lower,34,53
4.32,3.06,0.1800684,lower,34,54
4.4,3.06,0.18007079999999998,lower,34,55
4.48,3.06,0.1800732,lower,34,56
4.5600000000000005,3.06,0.18007559999999997,lower,34,57
4.64,3.06,0.180078,lower,34,58
4.72,3.06,0.18008039999999997,lower,34,59
4.8,3.06,0.1800828,lower,34,60
4.88,3.06,0.18008519999999997,lower,34,61
4.96,3.06,0.1800876,lower,34,62
5.04,3.06,0.18008999999999997,lower,34,63
5.12,3.06,0.18009239999999999,lower,34,64
5.2,3.06,0.18009479999999997,lower,34,65
5.28,3.06,0.18009719999999999,lower,34,66
5.36,3.06,0.18009959999999997,lower,34,67
5.44,3.06,0.18010199999999998,lower,34,68
5.5200000000000005,3.06,0.18010439999999997,lower,34,69
5.6000000000000005,3.06,0.18010679999999998,lower,34,70
5.68,3.06,0.18010919999999997,lower,34,71
5.76,3.06,0.18011159999999998,lower,34,72
5.84,3.06,0.18011399999999997,lower,34,73
5.92,3.06,0.18011639999999998,lower,34,74
6.0,3.06,0.1801188,lower,34,75
6.08,3.06,0.18012119999999998,lower,34,76
6.16,3.06,0.1801236,lower,34,77
6.24,3.06,0.18012599999999998,lower,34,78
6.32,3.06,0.1801284,lower,34,79
0.0,3.15,0.17993699999999999,lower,35,0
0.08,3.15,0.1799394,lower,35,1
0.16,3.15,0.17994179999999999,lower,35,2
0.24,3.15,0.1799442,lower,35,3
0.32,3.15,0.17994659999999998,lower,35,4
0.4,3.15,0.179949,lower,35,5
0.48,3.15,0.17995139999999998,lower,35,6
0.56,3.15,0.1799538,lower,35,7
0.64,3.15,0.17995619999999998,lower,35,8
0.72,3.15,0.1799586,lower,35,9
0.8,3.15,0.17996099999999998,lower,35,10
0.88,3.15,0.1799634,lower,35,11
0.96,3.15,0.17996579999999998,lower,35,12
1.04,3.15,0.1799682,lower,35,13
1.12,3.15,0.17997059999999998,lower,35,14
1.2,3.15,0.179973,lower,35,15
1.28,3.15,0.17997539999999998,lower,35,16
1.36,3.15,0.1799778,lower,35,17
1.44,3.15,0.17998019999999998,lower,35,18
1.52,3.15,0.1799826,lower,35,19
1.6,3.15,0.17998499999999998,lower,35,20
1.68,3.15,0.1799874,lower,35,21
1.76,3.15,0.17998979999999998,lower,35,22
1.84,3.15,0.1799922,lower,35,23
1.92,3.15,0.17999459999999998,lower,35,24
2.0,3.15,0.179997,lower,35,25
2.08,3.15,0.17999939999999998,lower,35,26
2.16,3.15,0.1800018,lower,35,27
2.24,3.15,0.18000419999999998,lower,35,28
2.32,3.15,0.1800066,lower,35,29
2.4,3.15,0.18000899999999997,lower,35,30
2.48,3.15,0.1800114,lower,35,31
2.56,3.15,0.18001379999999997,lower,35,32
2.64,3.15,0.1800162,lower,35,33
2.72,3.15,0.18001859999999997,lower,35,34
2.8000000000000003,3.15,0.180021,lower,35,35
2.88,3.15,0.18002339999999997,lower,35,36
2.96,3.15,0.18002579999999999,lower,35,37
3.04,3.15,0.1800282,lower,35,38
3.12,3.15,0.18003059999999999,lower,35,39
3.2,3.15,0.180033,lower,35,40
3.2800000000000002,3.15,0.18003539999999998,lower,35,41
3.36,3.15,0.1800378,lower,35,42
3.44,3.15,0.18004019999999998,lower,35,43
3.52,3.15,0.1800426,lower,35,44
3.6,3.15,0.18004499999999998,lower,35,45
3.68,3.15,0.1800474,lower,35,46
3.7600000000000002,3.15,0.18004979999999998,lower,35,47
3.84,3.15,0.1800522,lower,35,48
3.92,3.15,0.18005459999999998,lower,35,49
4.0,3.15,0.180057,lower,35,50
4.08,3.15,0.18005939999999998,lower,35,51
4.16,3.15,0.1800618,lower,35,52
4.24,3.15,0.18006419999999998,lower,35,53
4.32,3.15,0.1800666,lower,35,54
4.4,3.15,0.18006899999999998,lower,35,55
4.48,3.15,0.1800714,lower,35,56
4.5600000000000005,3.15,0.18007379999999998,lower,35,57
4.64,3.15,0.1800762,lower,35,58
4.72,3.15,0.18007859999999998,lower,35,59
4.8,3.15,0.180081,lower,35,60
4.88,3.15,0.18008339999999998,lower,35,61
4.96,3.15,0.1800858,lower,35,62
5.04,3.15,0.18008819999999998,lower,35,63
5.12,3.15,0.1800906,lower,35,64
5.2,3.15,0.18009299999999998,lower,35,65
5.28,3.15,0.1800954,lower,35,66
5.36,3.15,0.18009779999999997,lower,35,67
5.44,3.15,0.1801002,lower,35,68
5.5200000000000005,3.15,0.18010259999999997,lower,35,69
5.6000000000000005,3.15,0.180105,lower,35,70
5.68,3.15,0.18010739999999997,lower,35,71
5.76,3.15,0.1801098,lower,35,72
5.84,3.15,0.18011219999999997,lower,35,73
5.92,3.15,0.18011459999999999,lower,35,74
6.0,3.15,0.180117,lower,35,75
6.08,3.15,0.18011939999999999,lower,35,76
6.16,3.15,0.1801218,lower,35,77
6.24,3.15,0.18012419999999998,lower,35,78
6.32,3.15,0.1801266,lower,35,79
0.0,3.2399999999999998,0.1799352,lower,36,0
0.08,3.2399999999999998,0.1799376,lower,36,1
0.16,3.2399999999999998,0.17994,lower,36,2
0.24,3.2399999999999998,0.1799424,lower,36,3
0.32,3.2399999999999998,0.1799448,lower,36,4
0.4,3.2399999999999998,0.1799472,lower,36,5
0.48,3.2399999999999998,0.1799496,lower,36,6
0.56,3.2399999999999998,0.179952,lower,36,7
0.64,3.2399999999999998,0.1799544,lower,36,8
0.72,3.2399999999999998,0.1799568,lower,36,9
0.8,3.2399999999999998,0.17995919999999999,lower,36,10
0.88,3.2399999999999998,0.1799616,lower,36,11
0.96,3.2399999999999998,0.17996399999999999,lower,36,12
1.04,3.2399999999999998,0.1799664,lower,36,13
1.12,3.2399999999999998,0.17996879999999998,lower,36,14
1.2,3.2399999999999998,0.1799712,lower,36,15
1.28,3.2399999999999998,0.17997359999999998,lower,36,16
1.36,3.2399999999999998,0.179976,lower,36,17
1.44,3.2399999999999998,0.17997839999999998,lower,36,18
1.52,3.2399999999999998,0.1799808,lower,36,19
1.6,3.2399999999999998,0.17998319999999998,lower,36,20
1.68,3.2399999999999998,0.1799856,lower,36,21
1.76,3.2399999999999998,0.17998799999999998,lower,36,22
1.84,3.2399999999999998,0.1799904,lower,36,23
1.92,3.2399999999999998,0.17999279999999998,lower,36,24
2.0,3.2399999999999998,0.1799952,lower,36,25
2.08,3.2399999999999998,0.17999759999999998,lower,36,26
2.16,3.2399999999999998,0.18,lower,36,27
2.24,3.2399999999999998,0.18000239999999998,lower,36,28
2.32,3.2399999999999998,0.1800048,lower,36,29
2.4,3.2399999999999998,0.18000719999999998,lower,36,30
2.48,3.2399999999999998,0.1800096,lower,36,31
2.56,3.2399999999999998,0.18001199999999998,lower,36,32
2.64,3.2399999999999998,0.1800144,lower,36,33
2.72,3.2399999999999998,0.18001679999999998,lower,36,34
2.8000000000000003,3.2399999999999998,0.1800192,lower,36,35
2.88,3.2399999999999998,0.18002159999999998,lower,36,36
2.96,3.2399999999999998,0.180024,lower,36,37
3.04,3.2399999999999998,0.1800264,lower,36,38
3.12,3.2399999999999998,0.1800288,lower,36,39
3.2,3.2399999999999998,0.1800312,lower,36,40
3.2800000000000002,3.2399999999999998,0.1800336,lower,36,41
3.36,3.2399999999999998,0.180036,lower,36,42
3.44,3.2399999999999998,0.1800384,lower,36,43
3.52,3.2399999999999998,0.1800408,lower,36,44
3.6,3.2399999999999998,0.1800432,lower,36,45
3.68,3.2399999999999998,0.1800456,lower,36,46
3.7600000000000002,3.2399999999999998,0.18004799999999999,lower,36,47
3.84,3.2399999999999998,0.1800504,lower,36,48
3.92,3.2399999999999998,0.18005279999999999,lower,36,49
4.0,3.2399999999999998,0.1800552,lower,36,50
4.08,3.2399999999999998,0.18005759999999998,lower,36,51
4.16,3.2399999999999998,0.18006,lower,36,52
4.24,3.2399999999999998,0.18006239999999998,lower,36,53
4.32,3.2399999999999998,0.1800648,lower,36,54
4.4,3.2399999999999998,0.18006719999999998,lower,36,55
4.48,3.2399999999999998,0.1800696,lower,36,56
4.5600000000000005,3.2399999999999998,0.18007199999999998,lower,36,57
4.64,3.2399999999999998,0.1800744,lower,36,58
4.72,3.2399999999999998,0.18007679999999998,lower,36,59
4.8,3.2399999999999998,0.1800792,lower,36,60
4.88,3.2399999999999998,0.18008159999999998,lower,36,61
4.96,3.2399999999999998,0.180084,lower,36,62
5.04,3.2399999999999998,0.18008639999999998,lower,36,63
5.12,3.2399999999999998,0.1800888,lower,36,64
5.2,3.2399999999999998,0.18009119999999998,lower,36,65
5.28,3.2399999999999998,0.1800936,lower,36,66
5.36,3.2399999999999998,0.18009599999999998,lower,36,67
5.44,3.2399999999999998,0.1800984,lower,36,68
5.5200000000000005,3.2399999999999998,0.18010079999999998,lower,36,69
5.6000000000000005,3.2399999999999998,0.1801032,lower,36,70
5.68,3.2399999999999998,0.18010559999999998,lower,36,71
5.76,3.2399999999999998,0.180108,lower,36,72
5.84,3.2399999999999998,0.18011039999999998,lower,36,73
5.92,3.2399999999999998,0.1801128,lower,36,74
6.0,3.2399999999999998,0.1801152,lower,36,75
6.08,3.2399999999999998,0.1801176,lower,36,76
6.16,3.2399999999999998,0.18012,lower,36,77
6.24,3.2399999999999998,0.1801224,lower,36,78
6.32,3.2399999999999998,0.1801248,lower,36,79
0.0,3.33,0.1799334,lower,37,0
0.08,3.33,0.1799358,lower,37,1
0.16,3.33,0.1799382,lower,37,2
0.24,3.33,0.1799406,lower,37,3
0.32,3.33,0.179943,lower,37,4
0.4,3.33,0.1799454,lower,37,5
0.48,3.33,0.1799478,lower,37,6
0.56,3.33,0.1799502,lower,37,7
0.64,3.33,0.1799526,lower,37,8
0.72,3.33,0.179955,lower,37,9
0.8,3.33,0.1799574,lower,37,10
0.88,3.33,0.1799598,lower,37,11
0.96,3.33,0.1799622,lower,37,12
1.04,3.33,0.1799646,lower,37,13
1.12,3.33,0.179967,lower,37,14
1.2,3.33,0.1799694,lower,37,15
1.28,3.33,0.1799718,lower,37,16
1.36,3.33,0.1799742,lower,37,17
1.44,3.33,0.1799766,lower,37,18
1.52,3.33,0.179979,lower,37,19
1.6,3.33,0.17998139999999999,lower,37,20
1.68,3.33,0.1799838,lower,37,21
1.76,3.33,0.17998619999999999,lower,37,22
1.84,3.33,0.1799886,lower,37,23
1.92,3.33,0.17999099999999998,lower,37,24
2.0,3.33,0.1799934,lower,37,25
2.08,3.33,0.17999579999999998,lower,37,26
2.16,3.33,0.1799982,lower,37,27
2.24,3.33,0.18000059999999998,lower,37,28
2.32,3.33,0.180003,lower,37,29
2.4,3.33,0.18000539999999998,lower,37,30
2.48,3.33,0.1800078,lower,37,31
2.56,3.33,0.18001019999999998,lower,37,32
2.64,3.33,0.1800126,lower,37,33
2.72,3.33,0.18001499999999998,lower,37,34
2.8000000000000003,3.33,0.1800174,lower,37,35
2.88,3.33,0.18001979999999998,lower,37,36
2.96,3.33,0.1800222,lower,37,37
3.04,3.33,0.1800246,lower,37,38
3.12,3.33,0.180027,lower,37,39
3.2,3.33,0.1800294,lower,37,40
3.2800000000000002,3.33,0.1800318,lower,37,41
3.36,3.33,0.1800342,lower,37,42
3.44,3.33,0.1800366,lower,37,43
3.52,3.33,0.180039,lower,37,44
3.6,3.33,0.1800414,lower,37,45
3.68,3.33,0.1800438,lower,37,46
3.7600000000000002,3.33,0.1800462,lower,37,47
3.84,3.33,0.1800486,lower,37,48
3.92,3.33,0.180051,lower,37,49
4.0,3.33,0.1800534,lower,37,50
4.08,3.33,0.1800558,lower,37,51
4.16,3.33,0.1800582,lower,37,52
4.24,3.33,0.1800606,lower,37,53
4.32,3.33,0.180063,lower,37,54
4.4,3.33,0.1800654,lower,37,55
4.48,3.33,0.1800678,lower,37,56
4.5600000000000005,3.33,0.18007019999999999,lower,37,57
4.64,3.33,0.1800726,lower,37,58
4.72,3.33,0.18007499999999999,lower,37,59
4.8,3.33,0.1800774,lower,37,60
4.88,3.33,0.18007979999999998,lower,37,61
4.96,3.33,0.1800822,lower,37,62
5.04,3.33,0.18008459999999998,lower,37,63
5.12,3.33,0.180087,lower,37,64
5.2,3.33,0.18008939999999998,lower,37,65
5.28,3.33,0.1800918,lower,37,66
5.36,3.33,0.18009419999999998,lower,37,67
5.44,3.33,0.1800966,lower,37,68
5.5200000000000005,3.33,0.18009899999999998,lower,37,69
5.6000000000000005,3.33,0.1801014,lower,37,70
5.68,3.33,0.18010379999999998,lower,37,71
5.76,3.33,0.1801062,lower,37,72
5.84,3.33,0.18010859999999998,lower,37,73
5.92,3.33,0.180111,lower,37,74
6.0,3.33,0.1801134,lower,37,75
6.08,3.33,0.1801158,lower,37,76
6.16,3.33,0.1801182,lower,37,77
6.24,3.33,0.1801206,lower,37,78
6.32,3.33,0.180123,lower,37,79
0.0,3.42,0.1799316,lower,38,0
0.08,3.42,0.179934,lower,38,1
0.16,3.42,0.1799364,lower,38,2
0.24,3.42,0.1799388,lower,38,3
0.32,3.42,0.1799412,lower,38,4
0.4,3.42,0.1799436,lower,38,5
0.48,3.42,0.179946,lower,38,6
0.56,3.42,0.1799484,lower,38,7
0.64,3.42,0.1799508,lower,38,8
0.72,3.42,0.1799532,lower,38,9
0.8,3.42,0.1799556,lower,38,10
0.88,3.42,0.179958,lower,38,11
0.96,3.42,0.1799604,lower,38,12
1.04,3.42,0.1799628,lower,38,13
1.12,3.42,0.1799652,lower,38,14
1.2,3.42,0.1799676,lower,38,15
1.28,3.42,0.17997,lower,38,16
1.36,3.42,0.1799724,lower,38,17
1.44,3.42,0.1799748,lower,38,18
1.52,3.42,0.1799772,lower,38,19
1.6,3.42,0.1799796,lower,38,20
1.68,3.42,0.179982,lower,38,21
1.76,3.42,0.1799844,lower,38,22
1.84,3.42,0.1799868,lower,38,23
1.92,3.42,0.1799892,lower,38,24
2.0,3.42,0.1799916,lower,38,25
2.08,3.42,0.179994,lower,38,26
2.16,3.42,0.1799964,lower,38,27
2.24,3.42,0.1799988,lower,38,28
2.32,3.42,0.1800012,lower,38,29
2.4,3.42,0.18000359999999999,lower,38,30
2.48,3.42,0.180006,lower,38,31
2.56,3.42,0.18000839999999999,lower,38,32
2.64,3.42,0.1800108,lower,38,33
2.72,3.42,0.18001319999999998,lower,38,34
2.8000000000000003,3.42,0.1800156,lower,38,35
2.88,3.42,0.18001799999999998,lower,38,36
2.96,3.42,0.1800204,lower,38,37
3.04,3.42,0.1800228,lower,38,38
3.12,3.42,0.1800252,lower,38,39
3.2,3.42,0.1800276,lower,38,40
3.2800000000000002,3.42,0.18003,lower,38,41
3.36,3.42,0.1800324,lower,38,42
3.44,3.42,0.1800348,lower,38,43
3.52,3.42,0.1800372,lower,38,44
3.6,3.42,0.1800396,lower,38,45
3.68,3.42,0.180042,lower,38,46
3.7600000000000002,3.42,0.1800444,lower,38,47
3.84,3.42,0.1800468,lower,38,48
3.92,3.42,0.1800492,lower,38,49
4.0,3.42,0.1800516,lower,38,50
4.08,3.42,0.180054,lower,38,51
4.16,3.42,0.1800564,lower,38,52
4.24,3.42,0.1800588,lower,38,53
4.32,3.42,0.1800612,lower,38,54
4.4,3.42,0.1800636,lower,38,55
4.48,3.42,0.180066,lower,38,56
4.5600000000000005,3.42,0.1800684,lower,38,57
4.64,3.42,0.1800708,lower,38,58
4.72,3.42,0.1800732,lower,38,59
4.8,3.42,0.1800756,lower,38,60
4.88,3.42,0.180078,lower,38,61
4.96,3.42,0.1800804,lower,38,62
5.04,3.42,0.1800828,lower,38,63
5.12,3.42,0.1800852,lower,38,64
5.2,3.42,0.1800876,lower,38,65
5.28,3.42,0.18009,lower,38,66
5.36,3.42,0.18009239999999999,lower,38,67
5.44,3.42,0.1800948,lower,38,68
5.5200000000000005,3.42,0.18009719999999999,lower,38,69
5.6000000000000005,3.42,0.1800996,lower,38,70
5.68,3.42,0.18010199999999998,lower,38,71
5.76,3.42,0.1801044,lower,38,72
5.84,3.42,0.18010679999999998,lower,38,73
5.92,3.42,0.1801092,lower,38,74
6.0,3.42,0.1801116,lower,38,75
6.08,3.42,0.180114,lower,38,76
6.16,3.42,0.1801164,lower,38,77
6.24,3.42,0.1801188,lower,38,78
6.32,3.42,0.1801212,lower,38,79
0.0,3.51,0.1799298,lower,39,0
0.08,3.51,0.17993220000000001,lower,39,1
0.16,3.51,0.1799346,lower,39,2
0.24,3.51,0.179937,lower,39,3
0.32,3.51,0.1799394,lower,39,4
0.4,3.51,0.1799418,lower,39,5
0.48,3.51,0.1799442,lower,39,6
0.56,3.51,0.1799466,lower,39,7
0.64,3.51,0.179949,lower,39,8
0.72,3.51,0.1799514,lower,39,9
0.8,3.51,0.1799538,lower,39,10
0.88,3.51,0.1799562,lower,39,11
0.96,3.51,0.1799586,lower,39,12
1.04,3.51,0.179961,lower,39,13
1.12,3.51,0.1799634,lower,39,14
1.2,3.51,0.1799658,lower,39,15
1.28,3.51,0.1799682,lower,39,16
1.36,3.51,0.1799706,lower,39,17
1.44,3.51,0.179973,lower,39,18
1.52,3.51,0.1799754,lower,39,19
1.6,3.51,0.1799778,lower,39,20
1.68,3.51,0.1799802,lower,39,21
1.76,3.51,0.1799826,lower,39,22
1.84,3.51,0.179985,lower,39,23
1.92,3.51,0.1799874,lower,39,24
2.0,3.51,0.1799898,lower,39,25
2.08,3.51,0.1799922,lower,39,26
2.16,3.51,0.1799946,lower,39,27
2.24,3.51,0.179997,lower,39,28
2.32,3.51,0.1799994,lower,39,29
2.4,3.51,0.1800018,lower,39,30
2.48,3.51,0.1800042,lower,39,31
2.56,3.51,0.1800066,lower,39,32
2.64,3.51,0.180009,lower,39,33
2.72,3.51,0.1800114,lower,39,34
2.8000000000000003,3.51,0.1800138,lower,39,35
2.88,3.51,0.1800162,lower,39,36
2.96,3.51,0.1800186,lower,39,37
3.04,3.51,0.18002100000000001,lower,39,38
3.12,3.51,0.1800234,lower,39,39
3.2,3.51,0.1800258,lower,39,40
3.2800000000000002,3.51,0.1800282,lower,39,41
3.36,3.51,0.1800306,lower,39,42
3.44,3.51,0.180033,lower,39,43
3.52,3.51,0.1800354,lower,39,44
3.6,3.51,0.1800378,lower,39,45
3.68,3.51,0.1800402,lower,39,46
3.7600000000000002,3.51,0.1800426,lower,39,47
3.84,3.51,0.180045,lower,39,48
3.92,3.51,0.1800474,lower,39,49
4.0,3.51,0.1800498,lower,39,50
4.08,3.51,0.1800522,lower,39,51
4.16,3.51,0.1800546,lower,39,52
4.24,3.51,0.180057,lower,39,53
4.32,3.51,0.1800594,lower,39,54
4.4,3.51,0.1800618,lower,39,55
4.48,3.51,0.1800642,lower,39,56
4.5600000000000005,3.51,0.1800666,lower,39,57
4.64,3.51,0.180069,lower,39,58
4.72,3.51,0.1800714,lower,39,59
4.8,3.51,0.1800738,lower,39,60
4.88,3.51,0.1800762,lower,39,61
4.96,3.51,0.1800786,lower,39,62
5.04,3.51,0.180081,lower,39,63
5.12,3.51,0.1800834,lower,39,64
5.2,3.51,0.1800858,lower,39,65
5.28,3.51,0.1800882,lower,39,66
5.36,3.51,0.1800906,lower,39,67
5.44,3.51,0.180093,lower,39,68
5.5200000000000005,3.51,0.1800954,lower,39,69
5.6000000000000005,3.51,0.1800978,lower,39,70
5.68,3.51,0.1801002,lower,39,71
5.76,3.51,0.1801026,lower,39,72
5.84,3.51,0.180105,lower,39,73
5.92,3.51,0.1801074,lower,39,74
6.0,3.51,0.18010980000000001,lower,39,75
6.08,3.51,0.1801122,lower,39,76
6.16,3.51,0.1801146,lower,39,77
6.24,3.51,0.180117,lower,39,78
6.32,3.51,0.1801194,lower,39,79
0.0,3.5999999999999996,0.179928,lower,40,0
0.08,3.5999999999999996,0.17993040000000002,lower,40,1
0.16,3.5999999999999996,0.1799328,lower,40,2
0.24,3.5999999999999996,0.17993520000000002,lower,40,3
0.32,3.5999999999999996,0.1799376,lower,40,4
0.4,3.5999999999999996,0.17994000000000002,lower,40,5
0.48,3.5999999999999996,0.1799424,lower,40,6
0.56,3.5999999999999996,0.17994480000000002,lower,40,7
0.64,3.5999999999999996,0.1799472,lower,40,8
0.72,3.5999999999999996,0.17994960000000002,lower,40,9
0.8,3.5999999999999996,0.179952,lower,40,10
0.88,3.5999999999999996,0.17995440000000001,lower,40,11
0.96,3.5999999999999996,0.1799568,lower,40,12
1.04,3.5999999999999996,0.1799592,lower,40,13
1.12,3.5999999999999996,0.1799616,lower,40,14
1.2,3.5999999999999996,0.179964,lower,40,15
1.28,3.5999999999999996,0.1799664,lower,40,16
1.36,3.5999999999999996,0.1799688,lower,40,17
1.44,3.5999999999999996,0.1799712,lower,40,18
1.52,3.5999999999999996,0.1799736,lower,40,19
1.6,3.5999999999999996,0.179976,lower,40,20
1.68,3.5999999999999996,0.1799784,lower,40,21
1.76,3.5999999999999996,0.1799808,lower,40,22
1.84,3.5999999999999996,0.1799832,lower,40,23
1.92,3.5999999999999996,0.1799856,lower,40,24
2.0,3.5999999999999996,0.179988,lower,40,25
2.08,3.5999999999999996,0.1799904,lower,40,26
2.16,3.5999999999999996,0.1799928,lower,40,27
2.24,3.5999999999999996,0.1799952,lower,40,28
2.32,3.5999999999999996,0.1799976,lower,40,29
2.4,3.5999999999999996,0.18,lower,40,30
2.48,3.5999999999999996,0.1800024,lower,40,31
2.56,3.5999999999999996,0.1800048,lower,40,32
2.64,3.5999999999999996,0.1800072,lower,40,33
2.72,3.5999999999999996,0.1800096,lower,40,34
2.8000000000000003,3.5999999999999996,0.180012,lower,40,35
2.88,3.5999999999999996,0.1800144,lower,40,36
2.96,3.5999999999999996,0.1800168,lower,40,37
3.04,3.5999999999999996,0.18001920000000002,lower,40,38
3.12,3.5999999999999996,0.1800216,lower,40,39
3.2,3.5999999999999996,0.18002400000000002,lower,40,40
3.2800000000000002,3.5999999999999996,0.1800264,lower,40,41
3.36,3.5999999999999996,0.18002880000000002,lower,40,42
3.44,3.5999999999999996,0.1800312,lower,40,43
3.52,3.5999999999999996,0.18003360000000002,lower,40,44
3.6,3.5999999999999996,0.180036,lower,40,45
3.68,3.5999999999999996,0.18003840000000002,lower,40,46
3.7600000000000002,3.5999999999999996,0.1800408,lower,40,47
3.84,3.5999999999999996,0.18004320000000001,lower,40,48
3.92,3.5999999999999996,0.1800456,lower,40,49
4.0,3.5999999999999996,0.180048,lower,40,50
4.08,3.5999999999999996,0.1800504,lower,40,51
4.16,3.5999999999999996,0.1800528,lower,40,52
4.24,3.5999999999999996,0.1800552,lower,40,53
4.32,3.5999999999999996,0.1800576,lower,40,54
4.4,3.5999999999999996,0.18006,lower,40,55
4.48,3.5999999999999996,0.1800624,lower,40,56
4.5600000000000005,3.5999999999999996,0.1800648,lower,40,57
4.64,3.5999999999999996,0.1800672,lower,40,58
4.72,3.5999999999999996,0.1800696,lower,40,59
4.8,3.5999999999999996,0.180072,lower,40,60
4.88,3.5999999999999996,0.1800744,lower,40,61
4.96,3.5999999999999996,0.1800768,lower,40,62
5.04,3.5999999999999996,0.1800792,lower,40,63
5.12,3.5999999999999996,0.1800816,lower,40,64
5.2,3.5999999999999996,0.180084,lower,40,65
5.28,3.5999999999999996,0.1800864,lower,40,66
5.36,3.5999999999999996,0.1800888,lower,40,67
5.44,3.5999999999999996,0.1800912,lower,40,68
5.5200000000000005,3.5999999999999996,0.1800936,lower,40,69
5.6000000000000005,3.5999999999999996,0.180096,lower,40,70
5.68,3.5999999999999996,0.1800984,lower,40,71
5.76,3.5999999999999996,0.1801008,lower,40,72
5.84,3.5999999999999996,0.1801032,lower,40,73
5.92,3.5999999999999996,0.1801056,lower,40,74
6.0,3.5999999999999996,0.18010800000000002,lower,40,75
6.08,3.5999999999999996,0.1801104,lower,40,76
6.16,3.5999999999999996,0.18011280000000002,lower,40,77
6.24,3.5999999999999996,0.1801152,lower,40,78
6.32,3.5999999999999996,0.18011760000000002,lower,40,79
0.0,3.69,0.17992619999999998,lower,41,0
0.08,3.69,0.1799286,lower,41,1
0.16,3.69,0.17993099999999998,lower,41,2
0.24,3.69,0.1799334,lower,41,3
0.32,3.69,0.17993579999999998,lower,41,4
0.4,3.69,0.1799382,lower,41,5
0.48,3.69,0.17994059999999998,lower,41,6
0.56,3.69,0.179943,lower,41,7
0.64,3.69,0.17994539999999998,lower,41,8
0.72,3.69,0.1799478,lower,41,9
0.8,3.69,0.17995019999999998,lower,41,10
0.88,3.69,0.1799526,lower,41,11
0.96,3.69,0.17995499999999998,lower,41,12
1.04,3.69,0.1799574,lower,41,13
1.12,3.69,0.17995979999999998,lower,41,14
1.2,3.69,0.1799622,lower,41,15
1.28,3.69,0.17996459999999997,lower,41,16
1.36,3.69,0.179967,lower,41,17
1.44,3.69,0.17996939999999997,lower,41,18
1.52,3.69,0.1799718,lower,41,19
1.6,3.69,0.17997419999999997,lower,41,20
1.68,3.69,0.1799766,lower,41,21
1.76,3.69,0.17997899999999997,lower,41,22
1.84,3.69,0.17998139999999999,lower,41,23
1.92,3.69,0.17998379999999997,lower,41,24
2.0,3.69,0.17998619999999999,lower,41,25
2.08,3.69,0.17998859999999997,lower,41,26
2.16,3.69,0.17999099999999998,lower,41,27
2.24,3.69,0.17999339999999997,lower,41,28
2.32,3.69,0.17999579999999998,lower,41,29
2.4,3.69,0.17999819999999997,lower,41,30
2.48,3.69,0.18000059999999998,lower,41,31
2.56,3.69,0.18000299999999997,lower,41,32
2.64,3.69,0.18000539999999998,lower,41,33
2.72,3.69,0.18000779999999997,lower,41,34
2.8000000000000003,3.69,0.18001019999999998,lower,41,35
2.88,3.69,0.18001259999999997,lower,41,36
2.96,3.69,0.18001499999999998,lower,41,37
3.04,3.69,0.1800174,lower,41,38
3.12,3.69,0.18001979999999998,lower,41,39
3.2,3.69,0.1800222,lower,41,40
3.2800000000000002,3.69,0.18002459999999998,lower,41,41
3.36,3.69,0.180027,lower,41,42
3.44,3.69,0.18002939999999998,lower,41,43
3.52,3.69,0.1800318,lower,41,44
3.6,3.69,0.18003419999999998,lower,41,45
3.68,3.69,0.1800366,lower,41,46
3.7600000000000002,3.69,0.18003899999999998,lower,41,47
3.84,3.69,0.1800414,lower,41,48
3.92,3.69,0.18004379999999998,lower,41,49
4.0,3.69,0.1800462,lower,41,50
4.08,3.69,0.18004859999999998,lower,41,51
4.16,3.69,0.180051,lower,41,52
4.24,3.69,0.18005339999999997,lower,41,53
4.32,3.69,0.1800558,lower,41,54
4.4,3.69,0.18005819999999997,lower,41,55
4.48,3.69,0.1800606,lower,41,56
4.5600000000000005,3.69,0.18006299999999997,lower,41,57
4.64,3.69,0.1800654,lower,41,58
4.72,3.69,0.18006779999999997,lower,41,59
4.8,3.69,0.18007019999999999,lower,41,60
4.88,3.69,0.18007259999999997,lower,41,61
4.96,3.69,0.18007499999999999,lower,41,62
5.04,3.69,0.18007739999999997,lower,41,63
5.12,3.69,0.18007979999999998,lower,41,64
5.2,3.69,0.18008219999999997,lower,41,65
5.28,3.69,0.18008459999999998,lower,41,66
5.36,3.69,0.18008699999999997,lower,41,67
5.44,3.69,0.18008939999999998,lower,41,68
5.5200000000000005,3.69,0.18009179999999997,lower,41,69
5.6000000000000005,3.69,0.18009419999999998,lower,41,70
5.68,3.69,0.18009659999999997,lower,41,71
5.76,3.69,0.18009899999999998,lower,41,72
5.84,3.69,0.18010139999999997,lower,41,73
5.92,3.69,0.18010379999999998,lower,41,74
6.0,3.69,0.1801062,lower,41,75
6.08,3.69,0.18010859999999998,lower,41,76
6.16,3.69,0.180111,lower,41,77
6.24,3.69,0.18011339999999998,lower,41,78
6.32,3.69,0.1801158,lower,41,79
0.0,3.78,0.17992439999999998,lower,42,0
0.08,3.78,0.1799268,lower,42,1
0.16,3.78,0.17992919999999998,lower,42,2
0.24,3.78,0.1799316,lower,42,3
0.32,3.78,0.17993399999999998,lower,42,4
0.4,3.78,0.1799364,lower,42,5
0.48,3.78,0.17993879999999998,lower,42,6
0.56,3.78,0.1799412,lower,42,7
0.64,3.78,0.17994359999999998,lower,42,8
0.72,3.78,0.179946,lower,42,9
0.8,3.78,0.17994839999999998,lower,42,10
0.88,3.78,0.1799508,lower,42,11
0.96,3.78,0.17995319999999998,lower,42,12
1.04,3.78,0.1799556,lower,42,13
1.12,3.78,0.17995799999999998,lower,42,14
1.2,3.78,0.1799604,lower,42,15
1.28,3.78,0.17996279999999998,lower,42,16
1.36,3.78,0.1799652,lower,42,17
1.44,3.78,0.17996759999999998,lower,42,18
1.52,3.78,0.17997,lower,42,19
1.6,3.78,0.17997239999999998,lower,42,20
1.68,3.78,0.1799748,lower,42,21
1.76,3.78,0.17997719999999998,lower,42,22
1.84,3.78,0.1799796,lower,42,23
1.92,3.78,0.17998199999999998,lower,42,24
2.0,3.78,0.1799844,lower,42,25
2.08,3.78,0.17998679999999997,lower,42,26
2.16,3.78,0.1799892,lower,42,27
2.24,3.78,0.17999159999999997,lower,42,28
2.32,3.78,0.179994,lower,42,29
2.4,3.78,0.17999639999999997,lower,42,30
2.48,3.78,0.1799988,lower,42,31
2.56,3.78,0.18000119999999997,lower,42,32
2.64,3.78,0.18000359999999999,lower,42,33
2.72,3.78,0.18000599999999997,lower,42,34
2.8000000000000003,3.78,0.18000839999999999,lower,42,35
2.88,3.78,0.18001079999999997,lower,42,36
2.96,3.78,0.18001319999999998,lower,42,37
3.04,3.78,0.1800156,lower,42,38
3.12,3.78,0.18001799999999998,lower,42,39
3.2,3.78,0.1800204,lower,42,40
3.2800000000000002,3.78,0.18002279999999998,lower,42,41
3.36,3.78,0.1800252,lower,42,42
3.44,3.78,0.18002759999999998,lower,42,43
3.52,3.78,0.18003,lower,42,44
3.6,3.78,0.18003239999999998,lower,42,45
3.68,3.78,0.1800348,lower,42,46
3.7600000000000002,3.78,0.18003719999999998,lower,42,47
3.84,3.78,0.1800396,lower,42,48
3.92,3.78,0.18004199999999998,lower,42,49
4.0,3.78,0.1800444,lower,42,50
4.08,3.78,0.18004679999999998,lower,42,51
4.16,3.78,0.1800492,lower,42,52
4.24,3.78,0.18005159999999998,lower,42,53
4.32,3.78,0.180054,lower,42,54
4.4,3.78,0.18005639999999998,lower,42,55
4.48,3.78,0.1800588,lower,42,56
4.5600000000000005,3.78,0.18006119999999998,lower,42,57
4.64,3.78,0.1800636,lower,42,58
4.72,3.78,0.18006599999999998,lower,42,59
4.8,3.78,0.1800684,lower,42,60
4.88,3.78,0.18007079999999998,lower,42,61
4.96,3.78,0.1800732,lower,42,62
5.04,3.78,0.18007559999999997,lower,42,63
5.12,3.78,0.180078,lower,42,64
5.2,3.78,0.18008039999999997,lower,42,65
5.28,3.78,0.1800828,lower,42,66
5.36,3.78,0.18008519999999997,lower,42,67
5.44,3.78,0.1800876,lower,42,68
5.5200000000000005,3.78,0.18008999999999997,lower,42,69
5.6000000000000005,3.78,0.18009239999999999,lower,42,70
5.68,3.78,0.18009479999999997,lower,42,71
5.76,3.78,0.18009719999999999,lower,42,72
5.84,3.78,0.18009959999999997,lower,42,73
5.92,3.78,0.18010199999999998,lower,42,74
6.0,3.78,0.1801044,lower,42,75
6.08,3.78,0.18010679999999998,lower,42,76
6.16,3.78,0.1801092,lower,42,77
6.24,3.78,0.18011159999999998,lower,42,78
6.32,3.78,0.180114,lower,42,79
0.0,3.8699999999999997,0.1799226,lower,43,0
0.08,3.8699999999999997,0.179925,lower,43,1
0.16,3.8699999999999997,0.1799274,lower,43,2
0.24,3.8699999999999997,0.1799298,lower,43,3
0.32,3.8699999999999997,0.1799322,lower,43,4
0.4,3.8699999999999997,0.1799346,lower,43,5
0.48,3.8699999999999997,0.17993699999999999,lower,43,6
0.56,3.8699999999999997,0.1799394,lower,43,7
0.64,3.8699999999999997,0.17994179999999999,lower,43,8
0.72,3.8699999999999997,0.1799442,lower,43,9
0.8,3.8699999999999997,0.17994659999999998,lower,43,10
0.88,3.8699999999999997,0.179949,lower,43,11
0.96,3.8699999999999997,0.17995139999999998,lower,43,12
1.04,3.8699999999999997,0.1799538,lower,43,13
1.12,3.8699999999999997,0.17995619999999998,lower,43,14
1.2,3.8699999999999997,0.1799586,lower,43,15
1.28,3.8699999999999997,0.17996099999999998,lower,43,16
1.36,3.8699999999999997,0.1799634,lower,43,17
1.44,3.8699999999999997,0.17996579999999998,lower,43,18
1.52,3.8699999999999997,0.1799682,lower,43,19
1.6,3.8699999999999997,0.17997059999999998,lower,43,20
1.68,3.8699999999999997,0.179973,lower,43,21
1.76,3.8699999999999997,0.17997539999999998,lower,43,22
1.84,3.8699999999999997,0.1799778,lower,43,23
1.92,3.8699999999999997,0.17998019999999998,lower,43,24
2.0,3.8699999999999997,0.1799826,lower,43,25
2.08,3.8699999999999997,0.17998499999999998,lower,43,26
2.16,3.8699999999999997,0.1799874,lower,43,27
2.24,3.8699999999999997,0.17998979999999998,lower,43,28
2.32,3.8699999999999997,0.1799922,lower,43,29
2.4,3.8699999999999997,0.17999459999999998,lower,43,30
2.48,3.8699999999999997,0.179997,lower,43,31
2.56,3.8699999999999997,0.17999939999999998,lower,43,32
2.64,3.8699999999999997,0.1800018,lower,43,33
2.72,3.8699999999999997,0.18000419999999998,lower,43,34
2.8000000000000003,3.8699999999999997,0.1800066,lower,43,35
2.88,3.8699999999999997,0.18000899999999997,lower,43,36
2.96,3.8699999999999997,0.1800114,lower,43,37
3.04,3.8699999999999997,0.1800138,lower,43,38
3.12,3.8699999999999997,0.1800162,lower,43,39
3.2,3.8699999999999997,0.1800186,lower,43,40
3.2800000000000002,3.8699999999999997,0.180021,lower,43,41
3.36,3.8699999999999997,0.1800234,lower,43,42
3.44,3.8699999999999997,0.18002579999999999,lower,43,43
3.52,3.8699999999999997,0.1800282,lower,43,44
3.6,3.8699999999999997,0.18003059999999999,lower,43,45
3.68,3.8699999999999997,0.180033,lower,43,46
3.7600000000000002,3.8699999999999997,0.18003539999999998,lower,43,47
3.84,3.8699999999999997,0.1800378,lower,43,48
3.92,3.8699999999999997,0.18004019999999998,lower,43,49
4.0,3.8699999999999997,0.1800426,lower,43,50
4.08,3.8699999999999997,0.18004499999999998,lower,43,51
4.16,3.8699999999999997,0.1800474,lower,43,52
4.24,3.8699999999999997,0.18004979999999998,lower,43,53
4.32,3.8699999999999997,0.1800522,lower,43,54
4.4,3.8699999999999997,0.18005459999999998,lower,43,55
4.48,3.8699999999999997,0.180057,lower,43,56
4.5600000000000005,3.8699999999999997,0.18005939999999998,lower,43,57
4.64,3.8699999999999997,0.1800618,lower,43,58
4.72,3.8699999999999997,0.18006419999999998,lower,43,59
4.8,3.8699999999999997,0.1800666,lower,43,60
4.88,3.8699999999999997,0.18006899999999998,lower,43,61
4.96,3.8699999999999997,0.1800714,lower,43,62
5.04,3.8699999999999997,0.18007379999999998,lower,43,63
5.12,3.8699999999999997,0.1800762,lower,43,64
5.2,3.8699999999999997,0.18007859999999998,lower,43,65
5.28,3.8699999999999997,0.180081,lower,43,66
5.36,3.8699999999999997,0.18008339999999998,lower,43,67
5.44,3.8699999999999997,0.1800858,lower,43,68
5.5200000000000005,3.8699999999999997,0.18008819999999998,lower,43,69
5.6000000000000005,3.8699999999999997,0.1800906,lower,43,70
5.68,3.8699999999999997,0.18009299999999998,lower,43,71
5.76,3.8699999999999997,0.1800954,lower,43,72
5.84,3.8699999999999997,0.18009779999999997,lower,43,73
5.92,3.8699999999999997,0.1801002,lower,43,74
6.0,3.8699999999999997,0.1801026,lower,43,75
6.08,3.8699999999999997,0.180105,lower,43,76
6.16,3.8699999999999997,0.1801074,lower,43,77
6.24,3.8699999999999997,0.1801098,lower,43,78
6.32,3.8699999999999997,0.1801122,lower,43,79
0.0,3.96,0.1799208,lower,44,0
0.08,3.96,0.1799232,lower,44,1
0.16,3.96,0.1799256,lower,44,2
0.24,3.96,0.179928,lower,44,3
0.32,3.96,0.1799304,lower,44,4
0.4,3.96,0.1799328,lower,44,5
0.48,3.96,0.1799352,lower,44,6
0.56,3.96,0.1799376,lower,44,7
0.64,3.96,0.17994,lower,44,8
0.72,3.96,0.1799424,lower,44,9
0.8,3.96,0.1799448,lower,44,10
0.88,3.96,0.1799472,lower,44,11
0.96,3.96,0.1799496,lower,44,12
1.04,3.96,0.179952,lower,44,13
1.12,3.96,0.1799544,lower,44,14
1.2,3.96,0.1799568,lower,44,15
1.28,3.96,0.17995919999999999,lower,44,16
1.36,3.96,0.1799616,lower,44,17
1.44,3.96,0.17996399999999999,lower,44,18
1.52,3.96,0.1799664,lower,44,19
1.6,3.96,0.17996879999999998,lower,44,20
1.68,3.96,0.1799712,lower,44,21
1.76,3.96,0.17997359999999998,lower,44,22
1.84,3.96,0.179976,lower,44,23
1.92,3.96,0.17997839999999998,lower,44,24
2.0,3.96,0.1799808,lower,44,25
2.08,3.96,0.17998319999999998,lower,44,26
2.16,3.96,0.1799856,lower,44,27
2.24,3.96,0.17998799999999998,lower,44,28
2.32,3.96,0.1799904,lower,44,29
2.4,3.96,0.17999279999999998,lower,44,30
2.48,3.96,0.1799952,lower,44,31
2.56,3.96,0.17999759999999998,lower,44,32
2.64,3.96,0.18,lower,44,33
2.72,3.96,0.18000239999999998,lower,44,34
2.8000000000000003,3.96,0.1800048,lower,44,35
2.88,3.96,0.18000719999999998,lower,44,36
2.96,3.96,0.1800096,lower,44,37
3.04,3.96,0.180012,lower,44,38
3.12,3.96,0.1800144,lower,44,39
3.2,3.96,0.1800168,lower,44,40
3.2800000000000002,3.96,0.1800192,lower,44,41
3.36,3.96,0.1800216,lower,44,42
3.44,3.96,0.180024,lower,44,43
3.52,3.96,0.1800264,lower,44,44
3.6,3.96,0.1800288,lower,44,45
3.68,3.96,0.1800312,lower,44,46
3.7600000000000002,3.96,0.1800336,lower,44,47
3.84,3.96,0.180036,lower,44,48
3.92,3.96,0.1800384,lower,44,49
4.0,3.96,0.1800408,lower,44,50
4.08,3.96,0.1800432,lower,44,51
4.16,3.96,0.1800456,lower,44,52
4.24,3.96,0.18004799999999999,lower,44,53
4.32,3.96,0.1800504,lower,44,54
4.4,3.96,0.18005279999999999,lower,44,55
4.48,3.96,0.1800552,lower,44,56
4.5600000000000005,3.96,0.18005759999999998,lower,44,57
4.64,3.96,0.18006,lower,44,58
4.72,3.96,0.18006239999999998,lower,44,59
4.8,3.96,0.1800648,lower,44,60
4.88,3.96,0.18006719999999998,lower,44,61
4.96,3.96,0.1800696,lower,44,62
5.04,3.96,0.18007199999999998,lower,44,63
5.12,3.96,0.1800744,lower,44,64
5.2,3.96,0.18007679999999998,lower,44,65
5.28,3.96,0.1800792,lower,44,66
5.36,3.96,0.18008159999999998,lower,44,67
5.44,3.96,0.180084,lower,44,68
5.5200000000000005,3.96,0.18008639999999998,lower,44,69
5.6000000000000005,3.96,0.1800888,lower,44,70
5.68,3.96,0.18009119999999998,lower,44,71
5.76,3.96,0.1800936,lower,44,72
5.84,3.96,0.18009599999999998,lower,44,73
5.92,3.96,0.1800984,lower,44,74
6.0,3.96,0.1801008,lower,44,75
6.08,3.96,0.1801032,lower,44,76
6.16,3.96,0.1801056,lower,44,77
6.24,3.96,0.180108,lower,44,78
6.32,3.96,0.1801104,lower,44,79
0.0,4.05,0.179919,lower,45,0
0.08,4.05,0.1799214,lower,45,1
0.16,4.05,0.1799238,lower,45,2
0.24,4.05,0.1799262,lower,45,3
0.32,4.05,0.1799286,lower,45,4
0.4,4.05,0.179931,lower,45,5
0.48,4.05,0.1799334,lower,45,6
0.56,4.05,0.1799358,lower,45,7
0.64,4.05,0.1799382,lower,45,8
0.72,4.05,0.1799406,lower,45,9
0.8,4.05,0.179943,lower,45,10
0.88,4.05,0.1799454,lower,45,11
0.96,4.05,0.1799478,lower,45,12
1.04,4.05,0.1799502,lower,45,13
1.12,4.05,0.1799526,lower,45,14
1.2,4.05,0.179955,lower,45,15
1.28,4.05,0.1799574,lower,45,16
1.36,4.05,0.1799598,lower,45,17
1.44,4.05,0.1799622,lower,45,18
1.52,4.05,0.1799646,lower,45,19
1.6,4.05,0.179967,lower,45,20
1.68,4.05,0.1799694,lower,45,21
1.76,4.05,0.1799718,lower,45,22
1.84,4.05,0.1799742,lower,45,23
1.92,4.05,0.1799766,lower,45,24
2.0,4.05,0.179979,lower,45,25
2.08,4.05,0.17998139999999999,lower,45,26
2.16,4.05,0.1799838,lower,45,27
2.24,4.05,0.17998619999999999,lower,45,28
2.32,4.05,0.1799886,lower,45,29
2.4,4.05,0.17999099999999998,lower,45,30
2.48,4.05,0.1799934,lower,45,31
2.56,4.05,0.17999579999999998,lower,45,32
2.64,4.05,0.1799982,lower,45,33
2.72,4.05,0.18000059999999998,lower,45,34
2.8000000000000003,4.05,0.180003,lower,45,35
2.88,4.05,0.18000539999999998,lower,45,36
2.96,4.05,0.1800078,lower,45,37
3.04,4.05,0.1800102,lower,45,38
3.12,4.05,0.1800126,lower,45,39
3.2,4.05,0.180015,lower,45,40
3.2800000000000002,4.05,0.1800174,lower,45,41
3.36,4.05,0.1800198,lower,45,42
3.44,4.05,0.1800222,lower,45,43
3.52,4.05,0.1800246,lower,45,44
3.6,4.05,0.180027,lower,45,45
3.68,4.05,0.1800294,lower,45,46
3.7600000000000002,4.05,0.1800318,lower,45,47
3.84,4.05,0.1800342,lower,45,48
3.92,4.05,0.1800366,lower,45,49
4.0,4.05,0.180039,lower,45,50
4.08,4.05,0.1800414,lower,45,51
4.16,4.05,0.1800438,lower,45,52
4.24,4.05,0.1800462,lower,45,53
4.32,4.05,0.1800486,lower,45,54
4.4,4.05,0.180051,lower,45,55
4.48,4.05,0.1800534,lower,45,56
4.5600000000000005,4.05,0.1800558,lower,45,57
4.64,4.05,0.1800582,lower,45,58
4.72,4.05,0.1800606,lower,45,59
4.8,4.05,0.180063,lower,45,60
4.88,4.05,0.1800654,lower,45,61
4.96,4.05,0.1800678,lower,45,62
5.04,4.05,0.18007019999999999,lower,45,63
5.12,4.05,0.1800726,lower,45,64
5.2,4.05,0.18007499999999999,lower,45,65
5.28,4.05,0.1800774,lower,45,66
5.36,4.05,0.18007979999999998,lower,45,67
5.44,4.05,0.1800822,lower,45,68
5.5200000000000005,4.05,0.18008459999999998,lower,45,69
5.6000000000000005,4.05,0.180087,lower,45,70
5.68,4.05,0.18008939999999998,lower,45,71
5.76,4.05,0.1800918,lower,45,72
5.84,4.05,0.18009419999999998,lower,45,73
5.92,4.05,0.1800966,lower,45,74
6.0,4.05,0.180099,lower,45,75
6.08,4.05,0.1801014,lower,45,76
6.16,4.05,0.1801038,lower,45,77
6.24,4.05,0.1801062,lower,45,78
6.32,4.05,0.1801086,lower,45,79
0.0,4.14,0.1799172,lower,46,0
0.08,4.14,0.1799196,lower,46,1
0.16,4.14,0.179922,lower,46,2
0.24,4.14,0.1799244,lower,46,3
0.32,4.14,0.1799268,lower,46,4
0.4,4.14,0.1799292,lower,46,5
0.48,4.14,0.1799316,lower,46,6
0.56,4.14,0.179934,lower,46,7
0.64,4.14,0.1799364,lower,46,8
0.72,4.14,0.1799388,lower,46,9
0.8,4.14,0.1799412,lower,46,10
0.88,4.14,0.1799436,lower,46,11
0.96,4.14,0.179946,lower,46,12
1.04,4.14,0.1799484,lower,46,13
1.12,4.14,0.1799508,lower,46,14
1.2,4.14,0.1799532,lower,46,15
1.28,4.14,0.1799556,lower,46,16
1.36,4.14,0.179958,lower,46,17
1.44,4.14,0.1799604,lower,46,18
1.52,4.14,0.1799628,lower,46,19
1.6,4.14,0.1799652,lower,46,20
1.68,4.14,0.1799676,lower,46,21
1.76,4.14,0.17997,lower,46,22
1.84,4.14,0.1799724,lower,46,23
1.92,4.14,0.1799748,lower,46,24
2.0,4.14,0.1799772,lower,46,25
2.08,4.14,0.1799796,lower,46,26
2.16,4.14,0.179982,lower,46,27
2.24,4.14,0.1799844,lower,46,28
2.32,4.14,0.1799868,lower,46,29
2.4,4.14,0.1799892,lower,46,30
2.48,4.14,0.1799916,lower,46,31
2.56,4.14,0.179994,lower,46,32
2.64,4.14,0.1799964,lower,46,33
2.72,4.14,0.1799988,lower,46,34
2.8000000000000003,4.14,0.1800012,lower,46,35
2.88,4.14,0.18000359999999999,lower,46,36
2.96,4.14,0.180006,lower,46,37
3.04,4.14,0.1800084,lower,46,38
3.12,4.14,0.1800108,lower,46,39
3.2,4.14,0.1800132,lower,46,40
3.2800000000000002,4.14,0.1800156,lower,46,41
3.36,4.14,0.180018,lower,46,42
3.44,4.14,0.1800204,lower,46,43
3.52,4.14,0.1800228,lower,46,44
3.6,4.14,0.1800252,lower,46,45
3.68,4.14,0.1800276,lower,46,46
3.7600000000000002,4.14,0.18003,lower,46,47
3.84,4.14,0.1800324,lower,46,48
3.92,4.14,0.1800348,lower,46,49
4.0,4.14,0.1800372,lower,46,50
4.08,4.14,0.1800396,lower,46,51
4.16,4.14,0.180042,lower,46,52
4.24,4.14,0.1800444,lower,46,53
4.32,4.14,0.1800468,lower,46,54
4.4,4.14,0.1800492,lower,46,55
4.48,4.14,0.1800516,lower,46,56
4.5600000000000005,4.14,0.180054,lower,46,57
4.64,4.14,0.1800564,lower,46,58
4.72,4.14,0.1800588,lower,46,59
4.8,4.14,0.1800612,lower,46,60
4.88,4.14,0.1800636,lower,46,61
4.96,4.14,0.180066,lower,46,62
5.04,4.14,0.1800684,lower,46,63
5.12,4.14,0.1800708,lower,46,64
5.2,4.14,0.1800732,lower,46,65
5.28,4.14,0.1800756,lower,46,66
5.36,4.14,0.180078,lower,46,67
5.44,4.14,0.1800804,lower,46,68
5.5200000000000005,4.14,0.1800828,lower,46,69
5.6000000000000005,4.14,0.1800852,lower,46,70
5.68,4.14,0.1800876,lower,46,71
5.76,4.14,0.18009,lower,46,72
5.84,4.14,0.18009239999999999,lower,46,73
5.92,4.14,0.1800948,lower,46,74
6.0,4.14,0.1800972,lower,46,75
6.08,4.14,0.1800996,lower,46,76
6.16,4.14,0.180102,lower,46,77
6.24,4.14,0.1801044,lower,46,78
6.32,4.14,0.1801068,lower,46,79
0.0,4.2299999999999995,0.1799154,lower,47,0
0.08,4.2299999999999995,0.17991780000000002,lower,47,1
0.16,4.2299999999999995,0.1799202,lower,47,2
0.24,4.2299999999999995,0.17992260000000002,lower,47,3
0.32,4.2299999999999995,0.179925,lower,47,4
0.4,4.2299999999999995,0.17992740000000002,lower,47,5
0.48,4.2299999999999995,0.1799298,lower,47,6
0.56,4.2299999999999995,0.17993220000000001,lower,47,7
0.64,4.2299999999999995,0.1799346,lower,47,8
0.72,4.2299999999999995,0.179937,lower,47,9
0.8,4.2299999999999995,0.1799394,lower,47,10
0.88,4.2299999999999995,0.1799418,lower,47,11
0.96,4.2299999999999995,0.1799442,lower,47,12
1.04,4.2299999999999995,0.1799466,lower,47,13
1.12,4.2299999999999995,0.179949,lower,47,14
1.2,4.2299999999999995,0.1799514,lower,47,15
1.28,4.2299999999999995,0.1799538,lower,47,16
1.36,4.2299999999999995,0.1799562,lower,47,17
1.44,4.2299999999999995,0.1799586,lower,47,18
1.52,4.2299999999999995,0.179961,lower,47,19
1.6,4.2299999999999995,0.1799634,lower,47,20
1.68,4.2299999999999995,0.1799658,lower,47,21
1.76,4.2299999999999995,0.1799682,lower,47,22
1.84,4.2299999999999995,0.1799706,lower,47,23
1.92,4.2299999999999995,0.179973,lower,47,24
2.0,4.2299999999999995,0.1799754,lower,47,25
2.08,4.2299999999999995,0.1799778,lower,47,26
2.16,4.2299999999999995,0.1799802,lower,47,27
2.24,4.2299999999999995,0.1799826,lower,47,28
2.32,4.2299999999999995,0.179985,lower,47,29
2.4,4.2299999999999995,0.1799874,lower,47,30
2.48,4.2299999999999995,0.1799898,lower,47,31
2.56,4.2299999999999995,0.1799922,lower,47,32
2.64,4.2299999999999995,0.1799946,lower,47,33
2.72,4.2299999999999995,0.179997,lower,47,34
2.8000000000000003,4.2299999999999995,0.1799994,lower,47,35
2.88,4.2299999999999995,0.1800018,lower,47,36
2.96,4.2299999999999995,0.1800042,lower,47,37
3.04,4.2299999999999995,0.18000660000000002,lower,47,38
3.12,4.2299999999999995,0.180009,lower,47,39
3.2,4.2299999999999995,0.18001140000000002,lower,47,40
3.2800000000000002,4.2299999999999995,0.1800138,lower,47,41
3.36,4.2299999999999995,0.18001620000000002,lower,47,42
3.44,4.2299999999999995,0.1800186,lower,47,43
3.52,4.2299999999999995,0.18002100000000001,lower,47,44
3.6,4.2299999999999995,0.1800234,lower,47,45
3.68,4.2299999999999995,0.1800258,lower,47,46
3.7600000000000002,4.2299999999999995,0.1800282,lower,47,47
3.84,4.2299999999999995,0.1800306,lower,47,48
3.92,4.2299999999999995,0.180033,lower,47,49
4.0,4.2299999999999995,0.1800354,lower,47,50
4.08,4.2299999999999995,0.1800378,lower,47,51
4.16,4.2299999999999995,0.1800402,lower,47,52
4.24,4.2299999999999995,0.1800426,lower,47,53
4.32,4.2299999999999995,0.180045,lower,47,54
4.4,4.2299999999999995,0.1800474,lower,47,55
4.48,4.2299999999999995,0.1800498,lower,47,56
4.5600000000000005,4.2299999999999995,0.1800522,lower,47,57
4.64,4.2299999999999995,0.1800546,lower,47,58
4.72,4.2299999999999995,0.180057,lower,47,59
4.8,4.2299999999999995,0.1800594,lower,47,60
4.88,4.2299999999999995,0.1800618,lower,47,61
4.96,4.2299999999999995,0.1800642,lower,47,62
5.04,4.2299999999999995,0.1800666,lower,47,63
5.12,4.2299999999999995,0.180069,lower,47,64
5.2,4.2299999999999995,0.1800714,lower,47,65
5.28,4.2299999999999995,0.1800738,lower,47,66
5.36,4.2299999999999995,0.1800762,lower,47,67
5.44,4.2299999999999995,0.1800786,lower,47,68
5.5200000000000005,4.2299999999999995,0.180081,lower,47,69
5.6000000000000005,4.2299999999999995,0.1800834,lower,47,70
5.68,4.2299999999999995,0.1800858,lower,47,71
5.76,4.2299999999999995,0.1800882,lower,47,72
5.84,4.2299999999999995,0.1800906,lower,47,73
5.92,4.2299999999999995,0.180093,lower,47,74
6.0,4.2299999999999995,0.18009540000000002,lower,47,75
6.08,4.2299999999999995,0.1800978,lower,47,76
6.16,4.2299999999999995,0.18010020000000002,lower,47,77
6.24,4.2299999999999995,0.1801026,lower,47,78
6.32,4.2299999999999995,0.18010500000000002,lower,47,79
0.0,4.32,0.1799136,lower,48,0
0.08,4.32,0.17991600000000002,lower,48,1
0.16,4.32,0.1799184,lower,48,2
0.24,4.32,0.17992080000000002,lower,48,3
0.32,4.32,0.1799232,lower,48,4
0.4,4.32,0.17992560000000002,lower,48,5
0.48,4.32,0.179928,lower,48,6
0.56,4.32,0.17993040000000002,lower,48,7
0.64,4.32,0.1799328,lower,48,8
0.72,4.32,0.17993520000000002,lower,48,9
0.8,4.32,0.1799376,lower,48,10
0.88,4.32,0.17994000000000002,lower,48,11
0.96,4.32,0.1799424,lower,48,12
1.04,4.32,0.17994480000000002,lower,48,13
1.12,4.32,0.1799472,lower,48,14
1.2,4.32,0.17994960000000002,lower,48,15
1.28,4.32,0.179952,lower,48,16
1.36,4.32,0.17995440000000001,lower,48,17
1.44,4.32,0.1799568,lower,48,18
1.52,4.32,0.1799592,lower,48,19
1.6,4.32,0.1799616,lower,48,20
1.68,4.32,0.179964,lower,48,21
1.76,4.32,0.1799664,lower,48,22
1.84,4.32,0.1799688,lower,48,23
1.92,4.32,0.1799712,lower,48,24
2.0,4.32,0.1799736,lower,48,25
2.08,4.32,0.179976,lower,48,26
2.16,4.32,0.1799784,lower,48,27
2.24,4.32,0.1799808,lower,48,28
2.32,4.32,0.1799832,lower,48,29
2.4,4.32,0.1799856,lower,48,30
2.48,4.32,0.179988,lower,48,31
2.56,4.32,0.1799904,lower,48,32
2.64,4.32,0.1799928,lower,48,33
2.72,4.32,0.1799952,lower,48,34
2.8000000000000003,4.32,0.1799976,lower,48,35
2.88,4.32,0.18,lower,48,36
2.96,4.32,0.1800024,lower,48,37
3.04,4.32,0.18000480000000002,lower,48,38
3.12,4.32,0.1800072,lower,48,39
3.2,4.32,0.18000960000000002,lower,48,40
3.2800000000000002,4.32,0.180012,lower,48,41
3.36,4.32,0.18001440000000002,lower,48,42
3.44,4.32,0.1800168,lower,48,43
3.52,4.32,0.18001920000000002,lower,48,44
3.6,4.32,0.1800216,lower,48,45
3.68,4.32,0.18002400000000002,lower,48,46
3.7600000000000002,4.32,0.1800264,lower,48,47
3.84,4.32,0.18002880000000002,lower,48,48
3.92,4.32,0.1800312,lower,48,49
4.0,4.32,0.18003360000000002,lower,48,50
4.08,4.32,0.180036,lower,48,51
4.16,4.32,0.18003840000000002,lower,48,52
4.24,4.32,0.1800408,lower,48,53
4.32,4.32,0.18004320000000001,lower,48,54
4.4,4.32,0.1800456,lower,48,55
4.48,4.32,0.180048,lower,48,56
4.5600000000000005,4.32,0.1800504,lower,48,57
4.64,4.32,0.1800528,lower,48,58
4.72,4.32,0.1800552,lower,48,59
4.8,4.32,0.1800576,lower,48,60
4.88,4.32,0.18006,lower,48,61
4.96,4.32,0.1800624,lower,48,62
5.04,4.32,0.1800648,lower,48,63
5.12,4.32,0.1800672,lower,48,64
5.2,4.32,0.1800696,lower,48,65
5.28,4.32,0.180072,lower,48,66
5.36,4.32,0.1800744,lower,48,67
5.44,4.32,0.1800768,lower,48,68
5.5200000000000005,4.32,0.1800792,lower,48,69
5.6000000000000005,4.32,0.1800816,lower,48,70
5.68,4.32,0.180084,lower,48,71
5.76,4.32,0.1800864,lower,48,72
5.84,4.32,0.1800888,lower,48,73
5.92,4.32,0.1800912,lower,48,74
6.0,4.32,0.18009360000000002,lower,48,75
6.08,4.32,0.180096,lower,48,76
6.16,4.32,0.18009840000000002,lower,48,77
6.24,4.32,0.1801008,lower,48,78
6.32,4.32,0.18010320000000002,lower,48,79
0.0,4.41,0.17991179999999998,lower,49,0
0.08,4.41,0.1799142,lower,49,1
0.16,4.41,0.17991659999999998,lower,49,2
0.24,4.41,0.179919,lower,49,3
0.32,4.41,0.17992139999999998,lower,49,4
0.4,4.41,0.1799238,lower,49,5
0.48,4.41,0.17992619999999998,lower,49,6
0.56,4.41,0.1799286,lower,49,7
0.64,4.41,0.17993099999999998,lower,49,8
0.72,4.41,0.1799334,lower,49,9
0.8,4.41,0.17993579999999998,lower,49,10
0.88,4.41,0.1799382,lower,49,11
0.96,4.41,0.17994059999999998,lower,49,12
1.04,4.41,0.179943,lower,49,13
1.12,4.41,0.17994539999999998,lower,49,14
1.2,4.41,0.1799478,lower,49,15
1.28,4.41,0.17995019999999998,lower,49,16
1.36,4.41,0.1799526,lower,49,17
1.44,4.41,0.17995499999999998,lower,49,18
1.52,4.41,0.1799574,lower,49,19
1.6,4.41,0.17995979999999998,lower,49,20
1.68,4.41,0.1799622,lower,49,21
1.76,4.41,0.17996459999999997,lower,49,22
1.84,4.41,0.179967,lower,49,23
1.92,4.41,0.17996939999999997,lower,49,24
2.0,4.41,0.1799718,lower,49,25
2.08,4.41,0.17997419999999997,lower,49,26
2.16,4.41,0.1799766,lower,49,27
2.24,4.41,0.17997899999999997,lower,49,28
2.32,4.41,0.17998139999999999,lower,49,29
2.4,4.41,0.17998379999999997,lower,49,30
2.48,4.41,0.17998619999999999,lower,49,31
2.56,4.41,0.17998859999999997,lower,49,32
2.64,4.41,0.17999099999999998,lower,49,33
2.72,4.41,0.17999339999999997,lower,49,34
2.8000000000000003,4.41,0.17999579999999998,lower,49,35
2.88,4.41,0.17999819999999997,lower,49,36
2.96,4.41,0.18000059999999998,lower,49,37
3.04,4.41,0.180003,lower,49,38
3.12,4.41,0.18000539999999998,lower,49,39
3.2,4.41,0.1800078,lower,49,40
3.2800000000000002,4.41,0.18001019999999998,lower,49,41
3.36,4.41,0.1800126,lower,49,42
3.44,4.41,0.18001499999999998,lower,49,43
3.52,4.41,0.1800174,lower,49,44
3.6,4.41,0.18001979999999998,lower,49,45
3.68,4.41,0.1800222,lower,49,46
3.7600000000000002,4.41,0.18002459999999998,lower,49,47
3.84,4.41,0.180027,lower,49,48
3.92,4.41,0.18002939999999998,lower,49,49
4.0,4.41,0.1800318,lower,49,50
4.08,4.41,0.18003419999999998,lower,49,51
4.16,4.41,0.1800366,lower,49,52
4.24,4.41,0.18003899999999998,lower,49,53
4.32,4.41,0.1800414,lower,49,54
4.4,4.41,0.18004379999999998,lower,49,55
4.48,4.41,0.1800462,lower,49,56
4.5600000000000005,4.41,0.18004859999999998,lower,49,57
4.64,4.41,0.180051,lower,49,58
4.72,4.41,0.18005339999999997,lower,49,59
4.8,4.41,0.1800558,lower,49,60
4.88,4.41,0.18005819999999997,lower,49,61
4.96,4.41,0.1800606,lower,49,62
5.04,4.41,0.18006299999999997,lower,49,63
5.12,4.41,0.1800654,lower,49,64
5.2,4.41,0.18006779999999997,lower,49,65
5.28,4.41,0.18007019999999999,lower,49,66
5.36,4.41,0.18007259999999997,lower,49,67
5.44,4.41,0.18007499999999999,lower,49,68
5.5200000000000005,4.41,0.18007739999999997,lower,49,69
5.6000000000000005,4.41,0.18007979999999998,lower,49,70
5.68,4.41,0.18008219999999997,lower,49,71
5.76,4.41,0.18008459999999998,lower,49,72
5.84,4.41,0.18008699999999997,lower,49,73
5.92,4.41,0.18008939999999998,lower,49,74
6.0,4.41,0.1800918,lower,49,75
6.08,4.41,0.18009419999999998,lower,49,76
6.16,4.41,0.1800966,lower,49,77
6.24,4.41,0.18009899999999998,lower,49,78
6.32,4.41,0.1801014,lower,49,79
0.0,4.5,0.17991,lower,50,0
0.08,4.5,0.1799124,lower,50,1
0.16,4.5,0.17991479999999999,lower,50,2
0.24,4.5,0.1799172,lower,50,3
0.32,4.5,0.17991959999999999,lower,50,4
0.4,4.5,0.179922,lower,50,5
0.48,4.5,0.17992439999999998,lower,50,6
0.56,4.5,0.1799268,lower,50,7
0.64,4.5,0.17992919999999998,lower,50,8
0.72,4.5,0.1799316,lower,50,9
0.8,4.5,0.17993399999999998,lower,50,10
0.88,4.5,0.1799364,lower,50,11
0.96,4.5,0.17993879999999998,lower,50,12
1.04,4.5,0.1799412,lower,50,13
1.12,4.5,0.17994359999999998,lower,50,14
1.2,4.5,0.179946,lower,50,15
1.28,4.5,0.17994839999999998,lower,50,16
1.36,4.5,0.1799508,lower,50,17
1.44,4.5,0.17995319999999998,lower,50,18
1.52,4.5,0.1799556,lower,50,19
1.6,4.5,0.17995799999999998,lower,50,20
1.68,4.5,0.1799604,lower,50,21
1.76,4.5,0.17996279999999998,lower,50,22
1.84,4.5,0.1799652,lower,50,23
1.92,4.5,0.17996759999999998,lower,50,24
2.0,4.5,0.17997,lower,50,25
2.08,4.5,0.17997239999999998,lower,50,26
2.16,4.5,0.1799748,lower,50,27
2.24,4.5,0.17997719999999998,lower,50,28
2.32,4.5,0.1799796,lower,50,29
2.4,4.5,0.17998199999999998,lower,50,30
2.48,4.5,0.1799844,lower,50,31
2.56,4.5,0.17998679999999997,lower,50,32
2.64,4.5,0.1799892,lower,50,33
2.72,4.5,0.17999159999999997,lower,50,34
2.8000000000000003,4.5,0.179994,lower,50,35
2.88,4.5,0.17999639999999997,lower,50,36
2.96,4.5,0.1799988,lower,50,37
3.04,4.5,0.1800012,lower,50,38
3.12,4.5,0.18000359999999999,lower,50,39
3.2,4.5,0.180006,lower,50,40
3.2800000000000002,4.5,0.18000839999999999,lower,50,41
3.36,4.5,0.1800108,lower,50,42
3.44,4.5,0.18001319999999998,lower,50,43
3.52,4.5,0.1800156,lower,50,44
3.6,4.5,0.18001799999999998,lower,50,45
3.68,4.5,0.1800204,lower,50,46
3.7600000000000002,4.5,0.18002279999999998,lower,50,47
3.84,4.5,0.1800252,lower,50,48
3.92,4.5,0.18002759999999998,lower,50,49
4.0,4.5,0.18003,lower,50,50
4.08,4.5,0.18003239999999998,lower,50,51
4.16,4.5,0.1800348,lower,50,52
4.24,4.5,0.18003719999999998,lower,50,53
4.32,4.5,0.1800396,lower,50,54
4.4,4.5,0.18004199999999998,lower,50,55
4.48,4.5,0.1800444,lower,50,56
4.5600000000000005,4.5,0.18004679999999998,lower,50,57
4.64,4.5,0.1800492,lower,50,58
4.72,4.5,0.18005159999999998,lower,50,59
4.8,4.5,0.180054,lower,50,60
4.88,4.5,0.18005639999999998,lower,50,61
4.96,4.5,0.1800588,lower,50,62
5.04,4.5,0.18006119999999998,lower,50,63
5.12,4.5,0.1800636,lower,50,64
5.2,4.5,0.18006599999999998,lower,50,65
5.28,4.5,0.1800684,lower,50,66
5.36,4.5,0.18007079999999998,lower,50,67
5.44,4.5,0.1800732,lower,50,68
5.5200000000000005,4.5,0.18007559999999997,lower,50,69
5.6000000000000005,4.5,0.180078,lower,50,70
5.68,4.5,0.18008039999999997,lower,50,71
5.76,4.5,0.1800828,lower,50,72
5.84,4.5,0.18008519999999997,lower,50,73
5.92,4.5,0.1800876,lower,50,74
6.0,4.5,0.18009,lower,50,75
6.08,4.5,0.18009239999999999,lower,50,76
6.16,4.5,0.1800948,lower,50,77
6.24,4.5,0.18009719999999999,lower,50,78
6.32,4.5,0.1800996,lower,50,79
0.0,4.59,0.1799082,lower,51,0
0.08,4.59,0.1799106,lower,51,1
0.16,4.59,0.179913,lower,51,2
0.24,4.59,0.1799154,lower,51,3
0.32,4.59,0.1799178,lower,51,4
0.4,4.59,0.1799202,lower,51,5
0.48,4.59,0.1799226,lower,51,6
0.56,4.59,0.179925,lower,51,7
0.64,4.59,0.1799274,lower,51,8
0.72,4.59,0.1799298,lower,51,9
0.8,4.59,0.1799322,lower,51,10
0.88,4.59,0.1799346,lower,51,11
0.96,4.59,0.17993699999999999,lower,51,12
1.04,4.59,0.1799394,lower,51,13
1.12,4.59,0.17994179999999999,lower,51,14
1.2,4.59,0.1799442,lower,51,15
1.28,4.59,0.17994659999999998,lower,51,16
1.36,4.59,0.179949,lower,51,17
1.44,4.59,0.17995139999999998,lower,51,18
1.52,4.59,0.1799538,lower,51,19
1.6,4.59,0.17995619999999998,lower,51,20
1.68,4.59,0.1799586,lower,51,21
1.76,4.59,0.17996099999999998,lower,51,22
1.84,4.59,0.1799634,lower,51,23
1.92,4.59,0.17996579999999998,lower,51,24
2.0,4.59,0.1799682,lower,51,25
2.08,4.59,0.17997059999999998,lower,51,26
2.16,4.59,0.179973,lower,51,27
2.24,4.59,0.17997539999999998,lower,51,28
2.32,4.59,0.1799778,lower,51,29
2.4,4.59,0.17998019999999998,lower,51,30
2.48,4.59,0.1799826,lower,51,31
2.56,4.59,0.17998499999999998,lower,51,32
2.64,4.59,0.1799874,lower,51,33
2.72,4.59,0.17998979999999998,lower,51,34
2.8000000000000003,4.59,0.1799922,lower,51,35
2.88,4.59,0.17999459999999998,lower,51,36
2.96,4.59,0.179997,lower,51,37
3.04,4.59,0.1799994,lower,51,38
3.12,4.59,0.1800018,lower,51,39
3.2,4.59,0.1800042,lower,51,40
3.2800000000000002,4.59,0.1800066,lower,51,41
3.36,4.59,0.180009,lower,51,42
3.44,4.59,0.1800114,lower,51,43
3.52,4.59,0.1800138,lower,51,44
3.6,4.59,0.1800162,lower,51,45
3.68,4.59,0.1800186,lower,51,46
3.7600000000000002,4.59,0.180021,lower,51,47
3.84,4.59,0.1800234,lower,51,48
3.92,4.59,0.18002579999999999,lower,51,49
4.0,4.59,0.1800282,lower,51,50
4.08,4.59,0.18003059999999999,lower,51,51
4.16,4.59,0.180033,lower,51,52
4.24,4.59,0.18003539999999998,lower,51,53
4.32,4.59,0.1800378,lower,51,54
4.4,4.59,0.18004019999999998,lower,51,55
4.48,4.59,0.1800426,lower,51,56
4.5600000000000005,4.59,0.18004499999999998,lower,51,57
4.64,4.59,0.1800474,lower,51,58
4.72,4.59,0.18004979999999998,lower,51,59
4.8,4.59,0.1800522,lower,51,60
4.88,4.59,0.18005459999999998,lower,51,61
4.96,4.59,0.180057,lower,51,62
5.04,4.59,0.18005939999999998,lower,51,63
5.12,4.59,0.1800618,lower,51,64
5.2,4.59,0.18006419999999998,lower,51,65
5.28,4.59,0.1800666,lower,51,66
5.36,4.59,0.18006899999999998,lower,51,67
5.44,4.59,0.1800714,lower,51,68
5.5200000000000005,4.59,0.18007379999999998,lower,51,69
5.6000000000000005,4.59,0.1800762,lower,51,70
5.68,4.59,0.18007859999999998,lower,51,71
5.76,4.59,0.180081,lower,51,72
5.84,4.59,0.18008339999999998,lower,51,73
5.92,4.59,0.1800858,lower,51,74
6.0,4.59,0.1800882,lower,51,75
6.08,4.59,0.1800906,lower,51,76
6.16,4.59,0.180093,lower,51,77
6.24,4.59,0.1800954,lower,51,78
6.32,4.59,0.1800978,lower,51,79
0.0,4.68,0.1799064,lower,52,0
0.08,4.68,0.1799088,lower,52,1
0.16,4.68,0.1799112,lower,52,2
0.24,4.68,0.1799136,lower,52,3
0.32,4.68,0.179916,lower,52,4
0.4,4.68,0.1799184,lower,52,5
0.48,4.68,0.1799208,lower,52,6
0.56,4.68,0.1799232,lower,52,7
0.64,4.68,0.1799256,lower,52,8
0.72,4.68,0.179928,lower,52,9
0.8,4.68,0.1799304,lower,52,10
0.88,4.68,0.1799328,lower,52,11
0.96,4.68,0.1799352,lower,52,12
1.04,4.68,0.1799376,lower,52,13
1.12,4.68,0.17994,lower,52,14
1.2,4.68,0.1799424,lower,52,15
1.28,4.68,0.1799448,lower,52,16
1.36,4.68,0.1799472,lower,52,17
1.44,4.68,0.1799496,lower,52,18
1.52,4.68,0.179952,lower,52,19
1.6,4.68,0.1799544,lower,52,20
1.68,4.68,0.1799568,lower,52,21
1.76,4.68,0.17995919999999999,lower,52,22
1.84,4.68,0.1799616,lower,52,23
1.92,4.68,0.17996399999999999,lower,52,24
2.0,4.68,0.1799664,lower,52,25
2.08,4.68,0.17996879999999998,lower,52,26
2.16,4.68,0.1799712,lower,52,27
2.24,4.68,0.17997359999999998,lower,52,28
2.32,4.68,0.179976,lower,52,29
2.4,4.68,0.17997839999999998,lower,52,30
2.48,4.68,0.1799808,lower,52,31
2.56,4.68,0.17998319999999998,lower,52,32
2.64,4.68,0.1799856,lower,52,33
2.72,4.68,0.17998799999999998,lower,52,34
2.8000000000000003,4.68,0.1799904,lower,52,35
2.88,4.68,0.17999279999999998,lower,52,36
2.96,4.68,0.1799952,lower,52,37
3.04,4.68,0.1799976,lower,52,38
3.12,4.68,0.18,lower,52,39
3.2,4.68,0.1800024,lower,52,40
3.2800000000000002,4.68,0.1800048,lower,52,41
3.36,4.68,0.1800072,lower,52,42
3.44,4.68,0.1800096,lower,52,43
3.52,4.68,0.180012,lower,52,44
3.6,4.68,0.1800144,lower,52,45
3.68,4.68,0.1800168,lower,52,46
3.7600000000000002,4.68,0.1800192,lower,52,47
3.84,4.68,0.1800216,lower,52,48
3.92,4.68,0.180024,lower,52,49
4.0,4.68,0.1800264,lower,52,50
4.08,4.68,0.1800288,lower,52,51
4.16,4.68,0.1800312,lower,52,52
4.24,4.68,0.1800336,lower,52,53
4.32,4.68,0.180036,lower,52,54
4.4,4.68,0.1800384,lower,52,55
4.48,4.68,0.1800408,lower,52,56
4.5600000000000005,4.68,0.1800432,lower,52,57
4.64,4.68,0.1800456,lower,52,58
4.72,4.68,0.18004799999999999,lower,52,59
4.8,4.68,0.1800504,lower,52,60
4.88,4.68,0.18005279999999999,lower,52,61
4.96,4.68,0.1800552,lower,52,62
5.04,4.68,0.18005759999999998,lower,52,63
5.12,4.68,0.18006,lower,52,64
5.2,4.68,0.18006239999999998,lower,52,65
5.28,4.68,0.1800648,lower,52,66
5.36,4.68,0.18006719999999998,lower,52,67
5.44,4.68,0.1800696,lower,52,68
5.5200000000000005,4.68,0.18007199999999998,lower,52,69
5.6000000000000005,4.68,0.1800744,lower,52,70
5.68,4.68,0.18007679999999998,lower,52,71
5.76,4.68,0.1800792,lower,52,72
5.84,4.68,0.18008159999999998,lower,52,73
5.92,4.68,0.180084,lower,52,74
6.0,4.68,0.1800864,lower,52,75
6.08,4.68,0.1800888,lower,52,76
6.16,4.68,0.1800912,lower,52,77
6.24,4.68,0.1800936,lower,52,78
6.32,4.68,0.180096,lower,52,79
0.0,4.77,0.1799046,lower,53,0
0.08,4.77,0.179907,lower,53,1
0.16,4.77,0.1799094,lower,53,2
0.24,4.77,0.1799118,lower,53,3
0.32,4.77,0.1799142,lower,53,4
0.4,4.77,0.1799166,lower,53,5
0.48,4.77,0.179919,lower,53,6
0.56,4.77,0.1799214,lower,53,7
0.64,4.77,0.1799238,lower,53,8
0.72,4.77,0.1799262,lower,53,9
0.8,4.77,0.1799286,lower,53,10
0.88,4.77,0.179931,lower,53,11
0.96,4.77,0.1799334,lower,53,12
1.04,4.77,0.1799358,lower,53,13
1.12,4.77,0.1799382,lower,53,14
1.2,4.77,0.1799406,lower,53,15
1.28,4.77,0.179943,lower,53,16
1.36,4.77,0.1799454,lower,53,17
1.44,4.77,0.1799478,lower,53,18
1.52,4.77,0.1799502,lower,53,19
1.6,4.77,0.1799526,lower,53,20
1.68,4.77,0.179955,lower,53,21
1.76,4.77,0.1799574,lower,53,22
1.84,4.77,0.1799598,lower,53,23
1.92,4.77,0.1799622,lower,53,24
2.0,4.77,0.1799646,lower,53,25
2.08,4.77,0.179967,lower,53,26
2.16,4.77,0.1799694,lower,53,27
2.24,4.77,0.1799718,lower,53,28
2.32,4.77,0.1799742,lower,53,29
2.4,4.77,0.1799766,lower,53,30
2.48,4.77,0.179979,lower,53,31
2.56,4.77,0.17998139999999999,lower,53,32
2.64,4.77,0.1799838,lower,53,33
2.72,4.77,0.17998619999999999,lower,53,34
2.8000000000000003,4.77,0.1799886,lower,53,35
2.88,4.77,0.17999099999999998,lower,53,36
2.96,4.77,0.1799934,lower,53,37
3.04,4.77,0.1799958,lower,53,38
3.12,4.77,0.1799982,lower,53,39
3.2,4.77,0.1800006,lower,53,40
3.2800000000000002,4.77,0.180003,lower,53,41
3.36,4.77,0.1800054,lower,53,42
3.44,4.77,0.1800078,lower,53,43
3.52,4.77,0.1800102,lower,53,44
3.6,4.77,0.1800126,lower,53,45
3.68,4.77,0.180015,lower,53,46
3.7600000000000002,4.77,0.1800174,lower,53,47
3.84,4.77,0.1800198,lower,53,48
3.92,4.77,0.1800222,lower,53,49
4.0,4.77,0.1800246,lower,53,50
4.08,4.77,0.180027,lower,53,51
4.16,4.77,0.1800294,lower,53,52
4.24,4.77,0.1800318,lower,53,53
4.32,4.77,0.1800342,lower,53,54
4.4,4.77,0.1800366,lower,53,55
4.48,4.77,0.180039,lower,53,56
4.5600000000000005,4.77,0.1800414,lower,53,57
4.64,4.77,0.1800438,lower,53,58
4.72,4.77,0.1800462,lower,53,59
4.8,4.77,0.1800486,lower,53,60
4.88,4.77,0.180051,lower,53,61
4.96,4.77,0.1800534,lower,53,62
5.04,4.77,0.1800558,lower,53,63
5.12,4.77,0.1800582,lower,53,64
5.2,4.77,0.1800606,lower,53,65
5.28,4.77,0.180063,lower,53,66
5.36,4.77,0.1800654,lower,53,67
5.44,4.77,0.1800678,lower,53,68
5.5200000000000005,4.77,0.18007019999999999,lower,53,69
5.6000000000000005,4.77,0.1800726,lower,53,70
5.68,4.77,0.18007499999999999,lower,53,71
5.76,4.77,0.1800774,lower,53,72
5.84,4.77,0.18007979999999998,lower,53,73
5.92,4.77,0.1800822,lower,53,74
6.0,4.77,0.1800846,lower,53,75
6.08,4.77,0.180087,lower,53,76
6.16,4.77,0.1800894,lower,53,77
6.24,4.77,0.1800918,lower,53,78
6.32,4.77,0.1800942,lower,53,79
0.0,4.859999999999999,0.1799028,lower,54,0
0.08,4.859999999999999,0.17990520000000002,lower,54,1
0.16,4.859999999999999,0.1799076,lower,54,2
0.24,4.859999999999999,0.17991000000000001,lower,54,3
0.32,4.859999999999999,0.1799124,lower,54,4
0.4,4.859999999999999,0.1799148,lower,54,5
0.48,4.859999999999999,0.1799172,lower,54,6
0.56,4.859999999999999,0.1799196,lower,54,7
0.64,4.859999999999999,0.179922,lower,54,8
0.72,4.859999999999999,0.1799244,lower,54,9
0.8,4.859999999999999,0.1799268,lower,54,10
0.88,4.859999999999999,0.1799292,lower,54,11
0.96,4.859999999999999,0.1799316,lower,54,12
1.04,4.859999999999999,0.179934,lower,54,13
1.12,4.859999999999999,0.1799364,lower,54,14
1.2,4.859999999999999,0.1799388,lower,54,15
1.28,4.859999999999999,0.1799412,lower,54,16
1.36,4.859999999999999,0.1799436,lower,54,17
1.44,4.859999999999999,0.179946,lower,54,18
1.52,4.859999999999999,0.1799484,lower,54,19
1.6,4.859999999999999,0.1799508,lower,54,20
1.68,4.859999999999999,0.1799532,lower,54,21
1.76,4.859999999999999,0.1799556,lower,54,22
1.84,4.859999999999999,0.179958,lower,54,23
1.92,4.859999999999999,0.1799604,lower,54,24
2.0,4.859999999999999,0.1799628,lower,54,25
2.08,4.859999999999999,0.1799652,lower,54,26
2.16,4.859999999999999,0.1799676,lower,54,27
2.24,4.859999999999999,0.17997,lower,54,28
2.32,4.859999999999999,0.1799724,lower,54,29
2.4,4.859999999999999,0.1799748,lower,54,30
2.48,4.859999999999999,0.1799772,lower,54,31
2.56,4.859999999999999,0.1799796,lower,54,32
2.64,4.859999999999999,0.179982,lower,54,33
2.72,4.859999999999999,0.1799844,lower,54,34
2.8000000000000003,4.859999999999999,0.1799868,lower,54,35
2.88,4.859999999999999,0.1799892,lower,54,36
2.96,4.859999999999999,0.1799916,lower,54,37
3.04,4.859999999999999,0.17999400000000002,lower,54,38
3.12,4.859999999999999,0.1799964,lower,54,39
3.2,4.859999999999999,0.17999880000000001,lower,54,40
3.2800000000000002,4.859999999999999,0.1800012,lower,54,41
3.36,4.859999999999999,0.1800036,lower,54,42
3.44,4.859999999999999,0.180006,lower,54,43
3.52,4.859999999999999,0.1800084,lower,54,44
3.6,4.859999999999999,0.1800108,lower,54,45
3.68,4.859999999999999,0.1800132,lower,54,46
3.7600000000000002,4.859999999999999,0.1800156,lower,54,47
3.84,4.859999999999999,0.180018,lower,54,48
3.92,4.859999999999999,0.1800204,lower,54,49
4.0,4.859999999999999,0.1800228,lower,54,50
4.08,4.859999999999999,0.1800252,lower,54,51
4.16,4.859999999999999,0.1800276,lower,54,52
4.24,4.859999999999999,0.18003,lower,54,53
4.32,4.859999999999999,0.1800324,lower,54,54
4.4,4.859999999999999,0.1800348,lower,54,55
4.48,4.859999999999999,0.1800372,lower,54,56
4.5600000000000005,4.859999999999999,0.1800396,lower,54,57
4.64,4.859999999999999,0.180042,lower,54,58
4.72,4.859999999999999,0.1800444,lower,54,59
4.8,4.859999999999999,0.1800468,lower,54,60
4.88,4.859999999999999,0.1800492,lower,54,61
4.96,4.859999999999999,0.1800516,lower,54,62
5.04,4.859999999999999,0.180054,lower,54,63
5.12,4.859999999999999,0.1800564,lower,54,64
5.2,4.859999999999999,0.1800588,lower,54,65
5.28,4.859999999999999,0.1800612,lower,54,66
5.36,4.859999999999999,0.1800636,lower,54,67
5.44,4.859999999999999,0.180066,lower,54,68
5.5200000000000005,4.859999999999999,0.1800684,lower,54,69
5.6000000000000005,4.859999999999999,0.1800708,lower,54,70
5.68,4.859999999999999,0.1800732,lower,54,71
5.76,4.859999999999999,0.1800756,lower,54,72
5.84,4.859999999999999,0.180078,lower,54,73
5.92,4.859999999999999,0.1800804,lower,54,74
6.0,4.859999999999999,0.18008280000000002,lower,54,75
6.08,4.859999999999999,0.1800852,lower,54,76
6.16,4.859999999999999,0.18008760000000001,lower,54,77
6.24,4.859999999999999,0.18009,lower,54,78
6.32,4.859999999999999,0.1800924,lower,54,79
0.0,4.95,0.179901,lower,55,0
0.08,4.95,0.17990340000000002,lower,55,1
0.16,4.95,0.1799058,lower,55,2
0.24,4.95,0.17990820000000002,lower,55,3
0.32,4.95,0.1799106,lower,55,4
0.4,4.95,0.17991300000000002,lower,55,5
0.48,4.95,0.1799154,lower,55,6
0.56,4.95,0.17991780000000002,lower,55,7
0.64,4.95,0.1799202,lower,55,8
0.72,4.95,0.17992260000000002,lower,55,9
0.8,4.95,0.179925,lower,55,10
0.88,4.95,0.17992740000000002,lower,55,11
0.96,4.95,0.1799298,lower,55,12
1.04,4.95,0.17993220000000001,lower,55,13
1.12,4.95,0.1799346,lower,55,14
1.2,4.95,0.179937,lower,55,15
1.28,4.95,0.1799394,lower,55,16
1.36,4.95,0.1799418,lower,55,17
1.44,4.95,0.1799442,lower,55,18
1.52,4.95,0.1799466,lower,55,19
1.6,4.95,0.179949,lower,55,20
1.68,4.95,0.1799514,lower,55,21
1.76,4.95,0.1799538,lower,55,22
1.84,4.95,0.1799562,lower,55,23
1.92,4.95,0.1799586,lower,55,24
2.0,4.95,0.179961,lower,55,25
2.08,4.95,0.1799634,lower,55,26
2.16,4.95,0.1799658,lower,55,27
2.24,4.95,0.1799682,lower,55,28
2.32,4.95,0.1799706,lower,55,29
2.4,4.95,0.179973,lower,55,30
2.48,4.95,0.1799754,lower,55,31
2.56,4.95,0.1799778,lower,55,32
2.64,4.95,0.1799802,lower,55,33
2.72,4.95,0.1799826,lower,55,34
2.8000000000000003,4.95,0.179985,lower,55,35
2.88,4.95,0.1799874,lower,55,36
2.96,4.95,0.1799898,lower,55,37
3.04,4.95,0.17999220000000002,lower,55,38
3.12,4.95,0.1799946,lower,55,39
3.2,4.95,0.17999700000000002,lower,55,40
3.2800000000000002,4.95,0.1799994,lower,55,41
3.36,4.95,0.18000180000000002,lower,55,42
3.44,4.95,0.1800042,lower,55,43
3.52,4.95,0.18000660000000002,lower,55,44
3.6,4.95,0.180009,lower,55,45
3.68,4.95,0.18001140000000002,lower,55,46
3.7600000000000002,4.95,0.1800138,lower,55,47
3.84,4.95,0.18001620000000002,lower,55,48
3.92,4.95,0.1800186,lower,55,49
4.0,4.95,0.18002100000000001,lower,55,50
4.08,4.95,0.1800234,lower,55,51
4.16,4.95,0.1800258,lower,55,52
4.24,4.95,0.1800282,lower,55,53
4.32,4.95,0.1800306,lower,55,54
4.4,4.95,0.180033,lower,55,55
4.48,4.95,0.1800354,lower,55,56
4.5600000000000005,4.95,0.1800378,lower,55,57
4.64,4.95,0.1800402,lower,55,58
4.72,4.95,0.1800426,lower,55,59
4.8,4.95,0.180045,lower,55,60
4.88,4.95,0.1800474,lower,55,61
4.96,4.95,0.1800498,lower,55,62
5.04,4.95,0.1800522,lower,55,63
5.12,4.95,0.1800546,lower,55,64
5.2,4.95,0.180057,lower,55,65
5.28,4.95,0.1800594,lower,55,66
5.36,4.95,0.1800618,lower,55,67
5.44,4.95,0.1800642,lower,55,68
5.5200000000000005,4.95,0.1800666,lower,55,69
5.6000000000000005,4.95,0.180069,lower,55,70
5.68,4.95,0.1800714,lower,55,71
5.76,4.95,0.1800738,lower,55,72
5.84,4.95,0.1800762,lower,55,73
5.92,4.95,0.1800786,lower,55,74
6.0,4.95,0.18008100000000002,lower,55,75
6.08,4.95,0.1800834,lower,55,76
6.16,4.95,0.18008580000000002,lower,55,77
6.24,4.95,0.1800882,lower,55,78
6.32,4.95,0.18009060000000002,lower,55,79
0.0,5.04,0.17989919999999998,lower,56,0
0.08,5.04,0.1799016,lower,56,1
0.16,5.04,0.17990399999999998,lower,56,2
0.24,5.04,0.1799064,lower,56,3
0.32,5.04,0.17990879999999998,lower,56,4
0.4,5.04,0.1799112,lower,56,5
0.48,5.04,0.17991359999999998,lower,56,6
0.56,5.04,0.179916,lower,56,7
0.64,5.04,0.17991839999999998,lower,56,8
0.72,5.04,0.1799208,lower,56,9
0.8,5.04,0.17992319999999998,lower,56,10
0.88,5.04,0.1799256,lower,56,11
0.96,5.04,0.17992799999999998,lower,56,12
1.04,5.04,0.1799304,lower,56,13
1.12,5.04,0.17993279999999998,lower,56,14
1.2,5.04,0.1799352,lower,56,15
1.28,5.04,0.17993759999999998,lower,56,16
1.36,5.04,0.17994,lower,56,17
1.44,5.04,0.17994239999999997,lower,56,18
1.52,5.04,0.1799448,lower,56,19
1.6,5.04,0.17994719999999997,lower,56,20
1.68,5.04,0.1799496,lower,56,21
1.76,5.04,0.17995199999999997,lower,56,22
1.84,5.04,0.1799544,lower,56,23
1.92,5.04,0.17995679999999997,lower,56,24
2.0,5.04,0.17995919999999999,lower,56,25
2.08,5.04,0.17996159999999997,lower,56,26
2.16,5.04,0.17996399999999999,lower,56,27
2.24,5.04,0.17996639999999997,lower,56,28
2.32,5.04,0.17996879999999998,lower,56,29
2.4,5.04,0.17997119999999997,lower,56,30
2.48,5.04,0.17997359999999998,lower,56,31
2.56,5.04,0.17997599999999997,lower,56,32
2.64,5.04,0.17997839999999998,lower,56,33
2.72,5.04,0.17998079999999997,lower,56,34
2.8000000000000003,5.04,0.17998319999999998,lower,56,35
2.88,5.04,0.17998559999999997,lower,56,36
2.96,5.04,0.17998799999999998,lower,56,37
3.04,5.04,0.1799904,lower,56,38
3.12,5.04,0.17999279999999998,lower,56,39
3.2,5.04,0.1799952,lower,56,40
3.2800000000000002,5.04,0.17999759999999998,lower,56,41
3.36,5.04,0.18,lower,56,42
3.44,5.04,0.18000239999999998,lower,56,43
3.52,5.04,0.1800048,lower,56,44
3.6,5.04,0.18000719999999998,lower,56,45
3.68,5.04,0.1800096,lower,56,46
3.7600000000000002,5.04,0.18001199999999998,lower,56,47
3.84,5.04,0.1800144,lower,56,48
3.92,5.04,0.18001679999999998,lower,56,49
4.0,5.04,0.1800192,lower,56,50
4.08,5.04,0.18002159999999998,lower,56,51
4.16,5.04,0.180024,lower,56,52
4.24,5.04,0.18002639999999998,lower,56,53
4.32,5.04,0.1800288,lower,56,54
4.4,5.04,0.18003119999999997,lower,56,55
4.48,5.04,0.1800336,lower,56,56
4.5600000000000005,5.04,0.18003599999999997,lower,56,57
4.64,5.04,0.1800384,lower,56,58
4.72,5.04,0.18004079999999997,lower,56,59
4.8,5.04,0.1800432,lower,56,60
4.88,5.04,0.18004559999999997,lower,56,61
4.96,5.04,0.18004799999999999,lower,56,62
5.04,5.04,0.18005039999999997,lower,56,63
5.12,5.04,0.18005279999999999,lower,56,64
5.2,5.04,0.18005519999999997,lower,56,65
5.28,5.04,0.18005759999999998,lower,56,66
5.36,5.04,0.18005999999999997,lower,56,67
5.44,5.04,0.18006239999999998,lower,56,68
5.5200000000000005,5.04,0.18006479999999997,lower,56,69
5.6000000000000005,5.04,0.18006719999999998,lower,56,70
5.68,5.04,0.18006959999999997,lower,56,71
5.76,5.04,0.18007199999999998,lower,56,72
5.84,5.04,0.18007439999999997,lower,56,73
5.92,5.04,0.18007679999999998,lower,56,74
6.0,5.04,0.1800792,lower,56,75
6.08,5.04,0.18008159999999998,lower,56,76
6.16,5.04,0.180084,lower,56,77
6.24,5.04,0.18008639999999998,lower,56,78
6.32,5.04,0.1800888,lower,56,79
0.0,5.13,0.17989739999999999,lower,57,0
0.08,5.13,0.1798998,lower,57,1
0.16,5.13,0.17990219999999998,lower,57,2
0.24,5.13,0.1799046,lower,57,3
0.32,5.13,0.17990699999999998,lower,57,4
0.4,5.13,0.1799094,lower,57,5
0.48,5.13,0.17991179999999998,lower,57,6
0.56,5.13,0.1799142,lower,57,7
0.64,5.13,0.17991659999999998,lower,57,8
0.72,5.13,0.179919,lower,57,9
0.8,5.13,0.17992139999999998,lower,57,10
0.88,5.13,0.1799238,lower,57,11
0.96,5.13,0.17992619999999998,lower,57,12
1.04,5.13,0.1799286,lower,57,13
1.12,5.13,0.17993099999999998,lower,57,14
1.2,5.13,0.1799334,lower,57,15
1.28,5.13,0.17993579999999998,lower,57,16
1.36,5.13,0.1799382,lower,57,17
1.44,5.13,0.17994059999999998,lower,57,18
1.52,5.13,0.179943,lower,57,19
1.6,5.13,0.17994539999999998,lower,57,20
1.68,5.13,0.1799478,lower,57,21
1.76,5.13,0.17995019999999998,lower,57,22
1.84,5.13,0.1799526,lower,57,23
1.92,5.13,0.17995499999999998,lower,57,24
2.0,5.13,0.1799574,lower,57,25
2.08,5.13,0.17995979999999998,lower,57,26
2.16,5.13,0.1799622,lower,57,27
2.24,5.13,0.17996459999999997,lower,57,28
2.32,5.13,0.179967,lower,57,29
2.4,5.13,0.17996939999999997,lower,57,30
2.48,5.13,0.1799718,lower,57,31
2.56,5.13,0.17997419999999997,lower,57,32
2.64,5.13,0.1799766,lower,57,33
2.72,5.13,0.17997899999999997,lower,57,34
2.8000000000000003,5.13,0.17998139999999999,lower,57,35
2.88,5.13,0.17998379999999997,lower,57,36
2.96,5.13,0.17998619999999999,lower,57,37
3.04,5.13,0.1799886,lower,57,38
3.12,5.13,0.17999099999999998,lower,57,39
3.2,5.13,0.1799934,lower,57,40
3.2800000000000002,5.13,0.17999579999999998,lower,57,41
3.36,5.13,0.1799982,lower,57,42
3.44,5.13,0.18000059999999998,lower,57,43
3.52,5.13,0.180003,lower,57,44
3.6,5.13,0.18000539999999998,lower,57,45
3.68,5.13,0.1800078,lower,57,46
3.7600000000000002,5.13,0.18001019999999998,lower,57,47
3.84,5.13,0.1800126,lower,57,48
3.92,5.13,0.18001499999999998,lower,57,49
4.0,5.13,0.1800174,lower,57,50
4.08,5.13,0.18001979999999998,lower,57,51
4.16,5.13,0.1800222,lower,57,52
4.24,5.13,0.18002459999999998,lower,57,53
4.32,5.13,0.180027,lower,57,54
4.4,5.13,0.18002939999999998,lower,57,55
4.48,5.13,0.1800318,lower,57,56
4.5600000000000005,5.13,0.18003419999999998,lower,57,57
4.64,5.13,0.1800366,lower,57,58
4.72,5.13,0.18003899999999998,lower,57,59
4.8,5.13,0.1800414,lower,57,60
4.88,5.13,0.18004379999999998,lower,57,61
4.96,5.13,0.1800462,lower,57,62
5.04,5.13,0.18004859999999998,lower,57,63
5.12,5.13,0.180051,lower,57,64
5.2,5.13,0.18005339999999997,lower,57,65
5.28,5.13,0.1800558,lower,57,66
5.36,5.13,0.18005819999999997,lower,57,67
5.44,5.13,0.1800606,lower,57,68
5.5200000000000005,5.13,0.18006299999999997,lower,57,69
5.6000000000000005,5.13,0.1800654,lower,57,70
5.68,5.13,0.18006779999999997,lower,57,71
5.76,5.13,0.18007019999999999,lower,57,72
5.84,5.13,0.18007259999999997,lower,57,73
5.92,5.13,0.18007499999999999,lower,57,74
6.0,5.13,0.1800774,lower,57,75
6.08,5.13,0.18007979999999998,lower,57,76
6.16,5.13,0.1800822,lower,57,77
6.24,5.13,0.18008459999999998,lower,57,78
6.32,5.13,0.180087,lower,57,79
0.0,5.22,0.1798956,lower,58,0
0.08,5.22,0.179898,lower,58,1
0.16,5.22,0.1799004,lower,58,2
0.24,5.22,0.1799028,lower,58,3
0.32,5.22,0.1799052,lower,58,4
0.4,5.22,0.1799076,lower,58,5
0.48,5.22,0.17991,lower,58,6
0.56,5.22,0.1799124,lower,58,7
0.64,5.22,0.17991479999999999,lower,58,8
0.72,5.22,0.1799172,lower,58,9
0.8,5.22,0.17991959999999999,lower,58,10
0.88,5.22,0.179922,lower,58,11
0.96,5.22,0.17992439999999998,lower,58,12
1.04,5.22,0.1799268,lower,58,13
1.12,5.22,0.17992919999999998,lower,58,14
1.2,5.22,0.1799316,lower,58,15
1.28,5.22,0.17993399999999998,lower,58,16
1.36,5.22,0.1799364,lower,58,17
1.44,5.22,0.17993879999999998,lower,58,18
1.52,5.22,0.1799412,lower,58,19
1.6,5.22,0.17994359999999998,lower,58,20
1.68,5.22,0.179946,lower,58,21
1.76,5.22,0.17994839999999998,lower,58,22
1.84,5.22,0.1799508,lower,58,23
1.92,5.22,0.17995319999999998,lower,58,24
2.0,5.22,0.1799556,lower,58,25
2.08,5.22,0.17995799999999998,lower,58,26
2.16,5.22,0.1799604,lower,58,27
2.24,5.22,0.17996279999999998,lower,58,28
2.32,5.22,0.1799652,lower,58,29
2.4,5.22,0.17996759999999998,lower,58,30
2.48,5.22,0.17997,lower,58,31
2.56,5.22,0.17997239999999998,lower,58,32
2.64,5.22,0.1799748,lower,58,33
2.72,5.22,0.17997719999999998,lower,58,34
2.8000000000000003,5.22,0.1799796,lower,58,35
2.88,5.22,0.17998199999999998,lower,58,36
2.96,5.22,0.1799844,lower,58,37
3.04,5.22,0.1799868,lower,58,38
3.12,5.22,0.1799892,lower,58,39
3.2,5.22,0.1799916,lower,58,40
3.2800000000000002,5.22,0.179994,lower,58,41
3.36,5.22,0.1799964,lower,58,42
3.44,5.22,0.1799988,lower,58,43
3.52,5.22,0.1800012,lower,58,44
3.6,5.22,0.18000359999999999,lower,58,45
3.68,5.22,0.180006,lower,58,46
3.7600000000000002,5.22,0.18000839999999999,lower,58,47
3.84,5.22,0.1800108,lower,58,48
3.92,5.22,0.18001319999999998,lower,58,49
4.0,5.22,0.1800156,lower,58,50
4.08,5.22,0.18001799999999998,lower,58,51
4.16,5.22,0.1800204,lower,58,52
4.24,5.22,0.18002279999999998,lower,58,53
4.32,5.22,0.1800252,lower,58,54
4.4,5.22,0.18002759999999998,lower,58,55
4.48,5.22,0.18003,lower,58,56
4.5600000000000005,5.22,0.18003239999999998,lower,58,57
4.64,5.22,0.1800348,lower,58,58
4.72,5.22,0.18003719999999998,lower,58,59
4.8,5.22,0.1800396,lower,58,60
4.88,5.22,0.18004199999999998,lower,58,61
4.96,5.22,0.1800444,lower,58,62
5.04,5.22,0.18004679999999998,lower,58,63
5.12,5.22,0.1800492,lower,58,64
5.2,5.22,0.18005159999999998,lower,58,65
5.28,5.22,0.180054,lower,58,66
5.36,5.22,0.18005639999999998,lower,58,67
5.44,5.22,0.1800588,lower,58,68
5.5200000000000005,5.22,0.18006119999999998,lower,58,69
5.6000000000000005,5.22,0.1800636,lower,58,70
5.68,5.22,0.18006599999999998,lower,58,71
5.76,5.22,0.1800684,lower,58,72
5.84,5.22,0.18007079999999998,lower,58,73
5.92,5.22,0.1800732,lower,58,74
6.0,5.22,0.1800756,lower,58,75
6.08,5.22,0.180078,lower,58,76
6.16,5.22,0.1800804,lower,58,77
6.24,5.22,0.1800828,lower,58,78
6.32,5.22,0.1800852,lower,58,79
0.0,5.31,0.1798938,lower,59,0
0.08,5.31,0.1798962,lower,59,1
0.16,5.31,0.1798986,lower,59,2
0.24,5.31,0.179901,lower,59,3
0.32,5.31,0.1799034,lower,59,4
0.4,5.31,0.1799058,lower,59,5
0.48,5.31,0.1799082,lower,59,6
0.56,5.31,0.1799106,lower,59,7
0.64,5.31,0.179913,lower,59,8
0.72,5.31,0.1799154,lower,59,9
0.8,5.31,0.1799178,lower,59,10
0.88,5.31,0.1799202,lower,59,11
0.96,5.31,0.1799226,lower,59,12
1.04,5.31,0.179925,lower,59,13
1.12,5.31,0.1799274,lower,59,14
1.2,5.31,0.1799298,lower,59,15
1.28,5.31,0.1799322,lower,59,16
1.36,5.31,0.1799346,lower,59,17
1.44,5.31,0.17993699999999999,lower,59,18
1.52,5.31,0.1799394,lower,59,19
1.6,5.31,0.17994179999999999,lower,59,20
1.68,5.31,0.1799442,lower,59,21
1.76,5.31,0.17994659999999998,lower,59,22
1.84,5.31,0.179949,lower,59,23
1.92,5.31,0.17995139999999998,lower,59,24
2.0,5.31,0.1799538,lower,59,25
2.08,5.31,0.17995619999999998,lower,59,26
2.16,5.31,0.1799586,lower,59,27
2.24,5.31,0.17996099999999998,lower,59,28
2.32,5.31,0.1799634,lower,59,29
2.4,5.31,0.17996579999999998,lower,59,30
2.48,5.31,0.1799682,lower,59,31
2.56,5.31,0.17997059999999998,lower,59,32
2.64,5.31,0.179973,lower,59,33
2.72,5.31,0.17997539999999998,lower,59,34
2.8000000000000003,5.31,0.1799778,lower,59,35
2.88,5.31,0.17998019999999998,lower,59,36
2.96,5.31,0.1799826,lower,59,37
3.04,5.31,0.179985,lower,59,38
3.12,5.31,0.1799874,lower,59,39
3.2,5.31,0.1799898,lower,59,40
3.2800000000000002,5.31,0.1799922,lower,59,41
3.36,5.31,0.1799946,lower,59,42
3.44,5.31,0.179997,lower,59,43
3.52,5.31,0.1799994,lower,59,44
3.6,5.31,0.1800018,lower,59,45
3.68,5.31,0.1800042,lower,59,46
3.7600000000000002,5.31,0.1800066,lower,59,47
3.84,5.31,0.180009,lower,59,48
3.92,5.31,0.1800114,lower,59,49
4.0,5.31,0.1800138,lower,59,50
4.08,5.31,0.1800162,lower,59,51
4.16,5.31,0.1800186,lower,59,52
4.24,5.31,0.180021,lower,59,53
4.32,5.31,0.1800234,lower,59,54
4.4,5.31,0.18002579999999999,lower,59,55
4.48,5.31,0.1800282,lower,59,56
4.5600000000000005,5.31,0.18003059999999999,lower,59,57
4.64,5.31,0.180033,lower,59,58
4.72,5.31,0.18003539999999998,lower,59,59
4.8,5.31,0.1800378,lower,59,60
4.88,5.31,0.18004019999999998,lower,59,61
4.96,5.31,0.1800426,lower,59,62
5.04,5.31,0.18004499999999998,lower,59,63
5.12,5.31,0.1800474,lower,59,64
5.2,5.31,0.18004979999999998,lower,59,65
5.28,5.31,0.1800522,lower,59,66
5.36,5.31,0.18005459999999998,lower,59,67
5.44,5.31,0.180057,lower,59,68
5.5200000000000005,5.31,0.18005939999999998,lower,59,69
5.6000000000000005,5.31,0.1800618,lower,59,70
5.68,5.31,0.18006419999999998,lower,59,71
5.76,5.31,0.1800666,lower,59,72
5.84,5.31,0.18006899999999998,lower,59,73
5.92,5.31,0.1800714,lower,59,74
6.0,5.31,0.1800738,lower,59,75
6.08,5.31,0.1800762,lower,59,76
6.16,5.31,0.1800786,lower,59,77
6.24,5.31,0.180081,lower,59,78
6.32,5.31,0.1800834,lower,59,79
0.0,0.0,0.2450457455,upper,0,0
0.08,0.0,0.2448710255,upper,0,1
0.16,0.0,0.2447007855,upper,0,2
0.24,0.0,0.2445350255,upper,0,3
0.32,0.0,0.24437374550000002,upper,0,4
0.4,0.0,0.2442169455,upper,0,5
0.48,0.0,0.2440646255,upper,0,6
0.56,0.0,0.2439167855,upper,0,7
0.64,0.0,0.2437734255,upper,0,8
0.72,0.0,0.2436345455,upper,0,9
0.8,0.0,0.24350014550000001,upper,0,10
0.88,0.0,0.2433702255,upper,0,11
0.96,0.0,0.2432447855,upper,0,12
1.04,0.0,0.2431238255,upper,0,13
1.12,0.0,0.2430073455,upper,0,14
1.2,0.0,0.2428953455,upper,0,15
1.28,0.0,0.2427878255,upper,0,16
1.36,0.0,0.2426847855,upper,0,17
1.44,0.0,0.2425862255,upper,0,18
1.52,0.0,0.2424921455,upper,0,19
1.6,0.0,0.2424025455,upper,0,20
1.68,0.0,0.24231742550000002,upper,0,21
1.76,0.0,0.2422367855,upper,0,22
1.84,0.0,0.2421606255,upper,0,23
1.92,0.0,0.2420889455,upper,0,24
2.0,0.0,0.2420217455,upper,0,25
2.08,0.0,0.2419590255,upper,0,26
2.16,0.0,0.2419007855,upper,0,27
2.24,0.0,0.2418470255,upper,0,28
2.32,0.0,0.2417977455,upper,0,29
2.4,0.0,0.2417529455,upper,0,30
2.48,0.0,0.2417126255,upper,0,31
2.56,0.0,0.2416767855,upper,0,32
2.64,0.0,0.2416454255,upper,0,33
2.72,0.0,0.2416185455,upper,0,34
2.8000000000000003,0.0,0.2415961455,upper,0,35
2.88,0.0,0.2415782255,upper,0,36
2.96,0.0,0.2415647855,upper,0,37
3.04,0.0,0.24155582550000002,upper,0,38
3.12,0.0,0.24155134550000001,upper,0,39
3.2,0.0,0.24155134550000001,upper,0,40
3.2800000000000002,0.0,0.24155582550000002,upper,0,41
3.36,0.0,0.2415647855,upper,0,42
3.44,0.0,0.2415782255,upper,0,43
3.52,0.0,0.2415961455,upper,0,44
3.6,0.0,0.2416185455,upper,0,45
3.68,0.0,0.2416454255,upper,0,46
3.7600000000000002,0.0,0.2416767855,upper,0,47
3.84,0.0,0.2417126255,upper,0,48
3.92,0.0,0.2417529455,upper,0,49
4.0,0.0,0.2417977455,upper,0,50
4.08,0.0,0.2418470255,upper,0,51
4.16,0.0,0.2419007855,upper,0,52
4.24,0.0,0.2419590255,upper,0,53
4.32,0.0,0.2420217455,upper,0,54
4.4,0.0,0.2420889455,upper,0,55
4.48,0.0,0.2421606255,upper,0,56
4.5600000000000005,0.0,0.2422367855,upper,0,57
4.64,0.0,0.24231742550000002,upper,0,58
4.72,0.0,0.2424025455,upper,0,59
4.8,0.0,0.2424921455,upper,0,60
4.88,0.0,0.2425862255,upper,0,61
4.96,0.0,0.2426847855,upper,0,62
5.04,0.0,0.2427878255,upper,0,63
5.12,0.0,0.2428953455,upper,0,64
5.2,0.0,0.2430073455,upper,0,65
5.28,0.0,0.2931238255,upper,0,66
5.36,0.0,0.2932447855,upper,0,67
5.44,0.0,0.2933702255,upper,0,68
5.5200000000000005,0.0,0.29350014550000003,upper,0,69
5.6000000000000005,0.0,0.2936345455,upper,0,70
5.68,0.0,0.2937734255,upper,0,71
5.76,0.0,0.2939167855,upper,0,72
5.84,0.0,0.2940646255,upper,0,73
5.92,0.0,0.2942169455,upper,0,74
6.0,0.0,0.2943737455,upper,0,75
6.08,0.0,0.2945350255,upper,0,76
6.16,0.0,0.2947007855,upper,0,77
6.24,0.0,0.2948710255,upper,0,78
6.32,0.0,0.2950457455,upper,0,79
0.0,0.09,0.2449423895,upper,1,0
0.08,0.09,0.2447676695,upper,1,1
0.16,0.09,0.2445974295,upper,1,2
0.24,0.09,0.2444316695,upper,1,3
0.32,0.09,0.24427038950000002,upper,1,4
0.4,0.09,0.2441135895,upper,1,5
0.48,0.09,0.2439612695,upper,1,6
0.56,0.09,0.2438134295,upper,1,7
0.64,0.09,0.2436700695,upper,1,8
0.72,0.09,0.2435311895,upper,1,9
0.8,0.09,0.24339678950000002,upper,1,10
0.88,0.09,0.2432668695,upper,1,11
0.96,0.09,0.2431414295,upper,1,12
1.04,0.09,0.2430204695,upper,1,13
1.12,0.09,0.2429039895,upper,1,14
1.2,0.09,0.2427919895,upper,1,15
1.28,0.09,0.2426844695,upper,1,16
1.36,0.09,0.2425814295,upper,1,17
1.44,0.09,0.2424828695,upper,1,18
1.52,0.09,0.2423887895,upper,1,19
1.6,0.09,0.2422991895,upper,1,20
1.68,0.09,0.24221406950000002,upper,1,21
1.76,0.09,0.2421334295,upper,1,22
1.84,0.09,0.2420572695,upper,1,23
1.92,0.09,0.24198558950000001,upper,1,24
2.0,0.09,0.2419183895,upper,1,25
2.08,0.09,0.2418556695,upper,1,26
2.16,0.09,0.2417974295,upper,1,27
2.24,0.09,0.2417436695,upper,1,28
2.32,0.09,0.2416943895,upper,1,29
2.4,0.09,0.2416495895,upper,1,30
2.48,0.09,0.2416092695,upper,1,31
2.56,0.09,0.2415734295,upper,1,32
2.64,0.09,0.2415420695,upper,1,33
2.72,0.09,0.2415151895,upper,1,34
2.8000000000000003,0.09,0.2414927895,upper,1,35
2.88,0.09,0.2414748695,upper,1,36
2.96,0.09,0.2414614295,upper,1,37
3.04,0.09,0.24145246950000002,upper,1,38
3.12,0.09,0.24144798950000002,upper,1,39
3.2,0.09,0.24144798950000002,upper,1,40
3.2800000000000002,0.09,0.24145246950000002,upper,1,41
3.36,0.09,0.2414614295,upper,1,42
3.44,0.09,0.2414748695,upper,1,43
3.52,0.09,0.2414927895,upper,1,44
3.6,0.09,0.2415151895,upper,1,45
3.68,0.09,0.2415420695,upper,1,46
3.7600000000000002,0.09,0.2415734295,upper,1,47
3.84,0.09,0.2416092695,upper,1,48
3.92,0.09,0.2416495895,upper,1,49
4.0,0.09,0.2416943895,upper,1,50
4.08,0.09,0.2417436695,upper,1,51
4.16,0.09,0.2417974295,upper,1,52
4.24,0.09,0.2418556695,upper,1,53
4.32,0.09,0.2419183895,upper,1,54
4.4,0.09,0.24198558950000001,upper,1,55
4.48,0.09,0.2420572695,upper,1,56
4.5600000000000005,0.09,0.2421334295,upper,1,57
4.64,0.09,0.24221406950000002,upper,1,58
4.72,0.09,0.2422991895,upper,1,59
4.8,0.09,0.2423887895,upper,1,60
4.88,0.09,0.2424828695,upper,1,61
4.96,0.09,0.2425814295,upper,1,62
5.04,0.09,0.2426844695,upper,1,63
5.12,0.09,0.2427919895,upper,1,64
5.2,0.09,0.2429039895,upper,1,65
5.28,0.09,0.2930204695,upper,1,66
5.36,0.09,0.2931414295,upper,1,67
5.44,0.09,0.2932668695,upper,1,68
5.5200000000000005,0.09,0.29339678950000003,upper,1,69
5.6000000000000005,0.09,0.2935311895,upper,1,70
5.68,0.09,0.2936700695,upper,1,71
5.76,0.09,0.2938134295,upper,1,72
5.84,0.09,0.2939612695,upper,1,73
5.92,0.09,0.2941135895,upper,1,74
6.0,0.09,0.2942703895,upper,1,75
6.08,0.09,0.2944316695,upper,1,76
6.16,0.09,0.2945974295,upper,1,77
6.24,0.09,0.2947676695,upper,1,78
6.32,0.09,0.2949423895,upper,1,79
0.0,0.18,0.24484259749999998,upper,2,0
0.08,0.18,0.2446678775,upper,2,1
0.16,0.18,0.24449763749999998,upper,2,2
0.24,0.18,0.2443318775,upper,2,3
0.32,0.18,0.2441705975,upper,2,4
0.4,0.18,0.2440137975,upper,2,5
0.48,0.18,0.24386147749999998,upper,2,6
0.56,0.18,0.2437136375,upper,2,7
0.64,0.18,0.2435702775,upper,2,8
0.72,0.18,0.24343139749999998,upper,2,9
0.8,0.18,0.2432969975,upper,2,10
0.88,0.18,0.2431670775,upper,2,11
0.96,0.18,0.2430416375,upper,2,12
1.04,0.18,0.2429206775,upper,2,13
1.12,0.18,0.24280419749999999,upper,2,14
1.2,0.18,0.24269219749999998,upper,2,15
1.28,0.18,0.24258467749999998,upper,2,16
1.36,0.18,0.24248163749999999,upper,2,17
1.44,0.18,0.2423830775,upper,2,18
1.52,0.18,0.2422889975,upper,2,19
1.6,0.18,0.2421993975,upper,2,20
1.68,0.18,0.2421142775,upper,2,21
1.76,0.18,0.24203363749999998,upper,2,22
1.84,0.18,0.2419574775,upper,2,23
1.92,0.18,0.2418857975,upper,2,24
2.0,0.18,0.24181859749999998,upper,2,25
2.08,0.18,0.2417558775,upper,2,26
2.16,0.18,0.24169763749999998,upper,2,27
2.24,0.18,0.2416438775,upper,2,28
2.32,0.18,0.24159459749999998,upper,2,29
2.4,0.18,0.2415497975,upper,2,30
2.48,0.18,0.24150947749999999,upper,2,31
2.56,0.18,0.24147363749999998,upper,2,32
2.64,0.18,0.2414422775,upper,2,33
2.72,0.18,0.2414153975,upper,2,34
2.8000000000000003,0.18,0.24139299749999998,upper,2,35
2.88,0.18,0.24137507749999998,upper,2,36
2.96,0.18,0.24136163749999998,upper,2,37
3.04,0.18,0.2413526775,upper,2,38
3.12,0.18,0.2413481975,upper,2,39
3.2,0.18,0.2413481975,upper,2,40
3.2800000000000002,0.18,0.2413526775,upper,2,41
3.36,0.18,0.24136163749999998,upper,2,42
3.44,0.18,0.24137507749999998,upper,2,43
3.52,0.18,0.24139299749999998,upper,2,44
3.6,0.18,0.2414153975,upper,2,45
3.68,0.18,0.2414422775,upper,2,46
3.7600000000000002,0.18,0.24147363749999998,upper,2,47
3.84,0.18,0.24150947749999999,upper,2,48
3.92,0.18,0.2415497975,upper,2,49
4.0,0.18,0.24159459749999998,upper,2,50
4.08,0.18,0.2416438775,upper,2,51
4.16,0.18,0.24169763749999998,upper,2,52
4.24,0.18,0.2417558775,upper,2,53
4.32,0.18,0.24181859749999998,upper,2,54
4.4,0.18,0.2418857975,upper,2,55
4.48,0.18,0.2419574775,upper,2,56
4.5600000000000005,0.18,0.24203363749999998,upper,2,57
4.64,0.18,0.2421142775,upper,2,58
4.72,0.18,0.2421993975,upper,2,59
4.8,0.18,0.2422889975,upper,2,60
4.88,0.18,0.2423830775,upper,2,61
4.96,0.18,0.24248163749999999,upper,2,62
5.04,0.18,0.24258467749999998,upper,2,63
5.12,0.18,0.24269219749999998,upper,2,64
5.2,0.18,0.24280419749999999,upper,2,65
5.28,0.18,0.2929206775,upper,2,66
5.36,0.18,0.2930416375,upper,2,67
5.44,0.18,0.2931670775,upper,2,68
5.5200000000000005,0.18,0.2932969975,upper,2,69
5.6000000000000005,0.18,0.29343139749999997,upper,2,70
5.68,0.18,0.2935702775,upper,2,71
5.76,0.18,0.2937136375,upper,2,72
5.84,0.18,0.29386147749999997,upper,2,73
5.92,0.18,0.2940137975,upper,2,74
6.0,0.18,0.2941705975,upper,2,75
6.08,0.18,0.2943318775,upper,2,76
6.16,0.18,0.29449763749999996,upper,2,77
6.24,0.18,0.2946678775,upper,2,78
6.32,0.18,0.29484259749999997,upper,2,79
0.0,0.27,0.24474636949999998,upper,3,0
0.08,0.27,0.2445716495,upper,3,1
0.16,0.27,0.24440140949999997,upper,3,2
0.24,0.27,0.24423564949999998,upper,3,3
0.32,0.27,0.2440743695,upper,3,4
0.4,0.27,0.2439175695,upper,3,5
0.48,0.27,0.24376524949999998,upper,3,6
0.56,0.27,0.2436174095,upper,3,7
0.64,0.27,0.24347404949999998,upper,3,8
0.72,0.27,0.24333516949999998,upper,3,9
0.8,0.27,0.2432007695,upper,3,10
0.88,0.27,0.2430708495,upper,3,11
0.96,0.27,0.2429454095,upper,3,12
1.04,0.27,0.24282444949999998,upper,3,13
1.12,0.27,0.24270796949999998,upper,3,14
1.2,0.27,0.24259596949999998,upper,3,15
1.28,0.27,0.24248844949999998,upper,3,16
1.36,0.27,0.24238540949999998,upper,3,17
1.44,0.27,0.24228684949999998,upper,3,18
1.52,0.27,0.2421927695,upper,3,19
1.6,0.27,0.2421031695,upper,3,20
1.68,0.27,0.2420180495,upper,3,21
1.76,0.27,0.24193740949999998,upper,3,22
1.84,0.27,0.2418612495,upper,3,23
1.92,0.27,0.2417895695,upper,3,24
2.0,0.27,0.24172236949999998,upper,3,25
2.08,0.27,0.2416596495,upper,3,26
2.16,0.27,0.24160140949999998,upper,3,27
2.24,0.27,0.2415476495,upper,3,28
2.32,0.27,0.24149836949999998,upper,3,29
2.4,0.27,0.2414535695,upper,3,30
2.48,0.27,0.24141324949999998,upper,3,31
2.56,0.27,0.24137740949999997,upper,3,32
2.64,0.27,0.2413460495,upper,3,33
2.72,0.27,0.24131916949999999,upper,3,34
2.8000000000000003,0.27,0.24129676949999998,upper,3,35
2.88,0.27,0.24127884949999998,upper,3,36
2.96,0.27,0.24126540949999997,upper,3,37
3.04,0.27,0.2412564495,upper,3,38
3.12,0.27,0.2412519695,upper,3,39
3.2,0.27,0.2412519695,upper,3,40
3.2800000000000002,0.27,0.2412564495,upper,3,41
3.36,0.27,0.24126540949999997,upper,3,42
3.44,0.27,0.24127884949999998,upper,3,43
3.52,0.27,0.24129676949999998,upper,3,44
3.6,0.27,0.24131916949999999,upper,3,45
3.68,0.27,0.2413460495,upper,3,46
3.7600000000000002,0.27,0.24137740949999997,upper,3,47
3.84,0.27,0.24141324949999998,upper,3,48
3.92,0.27,0.2414535695,upper,3,49
4.0,0.27,0.24149836949999998,upper,3,50
4.08,0.27,0.2415476495,upper,3,51
4.16,0.27,0.24160140949999998,upper,3,52
4.24,0.27,0.2416596495,upper,3,53
4.32,0.27,0.24172236949999998,upper,3,54
4.4,0.27,0.2417895695,upper,3,55
4.48,0.27,0.2418612495,upper,3,56
4.5600000000000005,0.27,0.24193740949999998,upper,3,57
4.64,0.27,0.2420180495,upper,3,58
4.72,0.27,0.2421031695,upper,3,59
4.8,0.27,0.2421927695,upper,3,60
4.88,0.27,0.24228684949999998,upper,3,61
4.96,0.27,0.24238540949999998,upper,3,62
5.04,0.27,0.24248844949999998,upper,3,63
5.12,0.27,0.24259596949999998,upper,3,64
5.2,0.27,0.24270796949999998,upper,3,65
5.28,0.27,0.2928244495,upper,3,66
5.36,0.27,0.2929454095,upper,3,67
5.44,0.27,0.2930708495,upper,3,68
5.5200000000000005,0.27,0.2932007695,upper,3,69
5.6000000000000005,0.27,0.2933351695,upper,3,70
5.68,0.27,0.2934740495,upper,3,71
5.76,0.27,0.2936174095,upper,3,72
5.84,0.27,0.2937652495,upper,3,73
5.92,0.27,0.2939175695,upper,3,74
6.0,0.27,0.2940743695,upper,3,75
6.08,0.27,0.2942356495,upper,3,76
6.16,0.27,0.2944014095,upper,3,77
6.24,0.27,0.2945716495,upper,3,78
6.32,0.27,0.2947463695,upper,3,79
0.0,0.36,0.24465370549999998,upper,4,0
0.08,0.36,0.2444789855,upper,4,1
0.16,0.36,0.24430874549999998,upper,4,2
0.24,0.36,0.2441429855,upper,4,3
0.32,0.36,0.2439817055,upper,4,4
0.4,0.36,0.2438249055,upper,4,5
0.48,0.36,0.24367258549999998,upper,4,6
0.56,0.36,0.2435247455,upper,4,7
0.64,0.36,0.2433813855,upper,4,8
0.72,0.36,0.24324250549999998,upper,4,9
0.8,0.36,0.2431081055,upper,4,10
0.88,0.36,0.2429781855,upper,4,11
0.96,0.36,0.2428527455,upper,4,12
1.04,0.36,0.2427317855,upper,4,13
1.12,0.36,0.2426153055,upper,4,14
1.2,0.36,0.2425033055,upper,4,15
1.28,0.36,0.2423957855,upper,4,16
1.36,0.36,0.2422927455,upper,4,17
1.44,0.36,0.2421941855,upper,4,18
1.52,0.36,0.2421001055,upper,4,19
1.6,0.36,0.2420105055,upper,4,20
1.68,0.36,0.2419253855,upper,4,21
1.76,0.36,0.24184474549999999,upper,4,22
1.84,0.36,0.2417685855,upper,4,23
1.92,0.36,0.2416969055,upper,4,24
2.0,0.36,0.24162970549999999,upper,4,25
2.08,0.36,0.2415669855,upper,4,26
2.16,0.36,0.24150874549999998,upper,4,27
2.24,0.36,0.2414549855,upper,4,28
2.32,0.36,0.24140570549999998,upper,4,29
2.4,0.36,0.2413609055,upper,4,30
2.48,0.36,0.2413205855,upper,4,31
2.56,0.36,0.24128474549999998,upper,4,32
2.64,0.36,0.2412533855,upper,4,33
2.72,0.36,0.2412265055,upper,4,34
2.8000000000000003,0.36,0.2412041055,upper,4,35
2.88,0.36,0.24118618549999998,upper,4,36
2.96,0.36,0.24117274549999998,upper,4,37
3.04,0.36,0.2411637855,upper,4,38
3.12,0.36,0.2411593055,upper,4,39
3.2,0.36,0.2411593055,upper,4,40
3.2800000000000002,0.36,0.2411637855,upper,4,41
3.36,0.36,0.24117274549999998,upper,4,42
3.44,0.36,0.24118618549999998,upper,4,43
3.52,0.36,0.2412041055,upper,4,44
3.6,0.36,0.2412265055,upper,4,45
3.68,0.36,0.2412533855,upper,4,46
3.7600000000000002,0.36,0.24128474549999998,upper,4,47
3.84,0.36,0.2413205855,upper,4,48
3.92,0.36,0.2413609055,upper,4,49
4.0,0.36,0.24140570549999998,upper,4,50
4.08,0.36,0.2414549855,upper,4,51
4.16,0.36,0.24150874549999998,upper,4,52
4.24,0.36,0.2415669855,upper,4,53
4.32,0.36,0.24162970549999999,upper,4,54
4.4,0.36,0.2416969055,upper,4,55
4.48,0.36,0.2417685855,upper,4,56
4.5600000000000005,0.36,0.24184474549999999,upper,4,57
4.64,0.36,0.2419253855,upper,4,58
4.72,0.36,0.2420105055,upper,4,59
4.8,0.36,0.2421001055,upper,4,60
4.88,0.36,0.2421941855,upper,4,61
4.96,0.36,0.2422927455,upper,4,62
5.04,0.36,0.2423957855,upper,4,63
5.12,0.36,0.2425033055,upper,4,64
5.2,0.36,0.2426153055,upper,4,65
5.28,0.36,0.2927317855,upper,4,66
5.36,0.36,0.2928527455,upper,4,67
5.44,0.36,0.2929781855,upper,4,68
5.5200000000000005,0.36,0.2931081055,upper,4,69
5.6000000000000005,0.36,0.2932425055,upper,4,70
5.68,0.36,0.2933813855,upper,4,71
5.76,0.36,0.2935247455,upper,4,72
5.84,0.36,0.29367258549999997,upper,4,73
5.92,0.36,0.2938249055,upper,4,74
6.0,0.36,0.2939817055,upper,4,75
6.08,0.36,0.2941429855,upper,4,76
6.16,0.36,0.29430874549999997,upper,4,77
6.24,0.36,0.2944789855,upper,4,78
6.32,0.36,0.2946537055,upper,4,79
0.0,0.44999999999999996,0.24456460549999998,upper,5,0
0.08,0.44999999999999996,0.2443898855,upper,5,1
0.16,0.44999999999999996,0.24421964549999997,upper,5,2
0.24,0.44999999999999996,0.24405388549999998,upper,5,3
0.32,0.44999999999999996,0.2438926055,upper,5,4
0.4,0.44999999999999996,0.24373580549999999,upper,5,5
0.48,0.44999999999999996,0.24358348549999997,upper,5,6
0.56,0.44999999999999996,0.2434356455,upper,5,7
0.64,0.44999999999999996,0.24329228549999998,upper,5,8
0.72,0.44999999999999996,0.24315340549999997,upper,5,9
0.8,0.44999999999999996,0.2430190055,upper,5,10
0.88,0.44999999999999996,0.2428890855,upper,5,11
0.96,0.44999999999999996,0.24276364549999999,upper,5,12
1.04,0.44999999999999996,0.24264268549999998,upper,5,13
1.12,0.44999999999999996,0.24252620549999998,upper,5,14
1.2,0.44999999999999996,0.24241420549999998,upper,5,15
1.28,0.44999999999999996,0.24230668549999998,upper,5,16
1.36,0.44999999999999996,0.24220364549999998,upper,5,17
1.44,0.44999999999999996,0.24210508549999998,upper,5,18
1.52,0.44999999999999996,0.2420110055,upper,5,19
1.6,0.44999999999999996,0.2419214055,upper,5,20
1.68,0.44999999999999996,0.2418362855,upper,5,21
1.76,0.44999999999999996,0.24175564549999998,upper,5,22
1.84,0.44999999999999996,0.24167948549999999,upper,5,23
1.92,0.44999999999999996,0.2416078055,upper,5,24
2.0,0.44999999999999996,0.24154060549999998,upper,5,25
2.08,0.44999999999999996,0.2414778855,upper,5,26
2.16,0.44999999999999996,0.24141964549999997,upper,5,27
2.24,0.44999999999999996,0.2413658855,upper,5,28
2.32,0.44999999999999996,0.24131660549999998,upper,5,29
2.4,0.44999999999999996,0.2412718055,upper,5,30
2.48,0.44999999999999996,0.24123148549999998,upper,5,31
2.56,0.44999999999999996,0.24119564549999997,upper,5,32
2.64,0.44999999999999996,0.2411642855,upper,5,33
2.72,0.44999999999999996,0.24113740549999998,upper,5,34
2.8000000000000003,0.44999999999999996,0.24111500549999998,upper,5,35
2.88,0.44999999999999996,0.24109708549999997,upper,5,36
2.96,0.44999999999999996,0.24108364549999997,upper,5,37
3.04,0.44999999999999996,0.2410746855,upper,5,38
3.12,0.44999999999999996,0.2410702055,upper,5,39
3.2,0.44999999999999996,0.2410702055,upper,5,40
3.2800000000000002,0.44999999999999996,0.2410746855,upper,5,41
3.36,0.44999999999999996,0.24108364549999997,upper,5,42
3.44,0.44999999999999996,0.24109708549999997,upper,5,43
3.52,0.44999999999999996,0.24111500549999998,upper,5,44
3.6,0.44999999999999996,0.24113740549999998,upper,5,45
3.68,0.44999999999999996,0.2411642855,upper,5,46
3.7600000000000002,0.44999999999999996,0.24119564549999997,upper,5,47
3.84,0.44999999999999996,0.24123148549999998,upper,5,48
3.92,0.44999999999999996,0.2412718055,upper,5,49
4.0,0.44999999999999996,0.24131660549999998,upper,5,50
4.08,0.44999999999999996,0.2413658855,upper,5,51
4.16,0.44999999999999996,0.24141964549999997,upper,5,52
4.24,0.44999999999999996,0.2414778855,upper,5,53
4.32,0.44999999999999996,0.24154060549999998,upper,5,54
4.4,0.44999999999999996,0.2416078055,upper,5,55
4.48,0.44999999999999996,0.24167948549999999,upper,5,56
4.5600000000000005,0.44999999999999996,0.24175564549999998,upper,5,57
4.64,0.44999999999999996,0.2418362855,upper,5,58
4.72,0.44999999999999996,0.2419214055,upper,5,59
4.8,0.44999999999999996,0.2420110055,upper,5,60
4.88,0.44999999999999996,0.24210508549999998,upper,5,61
4.96,0.44999999999999996,0.24220364549999998,upper,5,62
5.04,0.44999999999999996,0.24230668549999998,upper,5,63
5.12,0.44999999999999996,0.24241420549999998,upper,5,64
5.2,0.44999999999999996,0.24252620549999998,upper,5,65
5.28,0.44999999999999996,0.2926426855,upper,5,66
5.36,0.44999999999999996,0.2927636455,upper,5,67
5.44,0.44999999999999996,0.2928890855,upper,5,68
5.5200000000000005,0.44999999999999996,0.2930190055,upper,5,69
5.6000000000000005,0.44999999999999996,0.29315340549999996,upper,5,70
5.68,0.44999999999999996,0.29329228549999997,upper,5,71
5.76,0.44999999999999996,0.2934356455,upper,5,72
5.84,0.44999999999999996,0.29358348549999996,upper,5,73
5.92,0.44999999999999996,0.2937358055,upper,5,74
6.0,0.44999999999999996,0.2938926055,upper,5,75
6.08,0.44999999999999996,0.2940538855,upper,5,76
6.16,0.44999999999999996,0.29421964549999996,upper,5,77
6.24,0.44999999999999996,0.2943898855,upper,5,78
6.32,0.44999999999999996,0.29456460549999997,upper,5,79
0.0,0.54,0.24447906949999998,upper,6,0
0.08,0.54,0.2443043495,upper,6,1
0.16,0.54,0.24413410949999997,upper,6,2
0.24,0.54,0.2439683495,upper,6,3
0.32,0.54,0.2438070695,upper,6,4
0.4,0.54,0.2436502695,upper,6,5
0.48,0.54,0.24349794949999998,upper,6,6
0.56,0.54,0.2433501095,upper,6,7
0.64,0.54,0.24320674949999999,upper,6,8
0.72,0.54,0.24306786949999998,upper,6,9
0.8,0.54,0.2429334695,upper,6,10
0.88,0.54,0.2428035495,upper,6,11
0.96,0.54,0.2426781095,upper,6,12
1.04,0.54,0.24255714949999999,upper,6,13
1.12,0.54,0.24244066949999998,upper,6,14
1.2,0.54,0.24232866949999998,upper,6,15
1.28,0.54,0.24222114949999998,upper,6,16
1.36,0.54,0.24211810949999998,upper,6,17
1.44,0.54,0.2420195495,upper,6,18
1.52,0.54,0.2419254695,upper,6,19
1.6,0.54,0.2418358695,upper,6,20
1.68,0.54,0.2417507495,upper,6,21
1.76,0.54,0.24167010949999998,upper,6,22
1.84,0.54,0.2415939495,upper,6,23
1.92,0.54,0.2415222695,upper,6,24
2.0,0.54,0.24145506949999998,upper,6,25
2.08,0.54,0.2413923495,upper,6,26
2.16,0.54,0.24133410949999998,upper,6,27
2.24,0.54,0.2412803495,upper,6,28
2.32,0.54,0.24123106949999998,upper,6,29
2.4,0.54,0.2411862695,upper,6,30
2.48,0.54,0.24114594949999998,upper,6,31
2.56,0.54,0.24111010949999997,upper,6,32
2.64,0.54,0.2410787495,upper,6,33
2.72,0.54,0.2410518695,upper,6,34
2.8000000000000003,0.54,0.24102946949999998,upper,6,35
2.88,0.54,0.24101154949999998,upper,6,36
2.96,0.54,0.24099810949999997,upper,6,37
3.04,0.54,0.2409891495,upper,6,38
3.12,0.54,0.2409846695,upper,6,39
3.2,0.54,0.2409846695,upper,6,40
3.2800000000000002,0.54,0.2409891495,upper,6,41
3.36,0.54,0.24099810949999997,upper,6,42
3.44,0.54,0.24101154949999998,upper,6,43
3.52,0.54,0.24102946949999998,upper,6,44
3.6,0.54,0.2410518695,upper,6,45
3.68,0.54,0.2410787495,upper,6,46
3.7600000000000002,0.54,0.24111010949999997,upper,6,47
3.84,0.54,0.24114594949999998,upper,6,48
3.92,0.54,0.2411862695,upper,6,49
4.0,0.54,0.24123106949999998,upper,6,50
4.08,0.54,0.2412803495,upper,6,51
4.16,0.54,0.24133410949999998,upper,6,52
4.24,0.54,0.2413923495,upper,6,53
4.32,0.54,0.24145506949999998,upper,6,54
4.4,0.54,0.2415222695,upper,6,55
4.48,0.54,0.2415939495,upper,6,56
4.5600000000000005,0.54,0.24167010949999998,upper,6,57
4.64,0.54,0.2417507495,upper,6,58
4.72,0.54,0.2418358695,upper,6,59
4.8,0.54,0.2419254695,upper,6,60
4.88,0.54,0.2420195495,upper,6,61
4.96,0.54,0.24211810949999998,upper,6,62
5.04,0.54,0.24222114949999998,upper,6,63
5.12,0.54,0.24232866949999998,upper,6,64
5.2,0.54,0.24244066949999998,upper,6,65
5.28,0.54,0.2925571495,upper,6,66
5.36,0.54,0.2926781095,upper,6,67
5.44,0.54,0.2928035495,upper,6,68
5.5200000000000005,0.54,0.2929334695,upper,6,69
5.6000000000000005,0.54,0.29306786949999997,upper,6,70
5.68,0.54,0.2932067495,upper,6,71
5.76,0.54,0.2933501095,upper,6,72
5.84,0.54,0.29349794949999997,upper,6,73
5.92,0.54,0.2936502695,upper,6,74
6.0,0.54,0.2938070695,upper,6,75
6.08,0.54,0.2939683495,upper,6,76
6.16,0.54,0.29413410949999996,upper,6,77
6.24,0.54,0.2943043495,upper,6,78
6.32,0.54,0.29447906949999997,upper,6,79
0.0,0.63,0.2443970975,upper,7,0
0.08,0.63,0.2442223775,upper,7,1
0.16,0.63,0.2440521375,upper,7,2
0.24,0.63,0.2438863775,upper,7,3
0.32,0.63,0.24372509750000002,upper,7,4
0.4,0.63,0.2435682975,upper,7,5
0.48,0.63,0.2434159775,upper,7,6
0.56,0.63,0.2432681375,upper,7,7
0.64,0.63,0.2431247775,upper,7,8
0.72,0.63,0.2429858975,upper,7,9
0.8,0.63,0.2428514975,upper,7,10
0.88,0.63,0.2427215775,upper,7,11
0.96,0.63,0.2425961375,upper,7,12
1.04,0.63,0.2424751775,upper,7,13
1.12,0.63,0.2423586975,upper,7,14
1.2,0.63,0.2422466975,upper,7,15
1.28,0.63,0.2421391775,upper,7,16
1.36,0.63,0.2420361375,upper,7,17
1.44,0.63,0.2419375775,upper,7,18
1.52,0.63,0.2418434975,upper,7,19
1.6,0.63,0.2417538975,upper,7,20
1.68,0.63,0.24166877750000001,upper,7,21
1.76,0.63,0.2415881375,upper,7,22
1.84,0.63,0.2415119775,upper,7,23
1.92,0.63,0.2414402975,upper,7,24
2.0,0.63,0.2413730975,upper,7,25
2.08,0.63,0.2413103775,upper,7,26
2.16,0.63,0.2412521375,upper,7,27
2.24,0.63,0.2411983775,upper,7,28
2.32,0.63,0.2411490975,upper,7,29
2.4,0.63,0.2411042975,upper,7,30
2.48,0.63,0.2410639775,upper,7,31
2.56,0.63,0.2410281375,upper,7,32
2.64,0.63,0.2409967775,upper,7,33
2.72,0.63,0.2409698975,upper,7,34
2.8000000000000003,0.63,0.2409474975,upper,7,35
2.88,0.63,0.2409295775,upper,7,36
2.96,0.63,0.2409161375,upper,7,37
3.04,0.63,0.2409071775,upper,7,38
3.12,0.63,0.2409026975,upper,7,39
3.2,0.63,0.2409026975,upper,7,40
3.2800000000000002,0.63,0.2409071775,upper,7,41
3.36,0.63,0.2409161375,upper,7,42
3.44,0.63,0.2409295775,upper,7,43
3.52,0.63,0.2409474975,upper,7,44
3.6,0.63,0.2409698975,upper,7,45
3.68,0.63,0.2409967775,upper,7,46
3.7600000000000002,0.63,0.2410281375,upper,7,47
3.84,0.63,0.2410639775,upper,7,48
3.92,0.63,0.2411042975,upper,7,49
4.0,0.63,0.2411490975,upper,7,50
4.08,0.63,0.2411983775,upper,7,51
4.16,0.63,0.2412521375,upper,7,52
4.24,0.63,0.2413103775,upper,7,53
4.32,0.63,0.2413730975,upper,7,54
4.4,0.63,0.2414402975,upper,7,55
4.48,0.63,0.2415119775,upper,7,56
4.5600000000000005,0.63,0.2415881375,upper,7,57
4.64,0.63,0.24166877750000001,upper,7,58
4.72,0.63,0.2417538975,upper,7,59
4.8,0.63,0.2418434975,upper,7,60
4.88,0.63,0.2419375775,upper,7,61
4.96,0.63,0.2420361375,upper,7,62
5.04,0.63,0.2421391775,upper,7,63
5.12,0.63,0.2422466975,upper,7,64
5.2,0.63,0.2423586975,upper,7,65
5.28,0.63,0.2924751775,upper,7,66
5.36,0.63,0.2925961375,upper,7,67
5.44,0.63,0.2927215775,upper,7,68
5.5200000000000005,0.63,0.2928514975,upper,7,69
5.6000000000000005,0.63,0.2929858975,upper,7,70
5.68,0.63,0.2931247775,upper,7,71
5.76,0.63,0.2932681375,upper,7,72
5.84,0.63,0.2934159775,upper,7,73
5.92,0.63,0.2935682975,upper,7,74
6.0,0.63,0.29372509750000003,upper,7,75
6.08,0.63,0.2938863775,upper,7,76
6.16,0.63,0.2940521375,upper,7,77
6.24,0.63,0.2942223775,upper,7,78
6.32,0.63,0.2943970975,upper,7,79
0.0,0.72,0.2443186895,upper,8,0
0.08,0.72,0.2441439695,upper,8,1
0.16,0.72,0.2439737295,upper,8,2
0.24,0.72,0.2438079695,upper,8,3
0.32,0.72,0.2436466895,upper,8,4
0.4,0.72,0.2434898895,upper,8,5
0.48,0.72,0.2433375695,upper,8,6
0.56,0.72,0.2431897295,upper,8,7
0.64,0.72,0.2430463695,upper,8,8
0.72,0.72,0.2429074895,upper,8,9
0.8,0.72,0.2427730895,upper,8,10
0.88,0.72,0.2426431695,upper,8,11
0.96,0.72,0.2425177295,upper,8,12
1.04,0.72,0.2423967695,upper,8,13
1.12,0.72,0.2422802895,upper,8,14
1.2,0.72,0.2421682895,upper,8,15
1.28,0.72,0.2420607695,upper,8,16
1.36,0.72,0.2419577295,upper,8,17
1.44,0.72,0.2418591695,upper,8,18
1.52,0.72,0.2417650895,upper,8,19
1.6,0.72,0.2416754895,upper,8,20
1.68,0.72,0.2415903695,upper,8,21
1.76,0.72,0.2415097295,upper,8,22
1.84,0.72,0.2414335695,upper,8,23
1.92,0.72,0.2413618895,upper,8,24
2.0,0.72,0.2412946895,upper,8,25
2.08,0.72,0.2412319695,upper,8,26
2.16,0.72,0.2411737295,upper,8,27
2.24,0.72,0.2411199695,upper,8,28
2.32,0.72,0.2410706895,upper,8,29
2.4,0.72,0.2410258895,upper,8,30
2.48,0.72,0.2409855695,upper,8,31
2.56,0.72,0.2409497295,upper,8,32
2.64,0.72,0.2409183695,upper,8,33
2.72,0.72,0.2408914895,upper,8,34
2.8000000000000003,0.72,0.2408690895,upper,8,35
2.88,0.72,0.2408511695,upper,8,36
2.96,0.72,0.2408377295,upper,8,37
3.04,0.72,0.2408287695,upper,8,38
3.12,0.72,0.2408242895,upper,8,39
3.2,0.72,0.2408242895,upper,8,40
3.2800000000000002,0.72,0.2408287695,upper,8,41
3.36,0.72,0.2408377295,upper,8,42
3.44,0.72,0.2408511695,upper,8,43
3.52,0.72,0.2408690895,upper,8,44
3.6,0.72,0.2408914895,upper,8,45
3.68,0.72,0.2409183695,upper,8,46
3.7600000000000002,0.72,0.2409497295,upper,8,47
3.84,0.72,0.2409855695,upper,8,48
3.92,0.72,0.2410258895,upper,8,49
4.0,0.72,0.2410706895,upper,8,50
4.08,0.72,0.2411199695,upper,8,51
4.16,0.72,0.2411737295,upper,8,52
4.24,0.72,0.2412319695,upper,8,53
4.32,0.72,0.2412946895,upper,8,54
4.4,0.72,0.2413618895,upper,8,55
4.48,0.72,0.2414335695,upper,8,56
4.5600000000000005,0.72,0.2415097295,upper,8,57
4.64,0.72,0.2415903695,upper,8,58
4.72,0.72,0.2416754895,upper,8,59
4.8,0.72,0.2417650895,upper,8,60
4.88,0.72,0.2418591695,upper,8,61
4.96,0.72,0.2419577295,upper,8,62
5.04,0.72,0.2420607695,upper,8,63
5.12,0.72,0.2421682895,upper,8,64
5.2,0.72,0.2422802895,upper,8,65
5.28,0.72,0.2923967695,upper,8,66
5.36,0.72,0.2925177295,upper,8,67
5.44,0.72,0.2926431695,upper,8,68
5.5200000000000005,0.72,0.2927730895,upper,8,69
5.6000000000000005,0.72,0.2929074895,upper,8,70
5.68,0.72,0.2930463695,upper,8,71
5.76,0.72,0.2931897295,upper,8,72
5.84,0.72,0.2933375695,upper,8,73
5.92,0.72,0.2934898895,upper,8,74
6.0,0.72,0.2936466895,upper,8,75
6.08,0.72,0.2938079695,upper,8,76
6.16,0.72,0.2939737295,upper,8,77
6.24,0.72,0.2941439695,upper,8,78
6.32,0.72,0.2943186895,upper,8,79
0.0,0.8099999999999999,0.24424384549999997,upper,9,0
0.08,0.8099999999999999,0.24406912549999998,upper,9,1
0.16,0.8099999999999999,0.24389888549999997,upper,9,2
0.24,0.8099999999999999,0.24373312549999998,upper,9,3
0.32,0.8099999999999999,0.2435718455,upper,9,4
0.4,0.8099999999999999,0.24341504549999998,upper,9,5
0.48,0.8099999999999999,0.24326272549999997,upper,9,6
0.56,0.8099999999999999,0.2431148855,upper,9,7
0.64,0.8099999999999999,0.24297152549999998,upper,9,8
0.72,0.8099999999999999,0.24283264549999997,upper,9,9
0.8,0.8099999999999999,0.2426982455,upper,9,10
0.88,0.8099999999999999,0.2425683255,upper,9,11
0.96,0.8099999999999999,0.24244288549999998,upper,9,12
1.04,0.8099999999999999,0.24232192549999998,upper,9,13
1.12,0.8099999999999999,0.24220544549999998,upper,9,14
1.2,0.8099999999999999,0.24209344549999998,upper,9,15
1.28,0.8099999999999999,0.24198592549999998,upper,9,16
1.36,0.8099999999999999,0.24188288549999998,upper,9,17
1.44,0.8099999999999999,0.24178432549999998,upper,9,18
1.52,0.8099999999999999,0.24169024549999998,upper,9,19
1.6,0.8099999999999999,0.2416006455,upper,9,20
1.68,0.8099999999999999,0.2415155255,upper,9,21
1.76,0.8099999999999999,0.24143488549999997,upper,9,22
1.84,0.8099999999999999,0.24135872549999998,upper,9,23
1.92,0.8099999999999999,0.2412870455,upper,9,24
2.0,0.8099999999999999,0.24121984549999997,upper,9,25
2.08,0.8099999999999999,0.24115712549999999,upper,9,26
2.16,0.8099999999999999,0.24109888549999997,upper,9,27
2.24,0.8099999999999999,0.24104512549999998,upper,9,28
2.32,0.8099999999999999,0.24099584549999997,upper,9,29
2.4,0.8099999999999999,0.2409510455,upper,9,30
2.48,0.8099999999999999,0.24091072549999998,upper,9,31
2.56,0.8099999999999999,0.24087488549999997,upper,9,32
2.64,0.8099999999999999,0.2408435255,upper,9,33
2.72,0.8099999999999999,0.24081664549999998,upper,9,34
2.8000000000000003,0.8099999999999999,0.24079424549999998,upper,9,35
2.88,0.8099999999999999,0.24077632549999997,upper,9,36
2.96,0.8099999999999999,0.24076288549999997,upper,9,37
3.04,0.8099999999999999,0.2407539255,upper,9,38
3.12,0.8099999999999999,0.2407494455,upper,9,39
3.2,0.8099999999999999,0.2407494455,upper,9,40
3.2800000000000002,0.8099999999999999,0.2407539255,upper,9,41
3.36,0.8099999999999999,0.24076288549999997,upper,9,42
3.44,0.8099999999999999,0.24077632549999997,upper,9,43
3.52,0.8099999999999999,0.24079424549999998,upper,9,44
3.6,0.8099999999999999,0.24081664549999998,upper,9,45
3.68,0.8099999999999999,0.2408435255,upper,9,46
3.7600000000000002,0.8099999999999999,0.24087488549999997,upper,9,47
3.84,0.8099999999999999,0.24091072549999998,upper,9,48
3.92,0.8099999999999999,0.2409510455,upper,9,49
4.0,0.8099999999999999,0.24099584549999997,upper,9,50
4.08,0.8099999999999999,0.24104512549999998,upper,9,51
4.16,0.8099999999999999,0.24109888549999997,upper,9,52
4.24,0.8099999999999999,0.24115712549999999,upper,9,53
4.32,0.8099999999999999,0.24121984549999997,upper,9,54
4.4,0.8099999999999999,0.2412870455,upper,9,55
4.48,0.8099999999999999,0.24135872549999998,upper,9,56
4.5600000000000005,0.8099999999999999,0.24143488549999997,upper,9,57
4.64,0.8099999999999999,0.2415155255,upper,9,58
4.72,0.8099999999999999,0.2416006455,upper,9,59
4.8,0.8099999999999999,0.24169024549999998,upper,9,60
4.88,0.8099999999999999,0.24178432549999998,upper,9,61
4.96,0.8099999999999999,0.24188288549999998,upper,9,62
5.04,0.8099999999999999,0.24198592549999998,upper,9,63
5.12,0.8099999999999999,0.24209344549999998,upper,9,64
5.2,0.8099999999999999,0.24220544549999998,upper,9,65
5.28,0.8099999999999999,0.29232192549999997,upper,9,66
5.36,0.8099999999999999,0.29244288549999997,upper,9,67
5.44,0.8099999999999999,0.2925683255,upper,9,68
5.5200000000000005,0.8099999999999999,0.2926982455,upper,9,69
5.6000000000000005,0.8099999999999999,0.2928326455,upper,9,70
5.68,0.8099999999999999,0.2929715255,upper,9,71
5.76,0.8099999999999999,0.2931148855,upper,9,72
5.84,0.8099999999999999,0.2932627255,upper,9,73
5.92,0.8099999999999999,0.29341504549999997,upper,9,74
6.0,0.8099999999999999,0.2935718455,upper,9,75
6.08,0.8099999999999999,0.29373312549999997,upper,9,76
6.16,0.8099999999999999,0.2938988855,upper,9,77
6.24,0.8099999999999999,0.2940691255,upper,9,78
6.32,0.8099999999999999,0.2942438455,upper,9,79
0.0,0.8999999999999999,0.2441725655,upper,10,0
0.08,0.8999999999999999,0.2439978455,upper,10,1
0.16,0.8999999999999999,0.2438276055,upper,10,2
0.24,0.8999999999999999,0.2436618455,upper,10,3
0.32,0.8999999999999999,0.24350056550000002,upper,10,4
0.4,0.8999999999999999,0.2433437655,upper,10,5
0.48,0.8999999999999999,0.2431914455,upper,10,6
0.56,0.8999999999999999,0.2430436055,upper,10,7
0.64,0.8999999999999999,0.2429002455,upper,10,8
0.72,0.8999999999999999,0.2427613655,upper,10,9
0.8,0.8999999999999999,0.2426269655,upper,10,10
0.88,0.8999999999999999,0.2424970455,upper,10,11
0.96,0.8999999999999999,0.2423716055,upper,10,12
1.04,0.8999999999999999,0.2422506455,upper,10,13
1.12,0.8999999999999999,0.2421341655,upper,10,14
1.2,0.8999999999999999,0.2420221655,upper,10,15
1.28,0.8999999999999999,0.2419146455,upper,10,16
1.36,0.8999999999999999,0.2418116055,upper,10,17
1.44,0.8999999999999999,0.2417130455,upper,10,18
1.52,0.8999999999999999,0.2416189655,upper,10,19
1.6,0.8999999999999999,0.2415293655,upper,10,20
1.68,0.8999999999999999,0.24144424550000002,upper,10,21
1.76,0.8999999999999999,0.2413636055,upper,10,22
1.84,0.8999999999999999,0.2412874455,upper,10,23
1.92,0.8999999999999999,0.2412157655,upper,10,24
2.0,0.8999999999999999,0.2411485655,upper,10,25
2.08,0.8999999999999999,0.2410858455,upper,10,26
2.16,0.8999999999999999,0.2410276055,upper,10,27
2.24,0.8999999999999999,0.2409738455,upper,10,28
2.32,0.8999999999999999,0.2409245655,upper,10,29
2.4,0.8999999999999999,0.2408797655,upper,10,30
2.48,0.8999999999999999,0.2408394455,upper,10,31
2.56,0.8999999999999999,0.2408036055,upper,10,32
2.64,0.8999999999999999,0.2407722455,upper,10,33
2.72,0.8999999999999999,0.2407453655,upper,10,34
2.8000000000000003,0.8999999999999999,0.2407229655,upper,10,35
2.88,0.8999999999999999,0.2407050455,upper,10,36
2.96,0.8999999999999999,0.2406916055,upper,10,37
3.04,0.8999999999999999,0.24068264550000001,upper,10,38
3.12,0.8999999999999999,0.2406781655,upper,10,39
3.2,0.8999999999999999,0.2406781655,upper,10,40
3.2800000000000002,0.8999999999999999,0.24068264550000001,upper,10,41
3.36,0.8999999999999999,0.2406916055,upper,10,42
3.44,0.8999999999999999,0.2407050455,upper,10,43
3.52,0.8999999999999999,0.2407229655,upper,10,44
3.6,0.8999999999999999,0.2407453655,upper,10,45
3.68,0.8999999999999999,0.2407722455,upper,10,46
3.7600000000000002,0.8999999999999999,0.2408036055,upper,10,47
3.84,0.8999999999999999,0.2408394455,upper,10,48
3.92,0.8999999999999999,0.2408797655,upper,10,49
4.0,0.8999999999999999,0.2409245655,upper,10,50
4.08,0.8999999999999999,0.2409738455,upper,10,51
4.16,0.8999999999999999,0.2410276055,upper,10,52
4.24,0.8999999999999999,0.2410858455,upper,10,53
4.32,0.8999999999999999,0.2411485655,upper,10,54
4.4,0.8999999999999999,0.2412157655,upper,10,55
4.48,0.8999999999999999,0.2412874455,upper,10,56
4.5600000000000005,0.8999999999999999,0.2413636055,upper,10,57
4.64,0.8999999999999999,0.24144424550000002,upper,10,58
4.72,0.8999999999999999,0.2415293655,upper,10,59
4.8,0.8999999999999999,0.2416189655,upper,10,60
4.88,0.8999999999999999,0.2417130455,upper,10,61
4.96,0.8999999999999999,0.2418116055,upper,10,62
5.04,0.8999999999999999,0.2419146455,upper,10,63
5.12,0.8999999999999999,0.2420221655,upper,10,64
5.2,0.8999999999999999,0.2421341655,upper,10,65
5.28,0.8999999999999999,0.2922506455,upper,10,66
5.36,0.8999999999999999,0.2923716055,upper,10,67
5.44,0.8999999999999999,0.2924970455,upper,10,68
5.5200000000000005,0.8999999999999999,0.2926269655,upper,10,69
5.6000000000000005,0.8999999999999999,0.2927613655,upper,10,70
5.68,0.8999999999999999,0.2929002455,upper,10,71
5.76,0.8999999999999999,0.2930436055,upper,10,72
5.84,0.8999999999999999,0.2931914455,upper,10,73
5.92,0.8999999999999999,0.2933437655,upper,10,74
6.0,0.8999999999999999,0.29350056550000003,upper,10,75
6.08,0.8999999999999999,0.2936618455,upper,10,76
6.16,0.8999999999999999,0.2938276055,upper,10,77
6.24,0.8999999999999999,0.2939978455,upper,10,78
6.32,0.8999999999999999,0.2941725655,upper,10,79
0.0,0.99,0.24410484949999997,upper,11,0
0.08,0.99,0.24393012949999998,upper,11,1
0.16,0.99,0.24375988949999997,upper,11,2
0.24,0.99,0.24359412949999998,upper,11,3
0.32,0.99,0.2434328495,upper,11,4
0.4,0.99,0.24327604949999998,upper,11,5
0.48,0.99,0.24312372949999997,upper,11,6
0.56,0.99,0.2429758895,upper,11,7
0.64,0.99,0.24283252949999998,upper,11,8
0.72,0.99,0.24269364949999997,upper,11,9
0.8,0.99,0.2425592495,upper,11,10
0.88,0.99,0.24242932949999998,upper,11,11
0.96,0.99,0.24230388949999998,upper,11,12
1.04,0.99,0.24218292949999998,upper,11,13
1.12,0.99,0.24206644949999997,upper,11,14
1.2,0.99,0.24195444949999997,upper,11,15
1.28,0.99,0.24184692949999997,upper,11,16
1.36,0.99,0.24174388949999998,upper,11,17
1.44,0.99,0.24164532949999998,upper,11,18
1.52,0.99,0.24155124949999998,upper,11,19
1.6,0.99,0.2414616495,upper,11,20
1.68,0.99,0.2413765295,upper,11,21
1.76,0.99,0.24129588949999997,upper,11,22
1.84,0.99,0.24121972949999998,upper,11,23
1.92,0.99,0.2411480495,upper,11,24
2.0,0.99,0.24108084949999997,upper,11,25
2.08,0.99,0.24101812949999998,upper,11,26
2.16,0.99,0.24095988949999997,upper,11,27
2.24,0.99,0.24090612949999998,upper,11,28
2.32,0.99,0.24085684949999997,upper,11,29
2.4,0.99,0.24081204949999999,upper,11,30
2.48,0.99,0.24077172949999998,upper,11,31
2.56,0.99,0.24073588949999997,upper,11,32
2.64,0.99,0.2407045295,upper,11,33
2.72,0.99,0.24067764949999998,upper,11,34
2.8000000000000003,0.99,0.24065524949999997,upper,11,35
2.88,0.99,0.24063732949999997,upper,11,36
2.96,0.99,0.24062388949999997,upper,11,37
3.04,0.99,0.2406149295,upper,11,38
3.12,0.99,0.2406104495,upper,11,39
3.2,0.99,0.2406104495,upper,11,40
3.2800000000000002,0.99,0.2406149295,upper,11,41
3.36,0.99,0.24062388949999997,upper,11,42
3.44,0.99,0.24063732949999997,upper,11,43
3.52,0.99,0.24065524949999997,upper,11,44
3.6,0.99,0.24067764949999998,upper,11,45
3.68,0.99,0.2407045295,upper,11,46
3.7600000000000002,0.99,0.24073588949999997,upper,11,47
3.84,0.99,0.24077172949999998,upper,11,48
3.92,0.99,0.24081204949999999,upper,11,49
4.0,0.99,0.24085684949999997,upper,11,50
4.08,0.99,0.24090612949999998,upper,11,51
4.16,0.99,0.24095988949999997,upper,11,52
4.24,0.99,0.24101812949999998,upper,11,53
4.32,0.99,0.24108084949999997,upper,11,54
4.4,0.99,0.2411480495,upper,11,55
4.48,0.99,0.24121972949999998,upper,11,56
4.5600000000000005,0.99,0.24129588949999997,upper,11,57
4.64,0.99,0.2413765295,upper,11,58
4.72,0.99,0.2414616495,upper,11,59
4.8,0.99,0.24155124949999998,upper,11,60
4.88,0.99,0.24164532949999998,upper,11,61
4.96,0.99,0.24174388949999998,upper,11,62
5.04,0.99,0.24184692949999997,upper,11,63
5.12,0.99,0.24195444949999997,upper,11,64
5.2,0.99,0.24206644949999997,upper,11,65
5.28,0.99,0.29218292949999997,upper,11,66
5.36,0.99,0.29230388949999997,upper,11,67
5.44,0.99,0.2924293295,upper,11,68
5.5200000000000005,0.99,0.2925592495,upper,11,69
5.6000000000000005,0.99,0.2926936495,upper,11,70
5.68,0.99,0.2928325295,upper,11,71
5.76,0.99,0.2929758895,upper,11,72
5.84,0.99,0.2931237295,upper,11,73
5.92,0.99,0.29327604949999997,upper,11,74
6.0,0.99,0.2934328495,upper,11,75
6.08,0.99,0.29359412949999997,upper,11,76
6.16,0.99,0.2937598895,upper,11,77
6.24,0.99,0.29393012949999997,upper,11,78
6.32,0.99,0.2941048495,upper,11,79
0.0,1.08,0.2440406975,upper,12,0
0.08,1.08,0.2438659775,upper,12,1
0.16,1.08,0.24369573749999998,upper,12,2
0.24,1.08,0.2435299775,upper,12,3
0.32,1.08,0.2433686975,upper,12,4
0.4,1.08,0.2432118975,upper,12,5
0.48,1.08,0.24305957749999998,upper,12,6
0.56,1.08,0.2429117375,upper,12,7
0.64,1.08,0.2427683775,upper,12,8
0.72,1.08,0.24262949749999999,upper,12,9
0.8,1.08,0.2424950975,upper,12,10
0.88,1.08,0.2423651775,upper,12,11
0.96,1.08,0.2422397375,upper,12,12
1.04,1.08,0.2421187775,upper,12,13
1.12,1.08,0.2420022975,upper,12,14
1.2,1.08,0.2418902975,upper,12,15
1.28,1.08,0.2417827775,upper,12,16
1.36,1.08,0.2416797375,upper,12,17
1.44,1.08,0.2415811775,upper,12,18
1.52,1.08,0.2414870975,upper,12,19
1.6,1.08,0.2413974975,upper,12,20
1.68,1.08,0.2413123775,upper,12,21
1.76,1.08,0.2412317375,upper,12,22
1.84,1.08,0.2411555775,upper,12,23
1.92,1.08,0.2410838975,upper,12,24
2.0,1.08,0.2410166975,upper,12,25
2.08,1.08,0.2409539775,upper,12,26
2.16,1.08,0.24089573749999998,upper,12,27
2.24,1.08,0.2408419775,upper,12,28
2.32,1.08,0.24079269749999999,upper,12,29
2.4,1.08,0.2407478975,upper,12,30
2.48,1.08,0.2407075775,upper,12,31
2.56,1.08,0.24067173749999998,upper,12,32
2.64,1.08,0.2406403775,upper,12,33
2.72,1.08,0.2406134975,upper,12,34
2.8000000000000003,1.08,0.2405910975,upper,12,35
2.88,1.08,0.24057317749999999,upper,12,36
2.96,1.08,0.24055973749999998,upper,12,37
3.04,1.08,0.2405507775,upper,12,38
3.12,1.08,0.2405462975,upper,12,39
3.2,1.08,0.2405462975,upper,12,40
3.2800000000000002,1.08,0.2405507775,upper,12,41
3.36,1.08,0.24055973749999998,upper,12,42
3.44,1.08,0.24057317749999999,upper,12,43
3.52,1.08,0.2405910975,upper,12,44
3.6,1.08,0.2406134975,upper,12,45
3.68,1.08,0.2406403775,upper,12,46
3.7600000000000002,1.08,0.24067173749999998,upper,12,47
3.84,1.08,0.2407075775,upper,12,48
3.92,1.08,0.2407478975,upper,12,49
4.0,1.08,0.24079269749999999,upper,12,50
4.08,1.08,0.2408419775,upper,12,51
4.16,1.08,0.24089573749999998,upper,12,52
4.24,1.08,0.2409539775,upper,12,53
4.32,1.08,0.2410166975,upper,12,54
4.4,1.08,0.2410838975,upper,12,55
4.48,1.08,0.2411555775,upper,12,56
4.5600000000000005,1.08,0.2412317375,upper,12,57
4.64,1.08,0.2413123775,upper,12,58
4.72,1.08,0.2413974975,upper,12,59
4.8,1.08,0.2414870975,upper,12,60
4.88,1.08,0.2415811775,upper,12,61
4.96,1.08,0.2416797375,upper,12,62
5.04,1.08,0.2417827775,upper,12,63
5.12,1.08,0.2418902975,upper,12,64
5.2,1.08,0.2420022975,upper,12,65
5.28,1.08,0.2921187775,upper,12,66
5.36,1.08,0.2922397375,upper,12,67
5.44,1.08,0.2923651775,upper,12,68
5.5200000000000005,1.08,0.2924950975,upper,12,69
5.6000000000000005,1.08,0.2926294975,upper,12,70
5.68,1.08,0.2927683775,upper,12,71
5.76,1.08,0.2929117375,upper,12,72
5.84,1.08,0.2930595775,upper,12,73
5.92,1.08,0.2932118975,upper,12,74
6.0,1.08,0.2933686975,upper,12,75
6.08,1.08,0.2935299775,upper,12,76
6.16,1.08,0.2936957375,upper,12,77
6.24,1.08,0.2938659775,upper,12,78
6.32,1.08,0.2940406975,upper,12,79
0.0,1.17,0.2439801095,upper,13,0
0.08,1.17,0.2438053895,upper,13,1
0.16,1.17,0.24363514949999998,upper,13,2
0.24,1.17,0.2434693895,upper,13,3
0.32,1.17,0.2433081095,upper,13,4
0.4,1.17,0.2431513095,upper,13,5
0.48,1.17,0.24299898949999998,upper,13,6
0.56,1.17,0.2428511495,upper,13,7
0.64,1.17,0.2427077895,upper,13,8
0.72,1.17,0.24256890949999999,upper,13,9
0.8,1.17,0.2424345095,upper,13,10
0.88,1.17,0.2423045895,upper,13,11
0.96,1.17,0.2421791495,upper,13,12
1.04,1.17,0.2420581895,upper,13,13
1.12,1.17,0.2419417095,upper,13,14
1.2,1.17,0.2418297095,upper,13,15
1.28,1.17,0.2417221895,upper,13,16
1.36,1.17,0.2416191495,upper,13,17
1.44,1.17,0.2415205895,upper,13,18
1.52,1.17,0.2414265095,upper,13,19
1.6,1.17,0.2413369095,upper,13,20
1.68,1.17,0.2412517895,upper,13,21
1.76,1.17,0.2411711495,upper,13,22
1.84,1.17,0.2410949895,upper,13,23
1.92,1.17,0.2410233095,upper,13,24
2.0,1.17,0.2409561095,upper,13,25
2.08,1.17,0.2408933895,upper,13,26
2.16,1.17,0.24083514949999998,upper,13,27
2.24,1.17,0.2407813895,upper,13,28
2.32,1.17,0.24073210949999999,upper,13,29
2.4,1.17,0.2406873095,upper,13,30
2.48,1.17,0.2406469895,upper,13,31
2.56,1.17,0.24061114949999998,upper,13,32
2.64,1.17,0.2405797895,upper,13,33
2.72,1.17,0.2405529095,upper,13,34
2.8000000000000003,1.17,0.2405305095,upper,13,35
2.88,1.17,0.24051258949999998,upper,13,36
2.96,1.17,0.24049914949999998,upper,13,37
3.04,1.17,0.2404901895,upper,13,38
3.12,1.17,0.2404857095,upper,13,39
3.2,1.17,0.2404857095,upper,13,40
3.2800000000000002,1.17,0.2404901895,upper,13,41
3.36,1.17,0.24049914949999998,upper,13,42
3.44,1.17,0.24051258949999998,upper,13,43
3.52,1.17,0.2405305095,upper,13,44
3.6,1.17,0.2405529095,upper,13,45
3.68,1.17,0.2405797895,upper,13,46
3.7600000000000002,1.17,0.24061114949999998,upper,13,47
3.84,1.17,0.2406469895,upper,13,48
3.92,1.17,0.2406873095,upper,13,49
4.0,1.17,0.24073210949999999,upper,13,50
4.08,1.17,0.2407813895,upper,13,51
4.16,1.17,0.24083514949999998,upper,13,52
4.24,1.17,0.2408933895,upper,13,53
4.32,1.17,0.2409561095,upper,13,54
4.4,1.17,0.2410233095,upper,13,55
4.48,1.17,0.2410949895,upper,13,56
4.5600000000000005,1.17,0.2411711495,upper,13,57
4.64,1.17,0.2412517895,upper,13,58
4.72,1.17,0.2413369095,upper,13,59
4.8,1.17,0.2414265095,upper,13,60
4.88,1.17,0.2415205895,upper,13,61
4.96,1.17,0.2416191495,upper,13,62
5.04,1.17,0.2417221895,upper,13,63
5.12,1.17,0.2418297095,upper,13,64
5.2,1.17,0.2419417095,upper,13,65
5.28,1.17,0.2920581895,upper,13,66
5.36,1.17,0.2921791495,upper,13,67
5.44,1.17,0.2923045895,upper,13,68
5.5200000000000005,1.17,0.2924345095,upper,13,69
5.6000000000000005,1.17,0.2925689095,upper,13,70
5.68,1.17,0.2927077895,upper,13,71
5.76,1.17,0.2928511495,upper,13,72
5.84,1.17,0.2929989895,upper,13,73
5.92,1.17,0.2931513095,upper,13,74
6.0,1.17,0.2933081095,upper,13,75
6.08,1.17,0.2934693895,upper,13,76
6.16,1.17,0.29363514949999997,upper,13,77
6.24,1.17,0.2938053895,upper,13,78
6.32,1.17,0.2939801095,upper,13,79
0.0,1.26,0.24392308549999997,upper,14,0
0.08,1.26,0.24374836549999998,upper,14,1
0.16,1.26,0.24357812549999996,upper,14,2
0.24,1.26,0.24341236549999998,upper,14,3
0.32,1.26,0.2432510855,upper,14,4
0.4,1.26,0.24309428549999998,upper,14,5
0.48,1.26,0.24294196549999997,upper,14,6
0.56,1.26,0.24279412549999999,upper,14,7
0.64,1.26,0.24265076549999998,upper,14,8
0.72,1.26,0.24251188549999997,upper,14,9
0.8,1.26,0.2423774855,upper,14,10
0.88,1.26,0.24224756549999998,upper,14,11
0.96,1.26,0.24212212549999998,upper,14,12
1.04,1.26,0.24200116549999998,upper,14,13
1.12,1.26,0.24188468549999997,upper,14,14
1.2,1.26,0.24177268549999997,upper,14,15
1.28,1.26,0.24166516549999997,upper,14,16
1.36,1.26,0.24156212549999997,upper,14,17
1.44,1.26,0.24146356549999998,upper,14,18
1.52,1.26,0.24136948549999998,upper,14,19
1.6,1.26,0.24127988549999999,upper,14,20
1.68,1.26,0.2411947655,upper,14,21
1.76,1.26,0.24111412549999997,upper,14,22
1.84,1.26,0.24103796549999998,upper,14,23
1.92,1.26,0.2409662855,upper,14,24
2.0,1.26,0.24089908549999997,upper,14,25
2.08,1.26,0.24083636549999998,upper,14,26
2.16,1.26,0.24077812549999997,upper,14,27
2.24,1.26,0.24072436549999998,upper,14,28
2.32,1.26,0.24067508549999997,upper,14,29
2.4,1.26,0.24063028549999999,upper,14,30
2.48,1.26,0.24058996549999997,upper,14,31
2.56,1.26,0.24055412549999997,upper,14,32
2.64,1.26,0.24052276549999999,upper,14,33
2.72,1.26,0.24049588549999998,upper,14,34
2.8000000000000003,1.26,0.24047348549999997,upper,14,35
2.88,1.26,0.24045556549999997,upper,14,36
2.96,1.26,0.24044212549999996,upper,14,37
3.04,1.26,0.2404331655,upper,14,38
3.12,1.26,0.2404286855,upper,14,39
3.2,1.26,0.2404286855,upper,14,40
3.2800000000000002,1.26,0.2404331655,upper,14,41
3.36,1.26,0.24044212549999996,upper,14,42
3.44,1.26,0.24045556549999997,upper,14,43
3.52,1.26,0.24047348549999997,upper,14,44
3.6,1.26,0.24049588549999998,upper,14,45
3.68,1.26,0.24052276549999999,upper,14,46
3.7600000000000002,1.26,0.24055412549999997,upper,14,47
3.84,1.26,0.24058996549999997,upper,14,48
3.92,1.26,0.24063028549999999,upper,14,49
4.0,1.26,0.24067508549999997,upper,14,50
4.08,1.26,0.24072436549999998,upper,14,51
4.16,1.26,0.24077812549999997,upper,14,52
4.24,1.26,0.24083636549999998,upper,14,53
4.32,1.26,0.24089908549999997,upper,14,54
4.4,1.26,0.2409662855,upper,14,55
4.48,1.26,0.24103796549999998,upper,14,56
4.5600000000000005,1.26,0.24111412549999997,upper,14,57
4.64,1.26,0.2411947655,upper,14,58
4.72,1.26,0.24127988549999999,upper,14,59
4.8,1.26,0.24136948549999998,upper,14,60
4.88,1.26,0.24146356549999998,upper,14,61
4.96,1.26,0.24156212549999997,upper,14,62
5.04,1.26,0.24166516549999997,upper,14,63
5.12,1.26,0.24177268549999997,upper,14,64
5.2,1.26,0.24188468549999997,upper,14,65
5.28,1.26,0.2920011655,upper,14,66
5.36,1.26,0.2921221255,upper,14,67
5.44,1.26,0.2922475655,upper,14,68
5.5200000000000005,1.26,0.2923774855,upper,14,69
5.6000000000000005,1.26,0.29251188549999996,upper,14,70
5.68,1.26,0.29265076549999997,upper,14,71
5.76,1.26,0.2927941255,upper,14,72
5.84,1.26,0.29294196549999996,upper,14,73
5.92,1.26,0.2930942855,upper,14,74
6.0,1.26,0.2932510855,upper,14,75
6.08,1.26,0.2934123655,upper,14,76
6.16,1.26,0.29357812549999995,upper,14,77
6.24,1.26,0.2937483655,upper,14,78
6.32,1.26,0.29392308549999996,upper,14,79
0.0,1.3499999999999999,0.2438696255,upper,15,0
0.08,1.3499999999999999,0.2436949055,upper,15,1
0.16,1.3499999999999999,0.2435246655,upper,15,2
0.24,1.3499999999999999,0.2433589055,upper,15,3
0.32,1.3499999999999999,0.24319762550000001,upper,15,4
0.4,1.3499999999999999,0.2430408255,upper,15,5
0.48,1.3499999999999999,0.2428885055,upper,15,6
0.56,1.3499999999999999,0.2427406655,upper,15,7
0.64,1.3499999999999999,0.2425973055,upper,15,8
0.72,1.3499999999999999,0.2424584255,upper,15,9
0.8,1.3499999999999999,0.2423240255,upper,15,10
0.88,1.3499999999999999,0.2421941055,upper,15,11
0.96,1.3499999999999999,0.2420686655,upper,15,12
1.04,1.3499999999999999,0.2419477055,upper,15,13
1.12,1.3499999999999999,0.2418312255,upper,15,14
1.2,1.3499999999999999,0.2417192255,upper,15,15
1.28,1.3499999999999999,0.2416117055,upper,15,16
1.36,1.3499999999999999,0.2415086655,upper,15,17
1.44,1.3499999999999999,0.2414101055,upper,15,18
1.52,1.3499999999999999,0.2413160255,upper,15,19
1.6,1.3499999999999999,0.2412264255,upper,15,20
1.68,1.3499999999999999,0.2411413055,upper,15,21
1.76,1.3499999999999999,0.2410606655,upper,15,22
1.84,1.3499999999999999,0.2409845055,upper,15,23
1.92,1.3499999999999999,0.2409128255,upper,15,24
2.0,1.3499999999999999,0.2408456255,upper,15,25
2.08,1.3499999999999999,0.2407829055,upper,15,26
2.16,1.3499999999999999,0.2407246655,upper,15,27
2.24,1.3499999999999999,0.2406709055,upper,15,28
2.32,1.3499999999999999,0.2406216255,upper,15,29
2.4,1.3499999999999999,0.2405768255,upper,15,30
2.48,1.3499999999999999,0.2405365055,upper,15,31
2.56,1.3499999999999999,0.2405006655,upper,15,32
2.64,1.3499999999999999,0.2404693055,upper,15,33
2.72,1.3499999999999999,0.2404424255,upper,15,34
2.8000000000000003,1.3499999999999999,0.2404200255,upper,15,35
2.88,1.3499999999999999,0.2404021055,upper,15,36
2.96,1.3499999999999999,0.2403886655,upper,15,37
3.04,1.3499999999999999,0.2403797055,upper,15,38
3.12,1.3499999999999999,0.2403752255,upper,15,39
3.2,1.3499999999999999,0.2403752255,upper,15,40
3.2800000000000002,1.3499999999999999,0.2403797055,upper,15,41
3.36,1.3499999999999999,0.2403886655,upper,15,42
3.44,1.3499999999999999,0.2404021055,upper,15,43
3.52,1.3499999999999999,0.2404200255,upper,15,44
3.6,1.3499999999999999,0.2404424255,upper,15,45
3.68,1.3499999999999999,0.2404693055,upper,15,46
3.7600000000000002,1.3499999999999999,0.2405006655,upper,15,47
3.84,1.3499999999999999,0.2405365055,upper,15,48
3.92,1.3499999999999999,0.2405768255,upper,15,49
4.0,1.3499999999999999,0.2406216255,upper,15,50
4.08,1.3499999999999999,0.2406709055,upper,15,51
4.16,1.3499999999999999,0.2407246655,upper,15,52
4.24,1.3499999999999999,0.2407829055,upper,15,53
4.32,1.3499999999999999,0.2408456255,upper,15,54
4.4,1.3499999999999999,0.2409128255,upper,15,55
4.48,1.3499999999999999,0.2409845055,upper,15,56
4.5600000000000005,1.3499999999999999,0.2410606655,upper,15,57
4.64,1.3499999999999999,0.2411413055,upper,15,58
4.72,1.3499999999999999,0.2412264255,upper,15,59
4.8,1.3499999999999999,0.2413160255,upper,15,60
4.88,1.3499999999999999,0.2414101055,upper,15,61
4.96,1.3499999999999999,0.2415086655,upper,15,62
5.04,1.3499999999999999,0.2416117055,upper,15,63
5.12,1.3499999999999999,0.2417192255,upper,15,64
5.2,1.3499999999999999,0.2418312255,upper,15,65
5.28,1.3499999999999999,0.2919477055,upper,15,66
5.36,1.3499999999999999,0.2920686655,upper,15,67
5.44,1.3499999999999999,0.2921941055,upper,15,68
5.5200000000000005,1.3499999999999999,0.29232402550000003,upper,15,69
5.6000000000000005,1.3499999999999999,0.2924584255,upper,15,70
5.68,1.3499999999999999,0.2925973055,upper,15,71
5.76,1.3499999999999999,0.2927406655,upper,15,72
5.84,1.3499999999999999,0.2928885055,upper,15,73
5.92,1.3499999999999999,0.2930408255,upper,15,74
6.0,1.3499999999999999,0.2931976255,upper,15,75
6.08,1.3499999999999999,0.2933589055,upper,15,76
6.16,1.3499999999999999,0.2935246655,upper,15,77
6.24,1.3499999999999999,0.2936949055,upper,15,78
6.32,1.3499999999999999,0.2938696255,upper,15,79
0.0,1.44,0.24381972949999997,upper,16,0
0.08,1.44,0.24364500949999998,upper,16,1
0.16,1.44,0.24347476949999997,upper,16,2
0.24,1.44,0.24330900949999998,upper,16,3
0.32,1.44,0.2431477295,upper,16,4
0.4,1.44,0.24299092949999998,upper,16,5
0.48,1.44,0.24283860949999997,upper,16,6
0.56,1.44,0.2426907695,upper,16,7
0.64,1.44,0.24254740949999998,upper,16,8
0.72,1.44,0.24240852949999997,upper,16,9
0.8,1.44,0.2422741295,upper,16,10
0.88,1.44,0.24214420949999999,upper,16,11
0.96,1.44,0.24201876949999998,upper,16,12
1.04,1.44,0.24189780949999998,upper,16,13
1.12,1.44,0.24178132949999998,upper,16,14
1.2,1.44,0.24166932949999997,upper,16,15
1.28,1.44,0.24156180949999997,upper,16,16
1.36,1.44,0.24145876949999998,upper,16,17
1.44,1.44,0.24136020949999998,upper,16,18
1.52,1.44,0.24126612949999998,upper,16,19
1.6,1.44,0.2411765295,upper,16,20
1.68,1.44,0.2410914095,upper,16,21
1.76,1.44,0.24101076949999997,upper,16,22
1.84,1.44,0.24093460949999998,upper,16,23
1.92,1.44,0.2408629295,upper,16,24
2.0,1.44,0.24079572949999997,upper,16,25
2.08,1.44,0.24073300949999998,upper,16,26
2.16,1.44,0.24067476949999997,upper,16,27
2.24,1.44,0.24062100949999998,upper,16,28
2.32,1.44,0.24057172949999997,upper,16,29
2.4,1.44,0.2405269295,upper,16,30
2.48,1.44,0.24048660949999998,upper,16,31
2.56,1.44,0.24045076949999997,upper,16,32
2.64,1.44,0.2404194095,upper,16,33
2.72,1.44,0.24039252949999998,upper,16,34
2.8000000000000003,1.44,0.24037012949999997,upper,16,35
2.88,1.44,0.24035220949999997,upper,16,36
2.96,1.44,0.24033876949999997,upper,16,37
3.04,1.44,0.2403298095,upper,16,38
3.12,1.44,0.2403253295,upper,16,39
3.2,1.44,0.2403253295,upper,16,40
3.2800000000000002,1.44,0.2403298095,upper,16,41
3.36,1.44,0.24033876949999997,upper,16,42
3.44,1.44,0.24035220949999997,upper,16,43
3.52,1.44,0.24037012949999997,upper,16,44
3.6,1.44,0.24039252949999998,upper,16,45
3.68,1.44,0.2404194095,upper,16,46
3.7600000000000002,1.44,0.24045076949999997,upper,16,47
3.84,1.44,0.24048660949999998,upper,16,48
3.92,1.44,0.2405269295,upper,16,49
4.0,1.44,0.24057172949999997,upper,16,50
4.08,1.44,0.24062100949999998,upper,16,51
4.16,1.44,0.24067476949999997,upper,16,52
4.24,1.44,0.24073300949999998,upper,16,53
4.32,1.44,0.24079572949999997,upper,16,54
4.4,1.44,0.2408629295,upper,16,55
4.48,1.44,0.24093460949999998,upper,16,56
4.5600000000000005,1.44,0.24101076949999997,upper,16,57
4.64,1.44,0.2410914095,upper,16,58
4.72,1.44,0.2411765295,upper,16,59
4.8,1.44,0.24126612949999998,upper,16,60
4.88,1.44,0.24136020949999998,upper,16,61
4.96,1.44,0.24145876949999998,upper,16,62
5.04,1.44,0.24156180949999997,upper,16,63
5.12,1.44,0.24166932949999997,upper,16,64
5.2,1.44,0.24178132949999998,upper,16,65
5.28,1.44,0.2918978095,upper,16,66
5.36,1.44,0.2920187695,upper,16,67
5.44,1.44,0.2921442095,upper,16,68
5.5200000000000005,1.44,0.2922741295,upper,16,69
5.6000000000000005,1.44,0.29240852949999996,upper,16,70
5.68,1.44,0.29254740949999997,upper,16,71
5.76,1.44,0.2926907695,upper,16,72
5.84,1.44,0.29283860949999996,upper,16,73
5.92,1.44,0.2929909295,upper,16,74
6.0,1.44,0.2931477295,upper,16,75
6.08,1.44,0.2933090095,upper,16,76
6.16,1.44,0.29347476949999995,upper,16,77
6.24,1.44,0.2936450095,upper,16,78
6.32,1.44,0.29381972949999996,upper,16,79
0.0,1.53,0.2437733975,upper,17,0
0.08,1.53,0.2435986775,upper,17,1
0.16,1.53,0.24342843749999998,upper,17,2
0.24,1.53,0.2432626775,upper,17,3
0.32,1.53,0.2431013975,upper,17,4
0.4,1.53,0.2429445975,upper,17,5
0.48,1.53,0.2427922775,upper,17,6
0.56,1.53,0.2426444375,upper,17,7
0.64,1.53,0.2425010775,upper,17,8
0.72,1.53,0.2423621975,upper,17,9
0.8,1.53,0.2422277975,upper,17,10
0.88,1.53,0.2420978775,upper,17,11
0.96,1.53,0.2419724375,upper,17,12
1.04,1.53,0.2418514775,upper,17,13
1.12,1.53,0.2417349975,upper,17,14
1.2,1.53,0.2416229975,upper,17,15
1.28,1.53,0.2415154775,upper,17,16
1.36,1.53,0.2414124375,upper,17,17
1.44,1.53,0.2413138775,upper,17,18
1.52,1.53,0.2412197975,upper,17,19
1.6,1.53,0.2411301975,upper,17,20
1.68,1.53,0.2410450775,upper,17,21
1.76,1.53,0.2409644375,upper,17,22
1.84,1.53,0.2408882775,upper,17,23
1.92,1.53,0.2408165975,upper,17,24
2.0,1.53,0.2407493975,upper,17,25
2.08,1.53,0.2406866775,upper,17,26
2.16,1.53,0.2406284375,upper,17,27
2.24,1.53,0.2405746775,upper,17,28
2.32,1.53,0.2405253975,upper,17,29
2.4,1.53,0.2404805975,upper,17,30
2.48,1.53,0.2404402775,upper,17,31
2.56,1.53,0.24040443749999998,upper,17,32
2.64,1.53,0.2403730775,upper,17,33
2.72,1.53,0.2403461975,upper,17,34
2.8000000000000003,1.53,0.2403237975,upper,17,35
2.88,1.53,0.2403058775,upper,17,36
2.96,1.53,0.24029243749999998,upper,17,37
3.04,1.53,0.2402834775,upper,17,38
3.12,1.53,0.2402789975,upper,17,39
3.2,1.53,0.2402789975,upper,17,40
3.2800000000000002,1.53,0.2402834775,upper,17,41
3.36,1.53,0.24029243749999998,upper,17,42
3.44,1.53,0.2403058775,upper,17,43
3.52,1.53,0.2403237975,upper,17,44
3.6,1.53,0.2403461975,upper,17,45
3.68,1.53,0.2403730775,upper,17,46
3.7600000000000002,1.53,0.24040443749999998,upper,17,47
3.84,1.53,0.2404402775,upper,17,48
3.92,1.53,0.2404805975,upper,17,49
4.0,1.53,0.2405253975,upper,17,50
4.08,1.53,0.2405746775,upper,17,51
4.16,1.53,0.2406284375,upper,17,52
4.24,1.53,0.2406866775,upper,17,53
4.32,1.53,0.2407493975,upper,17,54
4.4,1.53,0.2408165975,upper,17,55
4.48,1.53,0.2408882775,upper,17,56
4.5600000000000005,1.53,0.2409644375,upper,17,57
4.64,1.53,0.2410450775,upper,17,58
4.72,1.53,0.2411301975,upper,17,59
4.8,1.53,0.2412197975,upper,17,60
4.88,1.53,0.2413138775,upper,17,61
4.96,1.53,0.2414124375,upper,17,62
5.04,1.53,0.2415154775,upper,17,63
5.12,1.53,0.2416229975,upper,17,64
5.2,1.53,0.2417349975,upper,17,65
5.28,1.53,0.2918514775,upper,17,66
5.36,1.53,0.2919724375,upper,17,67
5.44,1.53,0.2920978775,upper,17,68
5.5200000000000005,1.53,0.2922277975,upper,17,69
5.6000000000000005,1.53,0.2923621975,upper,17,70
5.68,1.53,0.2925010775,upper,17,71
5.76,1.53,0.2926444375,upper,17,72
5.84,1.53,0.2927922775,upper,17,73
5.92,1.53,0.2929445975,upper,17,74
6.0,1.53,0.2931013975,upper,17,75
6.08,1.53,0.2932626775,upper,17,76
6.16,1.53,0.2934284375,upper,17,77
6.24,1.53,0.2935986775,upper,17,78
6.32,1.53,0.2937733975,upper,17,79
0.0,1.6199999999999999,0.2437306295,upper,18,0
0.08,1.6199999999999999,0.2435559095,upper,18,1
0.16,1.6199999999999999,0.24338566949999998,upper,18,2
0.24,1.6199999999999999,0.2432199095,upper,18,3
0.32,1.6199999999999999,0.2430586295,upper,18,4
0.4,1.6199999999999999,0.2429018295,upper,18,5
0.48,1.6199999999999999,0.2427495095,upper,18,6
0.56,1.6199999999999999,0.2426016695,upper,18,7
0.64,1.6199999999999999,0.2424583095,upper,18,8
0.72,1.6199999999999999,0.2423194295,upper,18,9
0.8,1.6199999999999999,0.2421850295,upper,18,10
0.88,1.6199999999999999,0.2420551095,upper,18,11
0.96,1.6199999999999999,0.2419296695,upper,18,12
1.04,1.6199999999999999,0.2418087095,upper,18,13
1.12,1.6199999999999999,0.2416922295,upper,18,14
1.2,1.6199999999999999,0.2415802295,upper,18,15
1.28,1.6199999999999999,0.2414727095,upper,18,16
1.36,1.6199999999999999,0.2413696695,upper,18,17
1.44,1.6199999999999999,0.2412711095,upper,18,18
1.52,1.6199999999999999,0.2411770295,upper,18,19
1.6,1.6199999999999999,0.2410874295,upper,18,20
1.68,1.6199999999999999,0.2410023095,upper,18,21
1.76,1.6199999999999999,0.2409216695,upper,18,22
1.84,1.6199999999999999,0.2408455095,upper,18,23
1.92,1.6199999999999999,0.2407738295,upper,18,24
2.0,1.6199999999999999,0.2407066295,upper,18,25
2.08,1.6199999999999999,0.2406439095,upper,18,26
2.16,1.6199999999999999,0.2405856695,upper,18,27
2.24,1.6199999999999999,0.2405319095,upper,18,28
2.32,1.6199999999999999,0.2404826295,upper,18,29
2.4,1.6199999999999999,0.2404378295,upper,18,30
2.48,1.6199999999999999,0.2403975095,upper,18,31
2.56,1.6199999999999999,0.24036166949999999,upper,18,32
2.64,1.6199999999999999,0.2403303095,upper,18,33
2.72,1.6199999999999999,0.2403034295,upper,18,34
2.8000000000000003,1.6199999999999999,0.2402810295,upper,18,35
2.88,1.6199999999999999,0.2402631095,upper,18,36
2.96,1.6199999999999999,0.24024966949999998,upper,18,37
3.04,1.6199999999999999,0.2402407095,upper,18,38
3.12,1.6199999999999999,0.2402362295,upper,18,39
3.2,1.6199999999999999,0.2402362295,upper,18,40
3.2800000000000002,1.6199999999999999,0.2402407095,upper,18,41
3.36,1.6199999999999999,0.24024966949999998,upper,18,42
3.44,1.6199999999999999,0.2402631095,upper,18,43
3.52,1.6199999999999999,0.2402810295,upper,18,44
3.6,1.6199999999999999,0.2403034295,upper,18,45
3.68,1.6199999999999999,0.2403303095,upper,18,46
3.7600000000000002,1.6199999999999999,0.24036166949999999,upper,18,47
3.84,1.6199999999999999,0.2403975095,upper,18,48
3.92,1.6199999999999999,0.2404378295,upper,18,49
4.0,1.6199999999999999,0.2404826295,upper,18,50
4.08,1.6199999999999999,0.2405319095,upper,18,51
4.16,1.6199999999999999,0.2405856695,upper,18,52
4.24,1.6199999999999999,0.2406439095,upper,18,53
4.32,1.6199999999999999,0.2407066295,upper,18,54
4.4,1.6199999999999999,0.2407738295,upper,18,55
4.48,1.6199999999999999,0.2408455095,upper,18,56
4.5600000000000005,1.6199999999999999,0.2409216695,upper,18,57
4.64,1.6199999999999999,0.2410023095,upper,18,58
4.72,1.6199999999999999,0.2410874295,upper,18,59
4.8,1.6199999999999999,0.2411770295,upper,18,60
4.88,1.6199999999999999,0.2412711095,upper,18,61
4.96,1.6199999999999999,0.2413696695,upper,18,62
5.04,1.6199999999999999,0.2414727095,upper,18,63
5.12,1.6199999999999999,0.2415802295,upper,18,64
5.2,1.6199999999999999,0.2416922295,upper,18,65
5.28,1.6199999999999999,0.2918087095,upper,18,66
5.36,1.6199999999999999,0.2919296695,upper,18,67
5.44,1.6199999999999999,0.2920551095,upper,18,68
5.5200000000000005,1.6199999999999999,0.2921850295,upper,18,69
5.6000000000000005,1.6199999999999999,0.2923194295,upper,18,70
5.68,1.6199999999999999,0.2924583095,upper,18,71
5.76,1.6199999999999999,0.2926016695,upper,18,72
5.84,1.6199999999999999,0.2927495095,upper,18,73
5.92,1.6199999999999999,0.2929018295,upper,18,74
6.0,1.6199999999999999,0.2930586295,upper,18,75
6.08,1.6199999999999999,0.2932199095,upper,18,76
6.16,1.6199999999999999,0.2933856695,upper,18,77
6.24,1.6199999999999999,0.2935559095,upper,18,78
6.32,1.6199999999999999,0.2937306295,upper,18,79
0.0,1.71,0.24369142549999998,upper,19,0
0.08,1.71,0.24351670549999999,upper,19,1
0.16,1.71,0.24334646549999997,upper,19,2
0.24,1.71,0.24318070549999998,upper,19,3
0.32,1.71,0.2430194255,upper,19,4
0.4,1.71,0.24286262549999998,upper,19,5
0.48,1.71,0.24271030549999997,upper,19,6
0.56,1.71,0.2425624655,upper,19,7
0.64,1.71,0.24241910549999998,upper,19,8
0.72,1.71,0.24228022549999997,upper,19,9
0.8,1.71,0.2421458255,upper,19,10
0.88,1.71,0.2420159055,upper,19,11
0.96,1.71,0.24189046549999998,upper,19,12
1.04,1.71,0.24176950549999998,upper,19,13
1.12,1.71,0.24165302549999998,upper,19,14
1.2,1.71,0.24154102549999998,upper,19,15
1.28,1.71,0.24143350549999998,upper,19,16
1.36,1.71,0.24133046549999998,upper,19,17
1.44,1.71,0.24123190549999998,upper,19,18
1.52,1.71,0.24113782549999999,upper,19,19
1.6,1.71,0.2410482255,upper,19,20
1.68,1.71,0.2409631055,upper,19,21
1.76,1.71,0.24088246549999998,upper,19,22
1.84,1.71,0.24080630549999998,upper,19,23
1.92,1.71,0.2407346255,upper,19,24
2.0,1.71,0.24066742549999998,upper,19,25
2.08,1.71,0.2406047055,upper,19,26
2.16,1.71,0.24054646549999997,upper,19,27
2.24,1.71,0.2404927055,upper,19,28
2.32,1.71,0.24044342549999997,upper,19,29
2.4,1.71,0.2403986255,upper,19,30
2.48,1.71,0.24035830549999998,upper,19,31
2.56,1.71,0.24032246549999997,upper,19,32
2.64,1.71,0.2402911055,upper,19,33
2.72,1.71,0.24026422549999998,upper,19,34
2.8000000000000003,1.71,0.24024182549999998,upper,19,35
2.88,1.71,0.24022390549999997,upper,19,36
2.96,1.71,0.24021046549999997,upper,19,37
3.04,1.71,0.2402015055,upper,19,38
3.12,1.71,0.2401970255,upper,19,39
3.2,1.71,0.2401970255,upper,19,40
3.2800000000000002,1.71,0.2402015055,upper,19,41
3.36,1.71,0.24021046549999997,upper,19,42
3.44,1.71,0.24022390549999997,upper,19,43
3.52,1.71,0.24024182549999998,upper,19,44
3.6,1.71,0.24026422549999998,upper,19,45
3.68,1.71,0.2402911055,upper,19,46
3.7600000000000002,1.71,0.24032246549999997,upper,19,47
3.84,1.71,0.24035830549999998,upper,19,48
3.92,1.71,0.2403986255,upper,19,49
4.0,1.71,0.24044342549999997,upper,19,50
4.08,1.71,0.2404927055,upper,19,51
4.16,1.71,0.24054646549999997,upper,19,52
4.24,1.71,0.2406047055,upper,19,53
4.32,1.71,0.24066742549999998,upper,19,54
4.4,1.71,0.2407346255,upper,19,55
4.48,1.71,0.24080630549999998,upper,19,56
4.5600000000000005,1.71,0.24088246549999998,upper,19,57
4.64,1.71,0.2409631055,upper,19,58
4.72,1.71,0.2410482255,upper,19,59
4.8,1.71,0.24113782549999999,upper,19,60
4.88,1.71,0.24123190549999998,upper,19,61
4.96,1.71,0.24133046549999998,upper,19,62
5.04,1.71,0.24143350549999998,upper,19,63
5.12,1.71,0.24154102549999998,upper,19,64
5.2,1.71,0.24165302549999998,upper,19,65
5.28,1.71,0.29176950549999997,upper,19,66
5.36,1.71,0.2918904655,upper,19,67
5.44,1.71,0.2920159055,upper,19,68
5.5200000000000005,1.71,0.2921458255,upper,19,69
5.6000000000000005,1.71,0.2922802255,upper,19,70
5.68,1.71,0.2924191055,upper,19,71
5.76,1.71,0.2925624655,upper,19,72
5.84,1.71,0.2927103055,upper,19,73
5.92,1.71,0.2928626255,upper,19,74
6.0,1.71,0.2930194255,upper,19,75
6.08,1.71,0.29318070549999997,upper,19,76
6.16,1.71,0.2933464655,upper,19,77
6.24,1.71,0.2935167055,upper,19,78
6.32,1.71,0.2936914255,upper,19,79
0.0,1.7999999999999998,0.24365578549999997,upper,20,0
0.08,1.7999999999999998,0.24348106549999998,upper,20,1
0.16,1.7999999999999998,0.24331082549999997,upper,20,2
0.24,1.7999999999999998,0.24314506549999998,upper,20,3
0.32,1.7999999999999998,0.2429837855,upper,20,4
0.4,1.7999999999999998,0.24282698549999998,upper,20,5
0.48,1.7999999999999998,0.24267466549999997,upper,20,6
0.56,1.7999999999999998,0.2425268255,upper,20,7
0.64,1.7999999999999998,0.24238346549999998,upper,20,8
0.72,1.7999999999999998,0.24224458549999997,upper,20,9
0.8,1.7999999999999998,0.2421101855,upper,20,10
0.88,1.7999999999999998,0.24198026549999999,upper,20,11
0.96,1.7999999999999998,0.24185482549999998,upper,20,12
1.04,1.7999999999999998,0.24173386549999998,upper,20,13
1.12,1.7999999999999998,0.24161738549999998,upper,20,14
1.2,1.7999999999999998,0.24150538549999997,upper,20,15
1.28,1.7999999999999998,0.24139786549999998,upper,20,16
1.36,1.7999999999999998,0.24129482549999998,upper,20,17
1.44,1.7999999999999998,0.24119626549999998,upper,20,18
1.52,1.7999999999999998,0.24110218549999998,upper,20,19
1.6,1.7999999999999998,0.2410125855,upper,20,20
1.68,1.7999999999999998,0.2409274655,upper,20,21
1.76,1.7999999999999998,0.24084682549999997,upper,20,22
1.84,1.7999999999999998,0.24077066549999998,upper,20,23
1.92,1.7999999999999998,0.2406989855,upper,20,24
2.0,1.7999999999999998,0.24063178549999997,upper,20,25
2.08,1.7999999999999998,0.24056906549999998,upper,20,26
2.16,1.7999999999999998,0.24051082549999997,upper,20,27
2.24,1.7999999999999998,0.24045706549999998,upper,20,28
2.32,1.7999999999999998,0.24040778549999997,upper,20,29
2.4,1.7999999999999998,0.2403629855,upper,20,30
2.48,1.7999999999999998,0.24032266549999998,upper,20,31
2.56,1.7999999999999998,0.24028682549999997,upper,20,32
2.64,1.7999999999999998,0.2402554655,upper,20,33
2.72,1.7999999999999998,0.24022858549999998,upper,20,34
2.8000000000000003,1.7999999999999998,0.24020618549999997,upper,20,35
2.88,1.7999999999999998,0.24018826549999997,upper,20,36
2.96,1.7999999999999998,0.24017482549999997,upper,20,37
3.04,1.7999999999999998,0.2401658655,upper,20,38
3.12,1.7999999999999998,0.2401613855,upper,20,39
3.2,1.7999999999999998,0.2401613855,upper,20,40
3.2800000000000002,1.7999999999999998,0.2401658655,upper,20,41
3.36,1.7999999999999998,0.24017482549999997,upper,20,42
3.44,1.7999999999999998,0.24018826549999997,upper,20,43
3.52,1.7999999999999998,0.24020618549999997,upper,20,44
3.6,1.7999999999999998,0.24022858549999998,upper,20,45
3.68,1.7999999999999998,0.2402554655,upper,20,46
3.7600000000000002,1.7999999999999998,0.24028682549999997,upper,20,47
3.84,1.7999999999999998,0.24032266549999998,upper,20,48
3.92,1.7999999999999998,0.2403629855,upper,20,49
4.0,1.7999999999999998,0.24040778549999997,upper,20,50
4.08,1.7999999999999998,0.24045706549999998,upper,20,51
4.16,1.7999999999999998,0.24051082549999997,upper,20,52
4.24,1.7999999999999998,0.24056906549999998,upper,20,53
4.32,1.7999999999999998,0.24063178549999997,upper,20,54
4.4,1.7999999999999998,0.2406989855,upper,20,55
4.48,1.7999999999999998,0.24077066549999998,upper,20,56
4.5600000000000005,1.7999999999999998,0.24084682549999997,upper,20,57
4.64,1.7999999999999998,0.2409274655,upper,20,58
4.72,1.7999999999999998,0.2410125855,upper,20,59
4.8,1.7999999999999998,0.24110218549999998,upper,20,60
4.88,1.7999999999999998,0.24119626549999998,upper,20,61
4.96,1.7999999999999998,0.24129482549999998,upper,20,62
5.04,1.7999999999999998,0.24139786549999998,upper,20,63
5.12,1.7999999999999998,0.24150538549999997,upper,20,64
5.2,1.7999999999999998,0.24161738549999998,upper,20,65
5.28,1.7999999999999998,0.29173386549999997,upper,20,66
5.36,1.7999999999999998,0.29185482549999997,upper,20,67
5.44,1.7999999999999998,0.2919802655,upper,20,68
5.5200000000000005,1.7999999999999998,0.2921101855,upper,20,69
5.6000000000000005,1.7999999999999998,0.2922445855,upper,20,70
5.68,1.7999999999999998,0.2923834655,upper,20,71
5.76,1.7999999999999998,0.2925268255,upper,20,72
5.84,1.7999999999999998,0.2926746655,upper,20,73
5.92,1.7999999999999998,0.29282698549999997,upper,20,74
6.0,1.7999999999999998,0.2929837855,upper,20,75
6.08,1.7999999999999998,0.29314506549999997,upper,20,76
6.16,1.7999999999999998,0.2933108255,upper,20,77
6.24,1.7999999999999998,0.29348106549999997,upper,20,78
6.32,1.7999999999999998,0.2936557855,upper,20,79
0.0,1.89,0.24362370949999998,upper,21,0
0.08,1.89,0.2434489895,upper,21,1
0.16,1.89,0.24327874949999997,upper,21,2
0.24,1.89,0.2431129895,upper,21,3
0.32,1.89,0.2429517095,upper,21,4
0.4,1.89,0.2427949095,upper,21,5
0.48,1.89,0.24264258949999998,upper,21,6
0.56,1.89,0.2424947495,upper,21,7
0.64,1.89,0.2423513895,upper,21,8
0.72,1.89,0.24221250949999998,upper,21,9
0.8,1.89,0.2420781095,upper,21,10
0.88,1.89,0.2419481895,upper,21,11
0.96,1.89,0.2418227495,upper,21,12
1.04,1.89,0.24170178949999999,upper,21,13
1.12,1.89,0.24158530949999998,upper,21,14
1.2,1.89,0.24147330949999998,upper,21,15
1.28,1.89,0.24136578949999998,upper,21,16
1.36,1.89,0.24126274949999998,upper,21,17
1.44,1.89,0.2411641895,upper,21,18
1.52,1.89,0.2410701095,upper,21,19
1.6,1.89,0.2409805095,upper,21,20
1.68,1.89,0.2408953895,upper,21,21
1.76,1.89,0.24081474949999998,upper,21,22
1.84,1.89,0.2407385895,upper,21,23
1.92,1.89,0.2406669095,upper,21,24
2.0,1.89,0.24059970949999998,upper,21,25
2.08,1.89,0.2405369895,upper,21,26
2.16,1.89,0.24047874949999998,upper,21,27
2.24,1.89,0.2404249895,upper,21,28
2.32,1.89,0.24037570949999998,upper,21,29
2.4,1.89,0.2403309095,upper,21,30
2.48,1.89,0.24029058949999998,upper,21,31
2.56,1.89,0.24025474949999998,upper,21,32
2.64,1.89,0.2402233895,upper,21,33
2.72,1.89,0.2401965095,upper,21,34
2.8000000000000003,1.89,0.24017410949999998,upper,21,35
2.88,1.89,0.24015618949999998,upper,21,36
2.96,1.89,0.24014274949999997,upper,21,37
3.04,1.89,0.2401337895,upper,21,38
3.12,1.89,0.2401293095,upper,21,39
3.2,1.89,0.2401293095,upper,21,40
3.2800000000000002,1.89,0.2401337895,upper,21,41
3.36,1.89,0.24014274949999997,upper,21,42
3.44,1.89,0.24015618949999998,upper,21,43
3.52,1.89,0.24017410949999998,upper,21,44
3.6,1.89,0.2401965095,upper,21,45
3.68,1.89,0.2402233895,upper,21,46
3.7600000000000002,1.89,0.24025474949999998,upper,21,47
3.84,1.89,0.24029058949999998,upper,21,48
3.92,1.89,0.2403309095,upper,21,49
4.0,1.89,0.24037570949999998,upper,21,50
4.08,1.89,0.2404249895,upper,21,51
4.16,1.89,0.24047874949999998,upper,21,52
4.24,1.89,0.2405369895,upper,21,53
4.32,1.89,0.24059970949999998,upper,21,54
4.4,1.89,0.2406669095,upper,21,55
4.48,1.89,0.2407385895,upper,21,56
4.5600000000000005,1.89,0.24081474949999998,upper,21,57
4.64,1.89,0.2408953895,upper,21,58
4.72,1.89,0.2409805095,upper,21,59
4.8,1.89,0.2410701095,upper,21,60
4.88,1.89,0.2411641895,upper,21,61
4.96,1.89,0.24126274949999998,upper,21,62
5.04,1.89,0.24136578949999998,upper,21,63
5.12,1.89,0.24147330949999998,upper,21,64
5.2,1.89,0.24158530949999998,upper,21,65
5.28,1.89,0.2917017895,upper,21,66
5.36,1.89,0.2918227495,upper,21,67
5.44,1.89,0.2919481895,upper,21,68
5.5200000000000005,1.89,0.2920781095,upper,21,69
5.6000000000000005,1.89,0.2922125095,upper,21,70
5.68,1.89,0.2923513895,upper,21,71
5.76,1.89,0.2924947495,upper,21,72
5.84,1.89,0.2926425895,upper,21,73
5.92,1.89,0.2927949095,upper,21,74
6.0,1.89,0.2929517095,upper,21,75
6.08,1.89,0.2931129895,upper,21,76
6.16,1.89,0.2932787495,upper,21,77
6.24,1.89,0.2934489895,upper,21,78
6.32,1.89,0.2936237095,upper,21,79
0.0,1.98,0.24359519749999997,upper,22,0
0.08,1.98,0.24342047749999998,upper,22,1
0.16,1.98,0.24325023749999997,upper,22,2
0.24,1.98,0.24308447749999998,upper,22,3
0.32,1.98,0.2429231975,upper,22,4
0.4,1.98,0.24276639749999998,upper,22,5
0.48,1.98,0.24261407749999997,upper,22,6
0.56,1.98,0.2424662375,upper,22,7
0.64,1.98,0.24232287749999998,upper,22,8
0.72,1.98,0.24218399749999997,upper,22,9
0.8,1.98,0.2420495975,upper,22,10
0.88,1.98,0.24191967749999999,upper,22,11
0.96,1.98,0.24179423749999998,upper,22,12
1.04,1.98,0.24167327749999998,upper,22,13
1.12,1.98,0.24155679749999998,upper,22,14
1.2,1.98,0.24144479749999997,upper,22,15
1.28,1.98,0.24133727749999997,upper,22,16
1.36,1.98,0.24123423749999998,upper,22,17
1.44,1.98,0.24113567749999998,upper,22,18
1.52,1.98,0.24104159749999998,upper,22,19
1.6,1.98,0.2409519975,upper,22,20
1.68,1.98,0.2408668775,upper,22,21
1.76,1.98,0.24078623749999997,upper,22,22
1.84,1.98,0.24071007749999998,upper,22,23
1.92,1.98,0.2406383975,upper,22,24
2.0,1.98,0.24057119749999997,upper,22,25
2.08,1.98,0.24050847749999998,upper,22,26
2.16,1.98,0.24045023749999997,upper,22,27
2.24,1.98,0.24039647749999998,upper,22,28
2.32,1.98,0.24034719749999997,upper,22,29
2.4,1.98,0.2403023975,upper,22,30
2.48,1.98,0.24026207749999998,upper,22,31
2.56,1.98,0.24022623749999997,upper,22,32
2.64,1.98,0.2401948775,upper,22,33
2.72,1.98,0.24016799749999998,upper,22,34
2.8000000000000003,1.98,0.24014559749999997,upper,22,35
2.88,1.98,0.24012767749999997,upper,22,36
2.96,1.98,0.24011423749999997,upper,22,37
3.04,1.98,0.2401052775,upper,22,38
3.12,1.98,0.2401007975,upper,22,39
3.2,1.98,0.2401007975,upper,22,40
3.2800000000000002,1.98,0.2401052775,upper,22,41
3.36,1.98,0.24011423749999997,upper,22,42
3.44,1.98,0.24012767749999997,upper,22,43
3.52,1.98,0.24014559749999997,upper,22,44
3.6,1.98,0.24016799749999998,upper,22,45
3.68,1.98,0.2401948775,upper,22,46
3.7600000000000002,1.98,0.24022623749999997,upper,22,47
3.84,1.98,0.24026207749999998,upper,22,48
3.92,1.98,0.2403023975,upper,22,49
4.0,1.98,0.24034719749999997,upper,22,50
4.08,1.98,0.24039647749999998,upper,22,51
4.16,1.98,0.24045023749999997,upper,22,52
4.24,1.98,0.24050847749999998,upper,22,53
4.32,1.98,0.24057119749999997,upper,22,54
4.4,1.98,0.2406383975,upper,22,55
4.48,1.98,0.24071007749999998,upper,22,56
4.5600000000000005,1.98,0.24078623749999997,upper,22,57
4.64,1.98,0.2408668775,upper,22,58
4.72,1.98,0.2409519975,upper,22,59
4.8,1.98,0.24104159749999998,upper,22,60
4.88,1.98,0.24113567749999998,upper,22,61
4.96,1.98,0.24123423749999998,upper,22,62
5.04,1.98,0.24133727749999997,upper,22,63
5.12,1.98,0.24144479749999997,upper,22,64
5.2,1.98,0.24155679749999998,upper,22,65
5.28,1.98,0.2916732775,upper,22,66
5.36,1.98,0.2917942375,upper,22,67
5.44,1.98,0.2919196775,upper,22,68
5.5200000000000005,1.98,0.2920495975,upper,22,69
5.6000000000000005,1.98,0.29218399749999996,upper,22,70
5.68,1.98,0.29232287749999997,upper,22,71
5.76,1.98,0.2924662375,upper,22,72
5.84,1.98,0.29261407749999996,upper,22,73
5.92,1.98,0.2927663975,upper,22,74
6.0,1.98,0.2929231975,upper,22,75
6.08,1.98,0.2930844775,upper,22,76
6.16,1.98,0.29325023749999996,upper,22,77
6.24,1.98,0.2934204775,upper,22,78
6.32,1.98,0.29359519749999996,upper,22,79
0.0,2.07,0.24357024949999997,upper,23,0
0.08,2.07,0.24339552949999999,upper,23,1
0.16,2.07,0.24322528949999997,upper,23,2
0.24,2.07,0.24305952949999998,upper,23,3
0.32,2.07,0.2428982495,upper,23,4
0.4,2.07,0.24274144949999998,upper,23,5
0.48,2.07,0.24258912949999997,upper,23,6
0.56,2.07,0.2424412895,upper,23,7
0.64,2.07,0.24229792949999998,upper,23,8
0.72,2.07,0.24215904949999997,upper,23,9
0.8,2.07,0.2420246495,upper,23,10
0.88,2.07,0.2418947295,upper,23,11
0.96,2.07,0.24176928949999998,upper,23,12
1.04,2.07,0.24164832949999998,upper,23,13
1.12,2.07,0.24153184949999998,upper,23,14
1.2,2.07,0.24141984949999998,upper,23,15
1.28,2.07,0.24131232949999998,upper,23,16
1.36,2.07,0.24120928949999998,upper,23,17
1.44,2.07,0.24111072949999998,upper,23,18
1.52,2.07,0.24101664949999999,upper,23,19
1.6,2.07,0.2409270495,upper,23,20
1.68,2.07,0.2408419295,upper,23,21
1.76,2.07,0.24076128949999998,upper,23,22
1.84,2.07,0.24068512949999998,upper,23,23
1.92,2.07,0.2406134495,upper,23,24
2.0,2.07,0.24054624949999998,upper,23,25
2.08,2.07,0.2404835295,upper,23,26
2.16,2.07,0.24042528949999997,upper,23,27
2.24,2.07,0.2403715295,upper,23,28
2.32,2.07,0.24032224949999997,upper,23,29
2.4,2.07,0.2402774495,upper,23,30
2.48,2.07,0.24023712949999998,upper,23,31
2.56,2.07,0.24020128949999997,upper,23,32
2.64,2.07,0.2401699295,upper,23,33
2.72,2.07,0.24014304949999998,upper,23,34
2.8000000000000003,2.07,0.24012064949999998,upper,23,35
2.88,2.07,0.24010272949999997,upper,23,36
2.96,2.07,0.24008928949999997,upper,23,37
3.04,2.07,0.2400803295,upper,23,38
3.12,2.07,0.2400758495,upper,23,39
3.2,2.07,0.2400758495,upper,23,40
3.2800000000000002,2.07,0.2400803295,upper,23,41
3.36,2.07,0.24008928949999997,upper,23,42
3.44,2.07,0.24010272949999997,upper,23,43
3.52,2.07,0.24012064949999998,upper,23,44
3.6,2.07,0.24014304949999998,upper,23,45
3.68,2.07,0.2401699295,upper,23,46
3.7600000000000002,2.07,0.24020128949999997,upper,23,47
3.84,2.07,0.24023712949999998,upper,23,48
3.92,2.07,0.2402774495,upper,23,49
4.0,2.07,0.24032224949999997,upper,23,50
4.08,2.07,0.2403715295,upper,23,51
4.16,2.07,0.24042528949999997,upper,23,52
4.24,2.07,0.2404835295,upper,23,53
4.32,2.07,0.24054624949999998,upper,23,54
4.4,2.07,0.2406134495,upper,23,55
4.48,2.07,0.24068512949999998,upper,23,56
4.5600000000000005,2.07,0.24076128949999998,upper,23,57
4.64,2.07,0.2408419295,upper,23,58
4.72,2.07,0.2409270495,upper,23,59
4.8,2.07,0.24101664949999999,upper,23,60
4.88,2.07,0.24111072949999998,upper,23,61
4.96,2.07,0.24120928949999998,upper,23,62
5.04,2.07,0.24131232949999998,upper,23,63
5.12,2.07,0.24141984949999998,upper,23,64
5.2,2.07,0.24153184949999998,upper,23,65
5.28,2.07,0.29164832949999997,upper,23,66
5.36,2.07,0.2917692895,upper,23,67
5.44,2.07,0.2918947295,upper,23,68
5.5200000000000005,2.07,0.2920246495,upper,23,69
5.6000000000000005,2.07,0.2921590495,upper,23,70
5.68,2.07,0.2922979295,upper,23,71
5.76,2.07,0.2924412895,upper,23,72
5.84,2.07,0.2925891295,upper,23,73
5.92,2.07,0.2927414495,upper,23,74
6.0,2.07,0.2928982495,upper,23,75
6.08,2.07,0.29305952949999997,upper,23,76
6.16,2.07,0.2932252895,upper,23,77
6.24,2.07,0.2933955295,upper,23,78
6.32,2.07,0.2935702495,upper,23,79
0.0,2.16,0.2435488655,upper,24,0
0.08,2.16,0.2433741455,upper,24,1
0.16,2.16,0.24320390549999998,upper,24,2
0.24,2.16,0.2430381455,upper,24,3
0.32,2.16,0.2428768655,upper,24,4
0.4,2.16,0.2427200655,upper,24,5
0.48,2.16,0.2425677455,upper,24,6
0.56,2.16,0.2424199055,upper,24,7
0.64,2.16,0.2422765455,upper,24,8
0.72,2.16,0.2421376655,upper,24,9
0.8,2.16,0.2420032655,upper,24,10
0.88,2.16,0.2418733455,upper,24,11
0.96,2.16,0.2417479055,upper,24,12
1.04,2.16,0.2416269455,upper,24,13
1.12,2.16,0.2415104655,upper,24,14
1.2,2.16,0.2413984655,upper,24,15
1.28,2.16,0.2412909455,upper,24,16
1.36,2.16,0.2411879055,upper,24,17
1.44,2.16,0.2410893455,upper,24,18
1.52,2.16,0.2409952655,upper,24,19
1.6,2.16,0.2409056655,upper,24,20
1.68,2.16,0.2408205455,upper,24,21
1.76,2.16,0.2407399055,upper,24,22
1.84,2.16,0.2406637455,upper,24,23
1.92,2.16,0.2405920655,upper,24,24
2.0,2.16,0.2405248655,upper,24,25
2.08,2.16,0.2404621455,upper,24,26
2.16,2.16,0.2404039055,upper,24,27
2.24,2.16,0.2403501455,upper,24,28
2.32,2.16,0.2403008655,upper,24,29
2.4,2.16,0.2402560655,upper,24,30
2.48,2.16,0.2402157455,upper,24,31
2.56,2.16,0.24017990549999998,upper,24,32
2.64,2.16,0.2401485455,upper,24,33
2.72,2.16,0.2401216655,upper,24,34
2.8000000000000003,2.16,0.2400992655,upper,24,35
2.88,2.16,0.2400813455,upper,24,36
2.96,2.16,0.24006790549999998,upper,24,37
3.04,2.16,0.2400589455,upper,24,38
3.12,2.16,0.2400544655,upper,24,39
3.2,2.16,0.2400544655,upper,24,40
3.2800000000000002,2.16,0.2400589455,upper,24,41
3.36,2.16,0.24006790549999998,upper,24,42
3.44,2.16,0.2400813455,upper,24,43
3.52,2.16,0.2400992655,upper,24,44
3.6,2.16,0.2401216655,upper,24,45
3.68,2.16,0.2401485455,upper,24,46
3.7600000000000002,2.16,0.24017990549999998,upper,24,47
3.84,2.16,0.2402157455,upper,24,48
3.92,2.16,0.2402560655,upper,24,49
4.0,2.16,0.2403008655,upper,24,50
4.08,2.16,0.2403501455,upper,24,51
4.16,2.16,0.2404039055,upper,24,52
4.24,2.16,0.2404621455,upper,24,53
4.32,2.16,0.2405248655,upper,24,54
4.4,2.16,0.2405920655,upper,24,55
4.48,2.16,0.2406637455,upper,24,56
4.5600000000000005,2.16,0.2407399055,upper,24,57
4.64,2.16,0.2408205455,upper,24,58
4.72,2.16,0.2409056655,upper,24,59
4.8,2.16,0.2409952655,upper,24,60
4.88,2.16,0.2410893455,upper,24,61
4.96,2.16,0.2411879055,upper,24,62
5.04,2.16,0.2412909455,upper,24,63
5.12,2.16,0.2413984655,upper,24,64
5.2,2.16,0.2415104655,upper,24,65
5.28,2.16,0.2916269455,upper,24,66
5.36,2.16,0.2917479055,upper,24,67
5.44,2.16,0.2918733455,upper,24,68
5.5200000000000005,2.16,0.2920032655,upper,24,69
5.6000000000000005,2.16,0.2921376655,upper,24,70
5.68,2.16,0.2922765455,upper,24,71
5.76,2.16,0.2924199055,upper,24,72
5.84,2.16,0.2925677455,upper,24,73
5.92,2.16,0.2927200655,upper,24,74
6.0,2.16,0.2928768655,upper,24,75
6.08,2.16,0.2930381455,upper,24,76
6.16,2.16,0.2932039055,upper,24,77
6.24,2.16,0.2933741455,upper,24,78
6.32,2.16,0.2935488655,upper,24,79
0.0,2.25,0.2435310455,upper,25,0
0.08,2.25,0.2433563255,upper,25,1
0.16,2.25,0.24318608549999998,upper,25,2
0.24,2.25,0.2430203255,upper,25,3
0.32,2.25,0.2428590455,upper,25,4
0.4,2.25,0.2427022455,upper,25,5
0.48,2.25,0.24254992549999999,upper,25,6
0.56,2.25,0.2424020855,upper,25,7
0.64,2.25,0.2422587255,upper,25,8
0.72,2.25,0.24211984549999999,upper,25,9
0.8,2.25,0.2419854455,upper,25,10
0.88,2.25,0.2418555255,upper,25,11
0.96,2.25,0.2417300855,upper,25,12
1.04,2.25,0.2416091255,upper,25,13
1.12,2.25,0.2414926455,upper,25,14
1.2,2.25,0.2413806455,upper,25,15
1.28,2.25,0.2412731255,upper,25,16
1.36,2.25,0.2411700855,upper,25,17
1.44,2.25,0.2410715255,upper,25,18
1.52,2.25,0.2409774455,upper,25,19
1.6,2.25,0.2408878455,upper,25,20
1.68,2.25,0.2408027255,upper,25,21
1.76,2.25,0.2407220855,upper,25,22
1.84,2.25,0.2406459255,upper,25,23
1.92,2.25,0.2405742455,upper,25,24
2.0,2.25,0.2405070455,upper,25,25
2.08,2.25,0.2404443255,upper,25,26
2.16,2.25,0.24038608549999999,upper,25,27
2.24,2.25,0.2403323255,upper,25,28
2.32,2.25,0.2402830455,upper,25,29
2.4,2.25,0.2402382455,upper,25,30
2.48,2.25,0.2401979255,upper,25,31
2.56,2.25,0.24016208549999998,upper,25,32
2.64,2.25,0.2401307255,upper,25,33
3.52,2.25,0.2400814455,upper,25,44
3.6,2.25,0.2401038455,upper,25,45
3.68,2.25,0.2401307255,upper,25,46
3.7600000000000002,2.25,0.24016208549999998,upper,25,47
3.84,2.25,0.2401979255,upper,25,48
3.92,2.25,0.2402382455,upper,25,49
4.0,2.25,0.2402830455,upper,25,50
4.08,2.25,0.2403323255,upper,25,51
4.16,2.25,0.24038608549999999,upper,25,52
4.24,2.25,0.2404443255,upper,25,53
4.32,2.25,0.2405070455,upper,25,54
4.4,2.25,0.2405742455,upper,25,55
4.48,2.25,0.2406459255,upper,25,56
4.5600000000000005,2.25,0.2407220855,upper,25,57
4.64,2.25,0.2408027255,upper,25,58
4.72,2.25,0.2408878455,upper,25,59
4.8,2.25,0.2409774455,upper,25,60
4.88,2.25,0.2410715255,upper,25,61
4.96,2.25,0.2411700855,upper,25,62
5.04,2.25,0.2412731255,upper,25,63
5.12,2.25,0.2413806455,upper,25,64
5.2,2.25,0.2414926455,upper,25,65
5.28,2.25,0.2916091255,upper,25,66
5.36,2.25,0.2917300855,upper,25,67
5.44,2.25,0.2918555255,upper,25,68
5.5200000000000005,2.25,0.2919854455,upper,25,69
5.6000000000000005,2.25,0.2921198455,upper,25,70
5.68,2.25,0.2922587255,upper,25,71
5.76,2.25,0.2924020855,upper,25,72
5.84,2.25,0.2925499255,upper,25,73
5.92,2.25,0.2927022455,upper,25,74
6.0,2.25,0.2928590455,upper,25,75
6.08,2.25,0.2930203255,upper,25,76
6.16,2.25,0.29318608549999997,upper,25,77
6.24,2.25,0.2933563255,upper,25,78
6.32,2.25,0.2935310455,upper,25,79
0.0,2.34,0.24351678949999997,upper,26,0
0.08,2.34,0.24334206949999998,upper,26,1
0.16,2.34,0.24317182949999996,upper,26,2
0.24,2.34,0.24300606949999998,upper,26,3
0.32,2.34,0.2428447895,upper,26,4
0.4,2.34,0.24268798949999998,upper,26,5
0.48,2.34,0.24253566949999997,upper,26,6
0.56,2.34,0.24238782949999998,upper,26,7
0.64,2.34,0.24224446949999998,upper,26,8
0.72,2.34,0.24210558949999997,upper,26,9
0.8,2.34,0.2419711895,upper,26,10
0.88,2.34,0.24184126949999998,upper,26,11
0.96,2.34,0.24171582949999998,upper,26,12
1.04,2.34,0.24159486949999998,upper,26,13
1.12,2.34,0.24147838949999997,upper,26,14
1.2,2.34,0.24136638949999997,upper,26,15
1.28,2.34,0.24125886949999997,upper,26,16
1.36,2.34,0.24115582949999997,upper,26,17
1.44,2.34,0.24105726949999998,upper,26,18
1.52,2.34,0.24096318949999998,upper,26,19
1.6,2.34,0.24087358949999998,upper,26,20
1.68,2.34,0.2407884695,upper,26,21
1.76,2.34,0.24070782949999997,upper,26,22
1.84,2.34,0.24063166949999998,upper,26,23
1.92,2.34,0.2405599895,upper,26,24
2.0,2.34,0.24049278949999997,upper,26,25
2.08,2.34,0.24043006949999998,upper,26,26
2.16,2.34,0.24037182949999997,upper,26,27
2.24,2.34,0.24031806949999998,upper,26,28
2.32,2.34,0.24026878949999997,upper,26,29
2.4,2.34,0.24022398949999998,upper,26,30
2.48,2.34,0.24018366949999997,upper,26,31
2.56,2.34,0.24014782949999997,upper,26,32
2.64,2.34,0.24011646949999998,upper,26,33
3.52,2.34,0.24006718949999997,upper,26,44
3.6,2.34,0.24008958949999998,upper,26,45
3.68,2.34,0.24011646949999998,upper,26,46
3.7600000000000002,2.34,0.24014782949999997,upper,26,47
3.84,2.34,0.24018366949999997,upper,26,48
3.92,2.34,0.24022398949999998,upper,26,49
4.0,2.34,0.24026878949999997,upper,26,50
4.08,2.34,0.24031806949999998,upper,26,51
4.16,2.34,0.24037182949999997,upper,26,52
4.24,2.34,0.24043006949999998,upper,26,53
4.32,2.34,0.24049278949999997,upper,26,54
4.4,2.34,0.2405599895,upper,26,55
4.48,2.34,0.24063166949999998,upper,26,56
4.5600000000000005,2.34,0.24070782949999997,upper,26,57
4.64,2.34,0.2407884695,upper,26,58
4.72,2.34,0.24087358949999998,upper,26,59
4.8,2.34,0.24096318949999998,upper,26,60
4.88,2.34,0.24105726949999998,upper,26,61
4.96,2.34,0.24115582949999997,upper,26,62
5.04,2.34,0.24125886949999997,upper,26,63
5.12,2.34,0.24136638949999997,upper,26,64
5.2,2.34,0.24147838949999997,upper,26,65
5.28,2.34,0.29159486949999996,upper,26,66
5.36,2.34,0.29171582949999997,upper,26,67
5.44,2.34,0.2918412695,upper,26,68
5.5200000000000005,2.34,0.2919711895,upper,26,69
5.6000000000000005,2.34,0.2921055895,upper,26,70
5.68,2.34,0.2922444695,upper,26,71
5.76,2.34,0.2923878295,upper,26,72
5.84,2.34,0.2925356695,upper,26,73
5.92,2.34,0.29268798949999997,upper,26,74
6.0,2.34,0.2928447895,upper,26,75
6.08,2.34,0.29300606949999997,upper,26,76
6.16,2.34,0.2931718295,upper,26,77
6.24,2.34,0.29334206949999997,upper,26,78
6.32,2.34,0.2935167895,upper,26,79
0.0,2.4299999999999997,0.2435060975,upper,27,0
0.08,2.4299999999999997,0.2433313775,upper,27,1
0.16,2.4299999999999997,0.24316113749999999,upper,27,2
0.24,2.4299999999999997,0.2429953775,upper,27,3
0.32,2.4299999999999997,0.2428340975,upper,27,4
0.4,2.4299999999999997,0.2426772975,upper,27,5
0.48,2.4299999999999997,0.2425249775,upper,27,6
0.56,2.4299999999999997,0.2423771375,upper,27,7
0.64,2.4299999999999997,0.2422337775,upper,27,8
0.72,2.4299999999999997,0.2420948975,upper,27,9
0.8,2.4299999999999997,0.2419604975,upper,27,10
0.88,2.4299999999999997,0.2418305775,upper,27,11
0.96,2.4299999999999997,0.2417051375,upper,27,12
1.04,2.4299999999999997,0.2415841775,upper,27,13
1.12,2.4299999999999997,0.2414676975,upper,27,14
1.2,2.4299999999999997,0.2413556975,upper,27,15
1.28,2.4299999999999997,0.2412481775,upper,27,16
1.36,2.4299999999999997,0.2411451375,upper,27,17
1.44,2.4299999999999997,0.2410465775,upper,27,18
1.52,2.4299999999999997,0.2409524975,upper,27,19
1.6,2.4299999999999997,0.2408628975,upper,27,20
1.68,2.4299999999999997,0.2407777775,upper,27,21
1.76,2.4299999999999997,0.2406971375,upper,27,22
1.84,2.4299999999999997,0.2406209775,upper,27,23
1.92,2.4299999999999997,0.2405492975,upper,27,24
2.0,2.4299999999999997,0.2404820975,upper,27,25
2.08,2.4299999999999997,0.2404193775,upper,27,26
2.16,2.4299999999999997,0.2403611375,upper,27,27
2.24,2.4299999999999997,0.2403073775,upper,27,28
2.32,2.4299999999999997,0.2402580975,upper,27,29
2.4,2.4299999999999997,0.2402132975,upper,27,30
2.48,2.4299999999999997,0.2401729775,upper,27,31
2.56,2.4299999999999997,0.2401371375,upper,27,32
2.64,2.4299999999999997,0.2401057775,upper,27,33
3.52,2.4299999999999997,0.2400564975,upper,27,44
3.6,2.4299999999999997,0.2400788975,upper,27,45
3.68,2.4299999999999997,0.2401057775,upper,27,46
3.7600000000000002,2.4299999999999997,0.2401371375,upper,27,47
3.84,2.4299999999999997,0.2401729775,upper,27,48
3.92,2.4299999999999997,0.2402132975,upper,27,49
4.0,2.4299999999999997,0.2402580975,upper,27,50
4.08,2.4299999999999997,0.2403073775,upper,27,51
4.16,2.4299999999999997,0.2403611375,upper,27,52
4.24,2.4299999999999997,0.2404193775,upper,27,53
4.32,2.4299999999999997,0.2404820975,upper,27,54
4.4,2.4299999999999997,0.2405492975,upper,27,55
4.48,2.4299999999999997,0.2406209775,upper,27,56
4.5600000000000005,2.4299999999999997,0.2406971375,upper,27,57
4.64,2.4299999999999997,0.2407777775,upper,27,58
4.72,2.4299999999999997,0.2408628975,upper,27,59
4.8,2.4299999999999997,0.2409524975,upper,27,60
4.88,2.4299999999999997,0.2410465775,upper,27,61
4.96,2.4299999999999997,0.2411451375,upper,27,62
5.04,2.4299999999999997,0.2412481775,upper,27,63
5.12,2.4299999999999997,0.2413556975,upper,27,64
5.2,2.4299999999999997,0.2414676975,upper,27,65
5.28,2.4299999999999997,0.2915841775,upper,27,66
5.36,2.4299999999999997,0.2917051375,upper,27,67
5.44,2.4299999999999997,0.2918305775,upper,27,68
5.5200000000000005,2.4299999999999997,0.2919604975,upper,27,69
5.6000000000000005,2.4299999999999997,0.2920948975,upper,27,70
5.68,2.4299999999999997,0.2922337775,upper,27,71
5.76,2.4299999999999997,0.2923771375,upper,27,72
5.84,2.4299999999999997,0.2925249775,upper,27,73
5.92,2.4299999999999997,0.2926772975,upper,27,74
6.0,2.4299999999999997,0.2928340975,upper,27,75
6.08,2.4299999999999997,0.2929953775,upper,27,76
6.16,2.4299999999999997,0.2931611375,upper,27,77
6.24,2.4299999999999997,0.2933313775,upper,27,78
6.32,2.4299999999999997,0.2935060975,upper,27,79
0.0,2.52,0.2434989695,upper,28,0
0.08,2.52,0.2433242495,upper,28,1
0.16,2.52,0.2431540095,upper,28,2
0.24,2.52,0.2429882495,upper,28,3
0.32,2.52,0.24282696950000002,upper,28,4
0.4,2.52,0.2426701695,upper,28,5
0.48,2.52,0.2425178495,upper,28,6
0.56,2.52,0.2423700095,upper,28,7
0.64,2.52,0.2422266495,upper,28,8
0.72,2.52,0.2420877695,upper,28,9
0.8,2.52,0.24195336950000002,upper,28,10
0.88,2.52,0.2418234495,upper,28,11
0.96,2.52,0.2416980095,upper,28,12
1.04,2.52,0.2415770495,upper,28,13
1.12,2.52,0.2414605695,upper,28,14
1.2,2.52,0.2413485695,upper,28,15
1.28,2.52,0.2412410495,upper,28,16
1.36,2.52,0.2411380095,upper,28,17
1.44,2.52,0.2410394495,upper,28,18
1.52,2.52,0.2409453695,upper,28,19
1.6,2.52,0.2408557695,upper,28,20
1.68,2.52,0.24077064950000002,upper,28,21
1.76,2.52,0.2406900095,upper,28,22
1.84,2.52,0.2406138495,upper,28,23
1.92,2.52,0.2405421695,upper,28,24
2.0,2.52,0.2404749695,upper,28,25
2.08,2.52,0.2404122495,upper,28,26
2.16,2.52,0.2403540095,upper,28,27
2.24,2.52,0.2403002495,upper,28,28
2.32,2.52,0.2402509695,upper,28,29
2.4,2.52,0.2402061695,upper,28,30
2.48,2.52,0.2401658495,upper,28,31
2.56,2.52,0.2401300095,upper,28,32
2.64,2.52,0.2400986495,upper,28,33
3.52,2.52,0.2400493695,upper,28,44
3.6,2.52,0.2400717695,upper,28,45
3.68,2.52,0.2400986495,upper,28,46
3.7600000000000002,2.52,0.2401300095,upper,28,47
3.84,2.52,0.2401658495,upper,28,48
3.92,2.52,0.2402061695,upper,28,49
4.0,2.52,0.2402509695,upper,28,50
4.08,2.52,0.2403002495,upper,28,51
4.16,2.52,0.2403540095,upper,28,52
4.24,2.52,0.2404122495,upper,28,53
4.32,2.52,0.2404749695,upper,28,54
4.4,2.52,0.2405421695,upper,28,55
4.48,2.52,0.2406138495,upper,28,56
4.5600000000000005,2.52,0.2406900095,upper,28,57
4.64,2.52,0.24077064950000002,upper,28,58
4.72,2.52,0.2408557695,upper,28,59
4.8,2.52,0.2409453695,upper,28,60
4.88,2.52,0.2410394495,upper,28,61
4.96,2.52,0.2411380095,upper,28,62
5.04,2.52,0.2412410495,upper,28,63
5.12,2.52,0.2413485695,upper,28,64
5.2,2.52,0.2414605695,upper,28,65
5.28,2.52,0.2915770495,upper,28,66
5.36,2.52,0.2916980095,upper,28,67
5.44,2.52,0.2918234495,upper,28,68
5.5200000000000005,2.52,0.2919533695,upper,28,69
5.6000000000000005,2.52,0.2920877695,upper,28,70
5.68,2.52,0.2922266495,upper,28,71
5.76,2.52,0.2923700095,upper,28,72
5.84,2.52,0.2925178495,upper,28,73
5.92,2.52,0.2926701695,upper,28,74
6.0,2.52,0.29282696950000003,upper,28,75
6.08,2.52,0.2929882495,upper,28,76
6.16,2.52,0.2931540095,upper,28,77
6.24,2.52,0.2933242495,upper,28,78
6.32,2.52,0.2934989695,upper,28,79
0.0,2.61,0.24349540549999998,upper,29,0
0.08,2.61,0.2433206855,upper,29,1
0.16,2.61,0.24315044549999998,upper,29,2
0.24,2.61,0.2429846855,upper,29,3
0.32,2.61,0.2428234055,upper,29,4
0.4,2.61,0.2426666055,upper,29,5
0.48,2.61,0.24251428549999998,upper,29,6
0.56,2.61,0.2423664455,upper,29,7
0.64,2.61,0.2422230855,upper,29,8
0.72,2.61,0.24208420549999998,upper,29,9
0.8,2.61,0.2419498055,upper,29,10
0.88,2.61,0.2418198855,upper,29,11
0.96,2.61,0.2416944455,upper,29,12
1.04,2.61,0.2415734855,upper,29,13
1.12,2.61,0.2414570055,upper,29,14
1.2,2.61,0.2413450055,upper,29,15
1.28,2.61,0.2412374855,upper,29,16
1.36,2.61,0.2411344455,upper,29,17
1.44,2.61,0.2410358855,upper,29,18
1.52,2.61,0.2409418055,upper,29,19
1.6,2.61,0.2408522055,upper,29,20
1.68,2.61,0.2407670855,upper,29,21
1.76,2.61,0.24068644549999998,upper,29,22
1.84,2.61,0.2406102855,upper,29,23
1.92,2.61,0.2405386055,upper,29,24
2.0,2.61,0.24047140549999999,upper,29,25
2.08,2.61,0.2404086855,upper,29,26
2.16,2.61,0.24035044549999998,upper,29,27
2.24,2.61,0.2402966855,upper,29,28
2.32,2.61,0.24024740549999998,upper,29,29
2.4,2.61,0.2402026055,upper,29,30
2.48,2.61,0.2401622855,upper,29,31
2.56,2.61,0.24012644549999998,upper,29,32
2.64,2.61,0.2400950855,upper,29,33
3.52,2.61,0.2400458055,upper,29,44
3.6,2.61,0.2400682055,upper,29,45
3.68,2.61,0.2400950855,upper,29,46
3.7600000000000002,2.61,0.24012644549999998,upper,29,47
3.84,2.61,0.2401622855,upper,29,48
3.92,2.61,0.2402026055,upper,29,49
4.0,2.61,0.24024740549999998,upper,29,50
4.08,2.61,0.2402966855,upper,29,51
4.16,2.61,0.24035044549999998,upper,29,52
4.24,2.61,0.2404086855,upper,29,53
4.32,2.61,0.24047140549999999,upper,29,54
4.4,2.61,0.2405386055,upper,29,55
4.48,2.61,0.2406102855,upper,29,56
4.5600000000000005,2.61,0.24068644549999998,upper,29,57
4.64,2.61,0.2407670855,upper,29,58
4.72,2.61,0.2408522055,upper,29,59
4.8,2.61,0.2409418055,upper,29,60
4.88,2.61,0.2410358855,upper,29,61
4.96,2.61,0.2411344455,upper,29,62
5.04,2.61,0.2412374855,upper,29,63
5.12,2.61,0.2413450055,upper,29,64
5.2,2.61,0.2414570055,upper,29,65
5.28,2.61,0.2915734855,upper,29,66
5.36,2.61,0.2916944455,upper,29,67
5.44,2.61,0.2918198855,upper,29,68
5.5200000000000005,2.61,0.2919498055,upper,29,69
5.6000000000000005,2.61,0.29208420549999997,upper,29,70
5.68,2.61,0.2922230855,upper,29,71
5.76,2.61,0.2923664455,upper,29,72
5.84,2.61,0.29251428549999997,upper,29,73
5.92,2.61,0.2926666055,upper,29,74
6.0,2.61,0.2928234055,upper,29,75
6.08,2.61,0.2929846855,upper,29,76
6.16,2.61,0.29315044549999997,upper,29,77
6.24,2.61,0.2933206855,upper,29,78
6.32,2.61,0.2934954055,upper,29,79
0.0,2.6999999999999997,0.24349540549999998,upper,30,0
0.08,2.6999999999999997,0.2433206855,upper,30,1
0.16,2.6999999999999997,0.24315044549999998,upper,30,2
0.24,2.6999999999999997,0.2429846855,upper,30,3
0.32,2.6999999999999997,0.2428234055,upper,30,4
0.4,2.6999999999999997,0.2426666055,upper,30,5
0.48,2.6999999999999997,0.24251428549999998,upper,30,6
0.56,2.6999999999999997,0.2423664455,upper,30,7
0.64,2.6999999999999997,0.2422230855,upper,30,8
0.72,2.6999999999999997,0.24208420549999998,upper,30,9
0.8,2.6999999999999997,0.2419498055,upper,30,10
0.88,2.6999999999999997,0.2418198855,upper,30,11
0.96,2.6999999999999997,0.2416944455,upper,30,12
1.04,2.6999999999999997,0.2415734855,upper,30,13
1.12,2.6999999999999997,0.2414570055,upper,30,14
1.2,2.6999999999999997,0.2413450055,upper,30,15
1.28,2.6999999999999997,0.2412374855,upper,30,16
1.36,2.6999999999999997,0.2411344455,upper,30,17
1.44,2.6999999999999997,0.2410358855,upper,30,18
1.52,2.6999999999999997,0.2409418055,upper,30,19
1.6,2.6999999999999997,0.2408522055,upper,30,20
1.68,2.6999999999999997,0.2407670855,upper,30,21
1.76,2.6999999999999997,0.24068644549999998,upper,30,22
1.84,2.6999999999999997,0.2406102855,upper,30,23
1.92,2.6999999999999997,0.2405386055,upper,30,24
2.0,2.6999999999999997,0.24047140549999999,upper,30,25
2.08,2.6999999999999997,0.2404086855,upper,30,26
2.16,2.6999999999999997,0.24035044549999998,upper,30,27
2.24,2.6999999999999997,0.2402966855,upper,30,28
2.32,2.6999999999999997,0.24024740549999998,upper,30,29
2.4,2.6999999999999997,0.2402026055,upper,30,30
2.48,2.6999999999999997,0.2401622855,upper,30,31
2.56,2.6999999999999997,0.24012644549999998,upper,30,32
2.64,2.6999999999999997,0.2400950855,upper,30,33
3.52,2.6999999999999997,0.2400458055,upper,30,44
3.6,2.6999999999999997,0.2400682055,upper,30,45
3.68,2.6999999999999997,0.2400950855,upper,30,46
3.7600000000000002,2.6999999999999997,0.24012644549999998,upper,30,47
3.84,2.6999999999999997,0.2401622855,upper,30,48
3.92,2.6999999999999997,0.2402026055,upper,30,49
4.0,2.6999999999999997,0.24024740549999998,upper,30,50
4.08,2.6999999999999997,0.2402966855,upper,30,51
4.16,2.6999999999999997,0.24035044549999998,upper,30,52
4.24,2.6999999999999997,0.2404086855,upper,30,53
4.32,2.6999999999999997,0.24047140549999999,upper,30,54
4.4,2.6999999999999997,0.2405386055,upper,30,55
4.48,2.6999999999999997,0.2406102855,upper,30,56
4.5600000000000005,2.6999999999999997,0.24068644549999998,upper,30,57
4.64,2.6999999999999997,0.2407670855,upper,30,58
4.72,2.6999999999999997,0.2408522055,upper,30,59
4.8,2.6999999999999997,0.2409418055,upper,30,60
4.88,2.6999999999999997,0.2410358855,upper,30,61
4.96,2.6999999999999997,0.2411344455,upper,30,62
5.04,2.6999999999999997,0.2412374855,upper,30,63
5.12,2.6999999999999997,0.2413450055,upper,30,64
5.2,2.6999999999999997,0.2414570055,upper,30,65
5.28,2.6999999999999997,0.2915734855,upper,30,66
5.36,2.6999999999999997,0.2916944455,upper,30,67
5.44,2.6999999999999997,0.2918198855,upper,30,68
5.5200000000000005,2.6999999999999997,0.2919498055,upper,30,69
5.6000000000000005,2.6999999999999997,0.29208420549999997,upper,30,70
5.68,2.6999999999999997,0.2922230855,upper,30,71
5.76,2.6999999999999997,0.2923664455,upper,30,72
5.84,2.6999999999999997,0.29251428549999997,upper,30,73
5.92,2.6999999999999997,0.2926666055,upper,30,74
6.0,2.6999999999999997,0.2928234055,upper,30,75
6.08,2.6999999999999997,0.2929846855,upper,30,76
6.16,2.6999999999999997,0.29315044549999997,upper,30,77
6.24,2.6999999999999997,0.2933206855,upper,30,78
6.32,2.6999999999999997,0.2934954055,upper,30,79
0.0,2.79,0.2434989695,upper,31,0
0.08,2.79,0.2433242495,upper,31,1
0.16,2.79,0.2431540095,upper,31,2
0.24,2.79,0.2429882495,upper,31,3
0.32,2.79,0.24282696950000002,upper,31,4
0.4,2.79,0.2426701695,upper,31,5
0.48,2.79,0.2425178495,upper,31,6
0.56,2.79,0.2423700095,upper,31,7
0.64,2.79,0.2422266495,upper,31,8
0.72,2.79,0.2420877695,upper,31,9
0.8,2.79,0.24195336950000002,upper,31,10
0.88,2.79,0.2418234495,upper,31,11
0.96,2.79,0.2416980095,upper,31,12
1.04,2.79,0.2415770495,upper,31,13
1.12,2.79,0.2414605695,upper,31,14
1.2,2.79,0.2413485695,upper,31,15
1.28,2.79,0.2412410495,upper,31,16
1.36,2.79,0.2411380095,upper,31,17
1.44,2.79,0.2410394495,upper,31,18
1.52,2.79,0.2409453695,upper,31,19
1.6,2.79,0.2408557695,upper,31,20
1.68,2.79,0.24077064950000002,upper,31,21
1.76,2.79,0.2406900095,upper,31,22
1.84,2.79,0.2406138495,upper,31,23
1.92,2.79,0.2405421695,upper,31,24
2.0,2.79,0.2404749695,upper,31,25
2.08,2.79,0.2404122495,upper,31,26
2.16,2.79,0.2403540095,upper,31,27
2.24,2.79,0.2403002495,upper,31,28
2.32,2.79,0.2402509695,upper,31,29
2.4,2.79,0.2402061695,upper,31,30
2.48,2.79,0.2401658495,upper,31,31
2.56,2.79,0.2401300095,upper,31,32
2.64,2.79,0.2400986495,upper,31,33
3.52,2.79,0.2400493695,upper,31,44
3.6,2.79,0.2400717695,upper,31,45
3.68,2.79,0.2400986495,upper,31,46
3.7600000000000002,2.79,0.2401300095,upper,31,47
3.84,2.79,0.2401658495,upper,31,48
3.92,2.79,0.2402061695,upper,31,49
4.0,2.79,0.2402509695,upper,31,50
4.08,2.79,0.2403002495,upper,31,51
4.16,2.79,0.2403540095,upper,31,52
4.24,2.79,0.2404122495,upper,31,53
4.32,2.79,0.2404749695,upper,31,54
4.4,2.79,0.2405421695,upper,31,55
4.48,2.79,0.2406138495,upper,31,56
4.5600000000000005,2.79,0.2406900095,upper,31,57
4.64,2.79,0.24077064950000002,upper,31,58
4.72,2.79,0.2408557695,upper,31,59
4.8,2.79,0.2409453695,upper,31,60
4.88,2.79,0.2410394495,upper,31,61
4.96,2.79,0.2411380095,upper,31,62
5.04,2.79,0.2412410495,upper,31,63
5.12,2.79,0.2413485695,upper,31,64
5.2,2.79,0.2414605695,upper,31,65
5.28,2.79,0.2915770495,upper,31,66
5.36,2.79,0.2916980095,upper,31,67
5.44,2.79,0.2918234495,upper,31,68
5.5200000000000005,2.79,0.2919533695,upper,31,69
5.6000000000000005,2.79,0.2920877695,upper,31,70
5.68,2.79,0.2922266495,upper,31,71
5.76,2.79,0.2923700095,upper,31,72
5.84,2.79,0.2925178495,upper,31,73
5.92,2.79,0.2926701695,upper,31,74
6.0,2.79,0.29282696950000003,upper,31,75
6.08,2.79,0.2929882495,upper,31,76
6.16,2.79,0.2931540095,upper,31,77
6.24,2.79,0.2933242495,upper,31,78
6.32,2.79,0.2934989695,upper,31,79
0.0,2.88,0.2435060975,upper,32,0
0.08,2.88,0.2433313775,upper,32,1
0.16,2.88,0.24316113749999999,upper,32,2
0.24,2.88,0.2429953775,upper,32,3
0.32,2.88,0.2428340975,upper,32,4
0.4,2.88,0.2426772975,upper,32,5
0.48,2.88,0.2425249775,upper,32,6
0.56,2.88,0.2423771375,upper,32,7
0.64,2.88,0.2422337775,upper,32,8
0.72,2.88,0.2420948975,upper,32,9
0.8,2.88,0.2419604975,upper,32,10
0.88,2.88,0.2418305775,upper,32,11
0.96,2.88,0.2417051375,upper,32,12
1.04,2.88,0.2415841775,upper,32,13
1.12,2.88,0.2414676975,upper,32,14
1.2,2.88,0.2413556975,upper,32,15
1.28,2.88,0.2412481775,upper,32,16
1.36,2.88,0.2411451375,upper,32,17
1.44,2.88,0.2410465775,upper,32,18
1.52,2.88,0.2409524975,upper,32,19
1.6,2.88,0.2408628975,upper,32,20
1.68,2.88,0.2407777775,upper,32,21
1.76,2.88,0.2406971375,upper,32,22
1.84,2.88,0.2406209775,upper,32,23
1.92,2.88,0.2405492975,upper,32,24
2.0,2.88,0.2404820975,upper,32,25
2.08,2.88,0.2404193775,upper,32,26
2.16,2.88,0.2403611375,upper,32,27
2.24,2.88,0.2403073775,upper,32,28
2.32,2.88,0.2402580975,upper,32,29
2.4,2.88,0.2402132975,upper,32,30
2.48,2.88,0.2401729775,upper,32,31
2.56,2.88,0.2401371375,upper,32,32
2.64,2.88,0.2401057775,upper,32,33
3.52,2.88,0.2400564975,upper,32,44
3.6,2.88,0.2400788975,upper,32,45
3.68,2.88,0.2401057775,upper,32,46
3.7600000000000002,2.88,0.2401371375,upper,32,47
3.84,2.88,0.2401729775,upper,32,48
3.92,2.88,0.2402132975,upper,32,49
4.0,2.88,0.2402580975,upper,32,50
4.08,2.88,0.2403073775,upper,32,51
4.16,2.88,0.2403611375,upper,32,52
4.24,2.88,0.2404193775,upper,32,53
4.32,2.88,0.2404820975,upper,32,54
4.4,2.88,0.2405492975,upper,32,55
4.48,2.88,0.2406209775,upper,32,56
4.5600000000000005,2.88,0.2406971375,upper,32,57
4.64,2.88,0.2407777775,upper,32,58
4.72,2.88,0.2408628975,upper,32,59
4.8,2.88,0.2409524975,upper,32,60
4.88,2.88,0.2410465775,upper,32,61
4.96,2.88,0.2411451375,upper,32,62
5.04,2.88,0.2412481775,upper,32,63
5.12,2.88,0.2413556975,upper,32,64
5.2,2.88,0.2414676975,upper,32,65
5.28,2.88,0.2915841775,upper,32,66
5.36,2.88,0.2917051375,upper,32,67
5.44,2.88,0.2918305775,upper,32,68
5.5200000000000005,2.88,0.2919604975,upper,32,69
5.6000000000000005,2.88,0.2920948975,upper,32,70
5.68,2.88,0.2922337775,upper,32,71
5.76,2.88,0.2923771375,upper,32,72
5.84,2.88,0.2925249775,upper,32,73
5.92,2.88,0.2926772975,upper,32,74
6.0,2.88,0.2928340975,upper,32,75
6.08,2.88,0.2929953775,upper,32,76
6.16,2.88,0.2931611375,upper,32,77
6.24,2.88,0.2933313775,upper,32,78
6.32,2.88,0.2935060975,upper,32,79
0.0,2.9699999999999998,0.24351678949999997,upper,33,0
0.08,2.9699999999999998,0.24334206949999998,upper,33,1
0.16,2.9699999999999998,0.24317182949999996,upper,33,2
0.24,2.9699999999999998,0.24300606949999998,upper,33,3
0.32,2.9699999999999998,0.2428447895,upper,33,4
0.4,2.9699999999999998,0.24268798949999998,upper,33,5
0.48,2.9699999999999998,0.24253566949999997,upper,33,6
0.56,2.9699999999999998,0.24238782949999998,upper,33,7
0.64,2.9699999999999998,0.24224446949999998,upper,33,8
0.72,2.9699999999999998,0.24210558949999997,upper,33,9
0.8,2.9699999999999998,0.2419711895,upper,33,10
0.88,2.9699999999999998,0.24184126949999998,upper,33,11
0.96,2.9699999999999998,0.24171582949999998,upper,33,12
1.04,2.9699999999999998,0.24159486949999998,upper,33,13
1.12,2.9699999999999998,0.24147838949999997,upper,33,14
1.2,2.9699999999999998,0.24136638949999997,upper,33,15
1.28,2.9699999999999998,0.24125886949999997,upper,33,16
1.36,2.9699999999999998,0.24115582949999997,upper,33,17
1.44,2.9699999999999998,0.24105726949999998,upper,33,18
1.52,2.9699999999999998,0.24096318949999998,upper,33,19
1.6,2.9699999999999998,0.24087358949999998,upper,33,20
1.68,2.9699999999999998,0.2407884695,upper,33,21
1.76,2.9699999999999998,0.24070782949999997,upper,33,22
1.84,2.9699999999999998,0.24063166949999998,upper,33,23
1.92,2.9699999999999998,0.2405599895,upper,33,24
2.0,2.9699999999999998,0.24049278949999997,upper,33,25
2.08,2.9699999999999998,0.24043006949999998,upper,33,26
2.16,2.9699999999999998,0.24037182949999997,upper,33,27
2.24,2.9699999999999998,0.24031806949999998,upper,33,28
2.32,2.9699999999999998,0.24026878949999997,upper,33,29
2.4,2.9699999999999998,0.24022398949999998,upper,33,30
2.48,2.9699999999999998,0.24018366949999997,upper,33,31
2.56,2.9699999999999998,0.24014782949999997,upper,33,32
2.64,2.9699999999999998,0.24011646949999998,upper,33,33
3.52,2.9699999999999998,0.24006718949999997,upper,33,44
3.6,2.9699999999999998,0.24008958949999998,upper,33,45
3.68,2.9699999999999998,0.24011646949999998,upper,33,46
3.7600000000000002,2.9699999999999998,0.24014782949999997,upper,33,47
3.84,2.9699999999999998,0.24018366949999997,upper,33,48
3.92,2.9699999999999998,0.24022398949999998,upper,33,49
4.0,2.9699999999999998,0.24026878949999997,upper,33,50
4.08,2.9699999999999998,0.24031806949999998,upper,33,51
4.16,2.9699999999999998,0.24037182949999997,upper,33,52
4.24,2.9699999999999998,0.24043006949999998,upper,33,53
4.32,2.9699999999999998,0.24049278949999997,upper,33,54
4.4,2.9699999999999998,0.2405599895,upper,33,55
4.48,2.9699999999999998,0.24063166949999998,upper,33,56
4.5600000000000005,2.9699999999999998,0.24070782949999997,upper,33,57
4.64,2.9699999999999998,0.2407884695,upper,33,58
4.72,2.9699999999999998,0.24087358949999998,upper,33,59
4.8,2.9699999999999998,0.24096318949999998,upper,33,60
4.88,2.9699999999999998,0.24105726949999998,upper,33,61
4.96,2.9699999999999998,0.24115582949999997,upper,33,62
5.04,2.9699999999999998,0.24125886949999997,upper,33,63
5.12,2.9699999999999998,0.24136638949999997,upper,33,64
5.2,2.9699999999999998,0.24147838949999997,upper,33,65
5.28,2.9699999999999998,0.29159486949999996,upper,33,66
5.36,2.9699999999999998,0.29171582949999997,upper,33,67
5.44,2.9699999999999998,0.2918412695,upper,33,68
5.5200000000000005,2.9699999999999998,0.2919711895,upper,33,69
5.6000000000000005,2.9699999999999998,0.2921055895,upper,33,70
5.68,2.9699999999999998,0.2922444695,upper,33,71
5.76,2.9699999999999998,0.2923878295,upper,33,72
5.84,2.9699999999999998,0.2925356695,upper,33,73
5.92,2.9699999999999998,0.29268798949999997,upper,33,74
6.0,2.9699999999999998,0.2928447895,upper,33,75
6.08,2.9699999999999998,0.29300606949999997,upper,33,76
6.16,2.9699999999999998,0.2931718295,upper,33,77
6.24,2.9699999999999998,0.29334206949999997,upper,33,78
6.32,2.9699999999999998,0.2935167895,upper,33,79
0.0,3.06,0.2435310455,upper,34,0
0.08,3.06,0.2433563255,upper,34,1
0.16,3.06,0.24318608549999998,upper,34,2
0.24,3.06,0.2430203255,upper,34,3
0.32,3.06,0.2428590455,upper,34,4
0.4,3.06,0.2427022455,upper,34,5
0.48,3.06,0.24254992549999999,upper,34,6
0.56,3.06,0.2424020855,upper,34,7
0.64,3.06,0.2422587255,upper,34,8
0.72,3.06,0.24211984549999999,upper,34,9
0.8,3.06,0.2419854455,upper,34,10
0.88,3.06,0.2418555255,upper,34,11
0.96,3.06,0.2417300855,upper,34,12
1.04,3.06,0.2416091255,upper,34,13
1.12,3.06,0.2414926455,upper,34,14
1.2,3.06,0.2413806455,upper,34,15
1.28,3.06,0.2412731255,upper,34,16
1.36,3.06,0.2411700855,upper,34,17
1.44,3.06,0.2410715255,upper,34,18
1.52,3.06,0.2409774455,upper,34,19
1.6,3.06,0.2408878455,upper,34,20
1.68,3.06,0.2408027255,upper,34,21
1.76,3.06,0.2407220855,upper,34,22
1.84,3.06,0.2406459255,upper,34,23
1.92,3.06,0.2405742455,upper,34,24
2.0,3.06,0.2405070455,upper,34,25
2.08,3.06,0.2404443255,upper,34,26
2.16,3.06,0.24038608549999999,upper,34,27
2.24,3.06,0.2403323255,upper,34,28
2.32,3.06,0.2402830455,upper,34,29
2.4,3.06,0.2402382455,upper,34,30
2.48,3.06,0.2401979255,upper,34,31
2.56,3.06,0.24016208549999998,upper,34,32
2.64,3.06,0.2401307255,upper,34,33
3.52,3.06,0.2400814455,upper,34,44
3.6,3.06,0.2401038455,upper,34,45
3.68,3.06,0.2401307255,upper,34,46
3.7600000000000002,3.06,0.24016208549999998,upper,34,47
3.84,3.06,0.2401979255,upper,34,48
3.92,3.06,0.2402382455,upper,34,49
4.0,3.06,0.2402830455,upper,34,50
4.08,3.06,0.2403323255,upper,34,51
4.16,3.06,0.24038608549999999,upper,34,52
4.24,3.06,0.2404443255,upper,34,53
4.32,3.06,0.2405070455,upper,34,54
4.4,3.06,0.2405742455,upper,34,55
4.48,3.06,0.2406459255,upper,34,56
4.5600000000000005,3.06,0.2407220855,upper,34,57
4.64,3.06,0.2408027255,upper,34,58
4.72,3.06,0.2408878455,upper,34,59
4.8,3.06,0.2409774455,upper,34,60
4.88,3.06,0.2410715255,upper,34,61
4.96,3.06,0.2411700855,upper,34,62
5.04,3.06,0.2412731255,upper,34,63
5.12,3.06,0.2413806455,upper,34,64
5.2,3.06,0.2414926455,upper,34,65
5.28,3.06,0.2916091255,upper,34,66
5.36,3.06,0.2917300855,upper,34,67
5.44,3.06,0.2918555255,upper,34,68
5.5200000000000005,3.06,0.2919854455,upper,34,69
5.6000000000000005,3.06,0.2921198455,upper,34,70
5.68,3.06,0.2922587255,upper,34,71
5.76,3.06,0.2924020855,upper,34,72
5.84,3.06,0.2925499255,upper,34,73
5.92,3.06,0.2927022455,upper,34,74
6.0,3.06,0.2928590455,upper,34,75
6.08,3.06,0.2930203255,upper,34,76
6.16,3.06,0.29318608549999997,upper,34,77
6.24,3.06,0.2933563255,upper,34,78
6.32,3.06,0.2935310455,upper,34,79
0.0,3.15,0.2435488655,upper,35,0
0.08,3.15,0.2433741455,upper,35,1
0.16,3.15,0.24320390549999998,upper,35,2
0.24,3.15,0.2430381455,upper,35,3
0.32,3.15,0.2428768655,upper,35,4
0.4,3.15,0.2427200655,upper,35,5
0.48,3.15,0.2425677455,upper,35,6
0.56,3.15,0.2424199055,upper,35,7
0.64,3.15,0.2422765455,upper,35,8
0.72,3.15,0.2421376655,upper,35,9
0.8,3.15,0.2420032655,upper,35,10
0.88,3.15,0.2418733455,upper,35,11
0.96,3.15,0.2417479055,upper,35,12
1.04,3.15,0.2416269455,upper,35,13
1.12,3.15,0.2415104655,upper,35,14
1.2,3.15,0.2413984655,upper,35,15
1.28,3.15,0.2412909455,upper,35,16
1.36,3.15,0.2411879055,upper,35,17
1.44,3.15,0.2410893455,upper,35,18
1.52,3.15,0.2409952655,upper,35,19
1.6,3.15,0.2409056655,upper,35,20
1.68,3.15,0.2408205455,upper,35,21
1.76,3.15,0.2407399055,upper,35,22
1.84,3.15,0.2406637455,upper,35,23
1.92,3.15,0.2405920655,upper,35,24
2.0,3.15,0.2405248655,upper,35,25
2.08,3.15,0.2404621455,upper,35,26
2.16,3.15,0.2404039055,upper,35,27
2.24,3.15,0.2403501455,upper,35,28
2.32,3.15,0.2403008655,upper,35,29
2.4,3.15,0.2402560655,upper,35,30
2.48,3.15,0.2402157455,upper,35,31
2.56,3.15,0.24017990549999998,upper,35,32
2.64,3.15,0.2401485455,upper,35,33
2.72,3.15,0.2401216655,upper,35,34
2.8000000000000003,3.15,0.2400992655,upper,35,35
2.88,3.15,0.2400813455,upper,35,36
2.96,3.15,0.24006790549999998,upper,35,37
3.04,3.15,0.2400589455,upper,35,38
3.12,3.15,0.2400544655,upper,35,39
3.2,3.15,0.2400544655,upper,35,40
3.2800000000000002,3.15,0.2400589455,upper,35,41
3.36,3.15,0.24006790549999998,upper,35,42
3.44,3.15,0.2400813455,upper,35,43
3.52,3.15,0.2400992655,upper,35,44
3.6,3.15,0.2401216655,upper,35,45
3.68,3.15,0.2401485455,upper,35,46
3.7600000000000002,3.15,0.24017990549999998,upper,35,47
3.84,3.15,0.2402157455,upper,35,48
3.92,3.15,0.2402560655,upper,35,49
4.0,3.15,0.2403008655,upper,35,50
4.08,3.15,0.2403501455,upper,35,51
4.16,3.15,0.2404039055,upper,35,52
4.24,3.15,0.2404621455,upper,35,53
4.32,3.15,0.2405248655,upper,35,54
4.4,3.15,0.2405920655,upper,35,55
4.48,3.15,0.2406637455,upper,35,56
4.5600000000000005,3.15,0.2407399055,upper,35,57
4.64,3.15,0.2408205455,upper,35,58
4.72,3.15,0.2409056655,upper,35,59
4.8,3.15,0.2409952655,upper,35,60
4.88,3.15,0.2410893455,upper,35,61
4.96,3.15,0.2411879055,upper,35,62
5.04,3.15,0.2412909455,upper,35,63
5.12,3.15,0.2413984655,upper,35,64
5.2,3.15,0.2415104655,upper,35,65
5.28,3.15,0.2916269455,upper,35,66
5.36,3.15,0.2917479055,upper,35,67
5.44,3.15,0.2918733455,upper,35,68
5.5200000000000005,3.15,0.2920032655,upper,35,69
5.6000000000000005,3.15,0.2921376655,upper,35,70
5.68,3.15,0.2922765455,upper,35,71
5.76,3.15,0.2924199055,upper,35,72
5.84,3.15,0.2925677455,upper,35,73
5.92,3.15,0.2927200655,upper,35,74
6.0,3.15,0.2928768655,upper,35,75
6.08,3.15,0.2930381455,upper,35,76
6.16,3.15,0.2932039055,upper,35,77
6.24,3.15,0.2933741455,upper,35,78
6.32,3.15,0.2935488655,upper,35,79
0.0,3.2399999999999998,0.24357024949999997,upper,36,0
0.08,3.2399999999999998,0.24339552949999999,upper,36,1
0.16,3.2399999999999998,0.24322528949999997,upper,36,2
0.24,3.2399999999999998,0.24305952949999998,upper,36,3
0.32,3.2399999999999998,0.2428982495,upper,36,4
0.4,3.2399999999999998,0.24274144949999998,upper,36,5
0.48,3.2399999999999998,0.24258912949999997,upper,36,6
0.56,3.2399999999999998,0.2424412895,upper,36,7
0.64,3.2399999999999998,0.24229792949999998,upper,36,8
0.72,3.2399999999999998,0.24215904949999997,upper,36,9
0.8,3.2399999999999998,0.2420246495,upper,36,10
0.88,3.2399999999999998,0.2418947295,upper,36,11
0.96,3.2399999999999998,0.24176928949999998,upper,36,12
1.04,3.2399999999999998,0.24164832949999998,upper,36,13
1.12,3.2399999999999998,0.24153184949999998,upper,36,14
1.2,3.2399999999999998,0.24141984949999998,upper,36,15
1.28,3.2399999999999998,0.24131232949999998,upper,36,16
1.36,3.2399999999999998,0.24120928949999998,upper,36,17
1.44,3.2399999999999998,0.24111072949999998,upper,36,18
1.52,3.2399999999999998,0.24101664949999999,upper,36,19
1.6,3.2399999999999998,0.2409270495,upper,36,20
1.68,3.2399999999999998,0.2408419295,upper,36,21
1.76,3.2399999999999998,0.24076128949999998,upper,36,22
1.84,3.2399999999999998,0.24068512949999998,upper,36,23
1.92,3.2399999999999998,0.2406134495,upper,36,24
2.0,3.2399999999999998,0.24054624949999998,upper,36,25
2.08,3.2399999999999998,0.2404835295,upper,36,26
2.16,3.2399999999999998,0.24042528949999997,upper,36,27
2.24,3.2399999999999998,0.2403715295,upper,36,28
2.32,3.2399999999999998,0.24032224949999997,upper,36,29
2.4,3.2399999999999998,0.2402774495,upper,36,30
2.48,3.2399999999999998,0.24023712949999998,upper,36,31
2.56,3.2399999999999998,0.24020128949999997,upper,36,32
2.64,3.2399999999999998,0.2401699295,upper,36,33
2.72,3.2399999999999998,0.24014304949999998,upper,36,34
2.8000000000000003,3.2399999999999998,0.24012064949999998,upper,36,35
2.88,3.2399999999999998,0.24010272949999997,upper,36,36
2.96,3.2399999999999998,0.24008928949999997,upper,36,37
3.04,3.2399999999999998,0.2400803295,upper,36,38
3.12,3.2399999999999998,0.2400758495,upper,36,39
3.2,3.2399999999999998,0.2400758495,upper,36,40
3.2800000000000002,3.2399999999999998,0.2400803295,upper,36,41
3.36,3.2399999999999998,0.24008928949999997,upper,36,42
3.44,3.2399999999999998,0.24010272949999997,upper,36,43
3.52,3.2399999999999998,0.24012064949999998,upper,36,44
3.6,3.2399999999999998,0.24014304949999998,upper,36,45
3.68,3.2399999999999998,0.2401699295,upper,36,46
3.7600000000000002,3.2399999999999998,0.24020128949999997,upper,36,47
3.84,3.2399999999999998,0.24023712949999998,upper,36,48
3.92,3.2399999999999998,0.2402774495,upper,36,49
4.0,3.2399999999999998,0.24032224949999997,upper,36,50
4.08,3.2399999999999998,0.2403715295,upper,36,51
4.16,3.2399999999999998,0.24042528949999997,upper,36,52
4.24,3.2399999999999998,0.2404835295,upper,36,53
4.32,3.2399999999999998,0.24054624949999998,upper,36,54
4.4,3.2399999999999998,0.2406134495,upper,36,55
4.48,3.2399999999999998,0.24068512949999998,upper,36,56
4.5600000000000005,3.2399999999999998,0.24076128949999998,upper,36,57
4.64,3.2399999999999998,0.2408419295,upper,36,58
4.72,3.2399999999999998,0.2409270495,upper,36,59
4.8,3.2399999999999998,0.24101664949999999,upper,36,60
4.88,3.2399999999999998,0.24111072949999998,upper,36,61
4.96,3.2399999999999998,0.24120928949999998,upper,36,62
5.04,3.2399999999999998,0.24131232949999998,upper,36,63
5.12,3.2399999999999998,0.24141984949999998,upper,36,64
5.2,3.2399999999999998,0.24153184949999998,upper,36,65
5.28,3.2399999999999998,0.29164832949999997,upper,36,66
5.36,3.2399999999999998,0.2917692895,upper,36,67
5.44,3.2399999999999998,0.2918947295,upper,36,68
5.5200000000000005,3.2399999999999998,0.2920246495,upper,36,69
5.6000000000000005,3.2399999999999998,0.2921590495,upper,36,70
5.68,3.2399999999999998,0.2922979295,upper,36,71
5.76,3.2399999999999998,0.2924412895,upper,36,72
5.84,3.2399999999999998,0.2925891295,upper,36,73
5.92,3.2399999999999998,0.2927414495,upper,36,74
6.0,3.2399999999999998,0.2928982495,upper,36,75
6.08,3.2399999999999998,0.29305952949999997,upper,36,76
6.16,3.2399999999999998,0.2932252895,upper,36,77
6.24,3.2399999999999998,0.2933955295,upper,36,78
6.32,3.2399999999999998,0.2935702495,upper,36,79
0.0,3.33,0.24359519749999997,upper,37,0
0.08,3.33,0.24342047749999998,upper,37,1
0.16,3.33,0.24325023749999997,upper,37,2
0.24,3.33,0.24308447749999998,upper,37,3
0.32,3.33,0.2429231975,upper,37,4
0.4,3.33,0.24276639749999998,upper,37,5
0.48,3.33,0.24261407749999997,upper,37,6
0.56,3.33,0.2424662375,upper,37,7
0.64,3.33,0.24232287749999998,upper,37,8
0.72,3.33,0.24218399749999997,upper,37,9
0.8,3.33,0.2420495975,upper,37,10
0.88,3.33,0.24191967749999999,upper,37,11
0.96,3.33,0.24179423749999998,upper,37,12
1.04,3.33,0.24167327749999998,upper,37,13
1.12,3.33,0.24155679749999998,upper,37,14
1.2,3.33,0.24144479749999997,upper,37,15
1.28,3.33,0.24133727749999997,upper,37,16
1.36,3.33,0.24123423749999998,upper,37,17
1.44,3.33,0.24113567749999998,upper,37,18
1.52,3.33,0.24104159749999998,upper,37,19
1.6,3.33,0.2409519975,upper,37,20
1.68,3.33,0.2408668775,upper,37,21
1.76,3.33,0.24078623749999997,upper,37,22
1.84,3.33,0.24071007749999998,upper,37,23
1.92,3.33,0.2406383975,upper,37,24
2.0,3.33,0.24057119749999997,upper,37,25
2.08,3.33,0.24050847749999998,upper,37,26
2.16,3.33,0.24045023749999997,upper,37,27
2.24,3.33,0.24039647749999998,upper,37,28
2.32,3.33,0.24034719749999997,upper,37,29
2.4,3.33,0.2403023975,upper,37,30
2.48,3.33,0.24026207749999998,upper,37,31
2.56,3.33,0.24022623749999997,upper,37,32
2.64,3.33,0.2401948775,upper,37,33
2.72,3.33,0.24016799749999998,upper,37,34
2.8000000000000003,3.33,0.24014559749999997,upper,37,35
2.88,3.33,0.24012767749999997,upper,37,36
2.96,3.33,0.24011423749999997,upper,37,37
3.04,3.33,0.2401052775,upper,37,38
3.12,3.33,0.2401007975,upper,37,39
3.2,3.33,0.2401007975,upper,37,40
3.2800000000000002,3.33,0.2401052775,upper,37,41
3.36,3.33,0.24011423749999997,upper,37,42
3.44,3.33,0.24012767749999997,upper,37,43
3.52,3.33,0.24014559749999997,upper,37,44
3.6,3.33,0.24016799749999998,upper,37,45
3.68,3.33,0.2401948775,upper,37,46
3.7600000000000002,3.33,0.24022623749999997,upper,37,47
3.84,3.33,0.24026207749999998,upper,37,48
3.92,3.33,0.2403023975,upper,37,49
4.0,3.33,0.24034719749999997,upper,37,50
4.08,3.33,0.24039647749999998,upper,37,51
4.16,3.33,0.24045023749999997,upper,37,52
4.24,3.33,0.24050847749999998,upper,37,53
4.32,3.33,0.24057119749999997,upper,37,54
4.4,3.33,0.2406383975,upper,37,55
4.48,3.33,0.24071007749999998,upper,37,56
4.5600000000000005,3.33,0.24078623749999997,upper,37,57
4.64,3.33,0.2408668775,upper,37,58
4.72,3.33,0.2409519975,upper,37,59
4.8,3.33,0.24104159749999998,upper,37,60
4.88,3.33,0.24113567749999998,upper,37,61
4.96,3.33,0.24123423749999998,upper,37,62
5.04,3.33,0.24133727749999997,upper,37,63
5.12,3.33,0.24144479749999997,upper,37,64
5.2,3.33,0.24155679749999998,upper,37,65
5.28,3.33,0.2916732775,upper,37,66
5.36,3.33,0.2917942375,upper,37,67
5.44,3.33,0.2919196775,upper,37,68
5.5200000000000005,3.33,0.2920495975,upper,37,69
5.6000000000000005,3.33,0.29218399749999996,upper,37,70
5.68,3.33,0.29232287749999997,upper,37,71
5.76,3.33,0.2924662375,upper,37,72
5.84,3.33,0.29261407749999996,upper,37,73
5.92,3.33,0.2927663975,upper,37,74
6.0,3.33,0.2929231975,upper,37,75
6.08,3.33,0.2930844775,upper,37,76
6.16,3.33,0.29325023749999996,upper,37,77
6.24,3.33,0.2934204775,upper,37,78
6.32,3.33,0.29359519749999996,upper,37,79
0.0,3.42,0.24362370949999998,upper,38,0
0.08,3.42,0.2434489895,upper,38,1
0.16,3.42,0.24327874949999997,upper,38,2
0.24,3.42,0.2431129895,upper,38,3
0.32,3.42,0.2429517095,upper,38,4
0.4,3.42,0.2427949095,upper,38,5
0.48,3.42,0.24264258949999998,upper,38,6
0.56,3.42,0.2424947495,upper,38,7
0.64,3.42,0.2423513895,upper,38,8
0.72,3.42,0.24221250949999998,upper,38,9
0.8,3.42,0.2420781095,upper,38,10
0.88,3.42,0.2419481895,upper,38,11
0.96,3.42,0.2418227495,upper,38,12
1.04,3.42,0.24170178949999999,upper,38,13
1.12,3.42,0.24158530949999998,upper,38,14
1.2,3.42,0.24147330949999998,upper,38,15
1.28,3.42,0.24136578949999998,upper,38,16
1.36,3.42,0.24126274949999998,upper,38,17
1.44,3.42,0.2411641895,upper,38,18
1.52,3.42,0.2410701095,upper,38,19
1.6,3.42,0.2409805095,upper,38,20
1.68,3.42,0.2408953895,upper,38,21
1.76,3.42,0.24081474949999998,upper,38,22
1.84,3.42,0.2407385895,upper,38,23
1.92,3.42,0.2406669095,upper,38,24
2.0,3.42,0.24059970949999998,upper,38,25
2.08,3.42,0.2405369895,upper,38,26
2.16,3.42,0.24047874949999998,upper,38,27
2.24,3.42,0.2404249895,upper,38,28
2.32,3.42,0.24037570949999998,upper,38,29
2.4,3.42,0.2403309095,upper,38,30
2.48,3.42,0.24029058949999998,upper,38,31
2.56,3.42,0.24025474949999998,upper,38,32
2.64,3.42,0.2402233895,upper,38,33
2.72,3.42,0.2401965095,upper,38,34
2.8000000000000003,3.42,0.24017410949999998,upper,38,35
2.88,3.42,0.24015618949999998,upper,38,36
2.96,3.42,0.24014274949999997,upper,38,37
3.04,3.42,0.2401337895,upper,38,38
3.12,3.42,0.2401293095,upper,38,39
3.2,3.42,0.2401293095,upper,38,40
3.2800000000000002,3.42,0.2401337895,upper,38,41
3.36,3.42,0.24014274949999997,upper,38,42
3.44,3.42,0.24015618949999998,upper,38,43
3.52,3.42,0.24017410949999998,upper,38,44
3.6,3.42,0.2401965095,upper,38,45
3.68,3.42,0.2402233895,upper,38,46
3.7600000000000002,3.42,0.24025474949999998,upper,38,47
3.84,3.42,0.24029058949999998,upper,38,48
3.92,3.42,0.2403309095,upper,38,49
4.0,3.42,0.24037570949999998,upper,38,50
4.08,3.42,0.2404249895,upper,38,51
4.16,3.42,0.24047874949999998,upper,38,52
4.24,3.42,0.2405369895,upper,38,53
4.32,3.42,0.24059970949999998,upper,38,54
4.4,3.42,0.2406669095,upper,38,55
4.48,3.42,0.2407385895,upper,38,56
4.5600000000000005,3.42,0.24081474949999998,upper,38,57
4.64,3.42,0.2408953895,upper,38,58
4.72,3.42,0.2409805095,upper,38,59
4.8,3.42,0.2410701095,upper,38,60
4.88,3.42,0.2411641895,upper,38,61
4.96,3.42,0.24126274949999998,upper,38,62
5.04,3.42,0.24136578949999998,upper,38,63
5.12,3.42,0.24147330949999998,upper,38,64
5.2,3.42,0.24158530949999998,upper,38,65
5.28,3.42,0.2917017895,upper,38,66
5.36,3.42,0.2918227495,upper,38,67
5.44,3.42,0.2919481895,upper,38,68
5.5200000000000005,3.42,0.2920781095,upper,38,69
5.6000000000000005,3.42,0.2922125095,upper,38,70
5.68,3.42,0.2923513895,upper,38,71
5.76,3.42,0.2924947495,upper,38,72
5.84,3.42,0.2926425895,upper,38,73
5.92,3.42,0.2927949095,upper,38,74
6.0,3.42,0.2929517095,upper,38,75
6.08,3.42,0.2931129895,upper,38,76
6.16,3.42,0.2932787495,upper,38,77
6.24,3.42,0.2934489895,upper,38,78
6.32,3.42,0.2936237095,upper,38,79
0.0,3.51,0.24365578549999997,upper,39,0
0.08,3.51,0.24348106549999998,upper,39,1
0.16,3.51,0.24331082549999997,upper,39,2
0.24,3.51,0.24314506549999998,upper,39,3
0.32,3.51,0.2429837855,upper,39,4
0.4,3.51,0.24282698549999998,upper,39,5
0.48,3.51,0.24267466549999997,upper,39,6
0.56,3.51,0.2425268255,upper,39,7
0.64,3.51,0.24238346549999998,upper,39,8
0.72,3.51,0.24224458549999997,upper,39,9
0.8,3.51,0.2421101855,upper,39,10
0.88,3.51,0.24198026549999999,upper,39,11
0.96,3.51,0.24185482549999998,upper,39,12
1.04,3.51,0.24173386549999998,upper,39,13
1.12,3.51,0.24161738549999998,upper,39,14
1.2,3.51,0.24150538549999997,upper,39,15
1.28,3.51,0.24139786549999998,upper,39,16
1.36,3.51,0.24129482549999998,upper,39,17
1.44,3.51,0.24119626549999998,upper,39,18
1.52,3.51,0.24110218549999998,upper,39,19
1.6,3.51,0.2410125855,upper,39,20
1.68,3.51,0.2409274655,upper,39,21
1.76,3.51,0.24084682549999997,upper,39,22
1.84,3.51,0.24077066549999998,upper,39,23
1.92,3.51,0.2406989855,upper,39,24
2.0,3.51,0.24063178549999997,upper,39,25
2.08,3.51,0.24056906549999998,upper,39,26
2.16,3.51,0.24051082549999997,upper,39,27
2.24,3.51,0.24045706549999998,upper,39,28
2.32,3.51,0.24040778549999997,upper,39,29
2.4,3.51,0.2403629855,upper,39,30
2.48,3.51,0.24032266549999998,upper,39,31
2.56,3.51,0.24028682549999997,upper,39,32
2.64,3.51,0.2402554655,upper,39,33
2.72,3.51,0.24022858549999998,upper,39,34
2.8000000000000003,3.51,0.24020618549999997,upper,39,35
2.88,3.51,0.24018826549999997,upper,39,36
2.96,3.51,0.24017482549999997,upper,39,37
3.04,3.51,0.2401658655,upper,39,38
3.12,3.51,0.2401613855,upper,39,39
3.2,3.51,0.2401613855,upper,39,40
3.2800000000000002,3.51,0.2401658655,upper,39,41
3.36,3.51,0.24017482549999997,upper,39,42
3.44,3.51,0.24018826549999997,upper,39,43
3.52,3.51,0.24020618549999997,upper,39,44
3.6,3.51,0.24022858549999998,upper,39,45
3.68,3.51,0.2402554655,upper,39,46
3.7600000000000002,3.51,0.24028682549999997,upper,39,47
3.84,3.51,0.24032266549999998,upper,39,48
3.92,3.51,0.2403629855,upper,39,49
4.0,3.51,0.24040778549999997,upper,39,50
4.08,3.51,0.24045706549999998,upper,39,51
4.16,3.51,0.24051082549999997,upper,39,52
4.24,3.51,0.24056906549999998,upper,39,53
4.32,3.51,0.24063178549999997,upper,39,54
4.4,3.51,0.2406989855,upper,39,55
4.48,3.51,0.24077066549999998,upper,39,56
4.5600000000000005,3.51,0.24084682549999997,upper,39,57
4.64,3.51,0.2409274655,upper,39,58
4.72,3.51,0.2410125855,upper,39,59
4.8,3.51,0.24110218549999998,upper,39,60
4.88,3.51,0.24119626549999998,upper,39,61
4.96,3.51,0.24129482549999998,upper,39,62
5.04,3.51,0.24139786549999998,upper,39,63
5.12,3.51,0.24150538549999997,upper,39,64
5.2,3.51,0.24161738549999998,upper,39,65
5.28,3.51,0.29173386549999997,upper,39,66
5.36,3.51,0.29185482549999997,upper,39,67
5.44,3.51,0.2919802655,upper,39,68
5.5200000000000005,3.51,0.2921101855,upper,39,69
5.6000000000000005,3.51,0.2922445855,upper,39,70
5.68,3.51,0.2923834655,upper,39,71
5.76,3.51,0.2925268255,upper,39,72
5.84,3.51,0.2926746655,upper,39,73
5.92,3.51,0.29282698549999997,upper,39,74
6.0,3.51,0.2929837855,upper,39,75
6.08,3.51,0.29314506549999997,upper,39,76
6.16,3.51,0.2933108255,upper,39,77
6.24,3.51,0.29348106549999997,upper,39,78
6.32,3.51,0.2936557855,upper,39,79
0.0,3.5999999999999996,0.24369142549999998,upper,40,0
0.08,3.5999999999999996,0.24351670549999999,upper,40,1
0.16,3.5999999999999996,0.24334646549999997,upper,40,2
0.24,3.5999999999999996,0.24318070549999998,upper,40,3
0.32,3.5999999999999996,0.2430194255,upper,40,4
0.4,3.5999999999999996,0.24286262549999998,upper,40,5
0.48,3.5999999999999996,0.24271030549999997,upper,40,6
0.56,3.5999999999999996,0.2425624655,upper,40,7
0.64,3.5999999999999996,0.24241910549999998,upper,40,8
0.72,3.5999999999999996,0.24228022549999997,upper,40,9
0.8,3.5999999999999996,0.2421458255,upper,40,10
0.88,3.5999999999999996,0.2420159055,upper,40,11
0.96,3.5999999999999996,0.24189046549999998,upper,40,12
1.04,3.5999999999999996,0.24176950549999998,upper,40,13
1.12,3.5999999999999996,0.24165302549999998,upper,40,14
1.2,3.5999999999999996,0.24154102549999998,upper,40,15
1.28,3.5999999999999996,0.24143350549999998,upper,40,16
1.36,3.5999999999999996,0.24133046549999998,upper,40,17
1.44,3.5999999999999996,0.24123190549999998,upper,40,18
1.52,3.5999999999999996,0.24113782549999999,upper,40,19
1.6,3.5999999999999996,0.2410482255,upper,40,20
1.68,3.5999999999999996,0.2409631055,upper,40,21
1.76,3.5999999999999996,0.24088246549999998,upper,40,22
1.84,3.5999999999999996,0.24080630549999998,upper,40,23
1.92,3.5999999999999996,0.2407346255,upper,40,24
2.0,3.5999999999999996,0.24066742549999998,upper,40,25
2.08,3.5999999999999996,0.2406047055,upper,40,26
2.16,3.5999999999999996,0.24054646549999997,upper,40,27
2.24,3.5999999999999996,0.2404927055,upper,40,28
2.32,3.5999999999999996,0.24044342549999997,upper,40,29
2.4,3.5999999999999996,0.2403986255,upper,40,30
2.48,3.5999999999999996,0.24035830549999998,upper,40,31
2.56,3.5999999999999996,0.24032246549999997,upper,40,32
2.64,3.5999999999999996,0.2402911055,upper,40,33
2.72,3.5999999999999996,0.24026422549999998,upper,40,34
2.8000000000000003,3.5999999999999996,0.24024182549999998,upper,40,35
2.88,3.5999999999999996,0.24022390549999997,upper,40,36
2.96,3.5999999999999996,0.24021046549999997,upper,40,37
3.04,3.5999999999999996,0.2402015055,upper,40,38
3.12,3.5999999999999996,0.2401970255,upper,40,39
3.2,3.5999999999999996,0.2401970255,upper,40,40
3.2800000000000002,3.5999999999999996,0.2402015055,upper,40,41
3.36,3.5999999999999996,0.24021046549999997,upper,40,42
3.44,3.5999999999999996,0.24022390549999997,upper,40,43
3.52,3.5999999999999996,0.24024182549999998,upper,40,44
3.6,3.5999999999999996,0.24026422549999998,upper,40,45
3.68,3.5999999999999996,0.2402911055,upper,40,46
3.7600000000000002,3.5999999999999996,0.24032246549999997,upper,40,47
3.84,3.5999999999999996,0.24035830549999998,upper,40,48
3.92,3.5999999999999996,0.2403986255,upper,40,49
4.0,3.5999999999999996,0.24044342549999997,upper,40,50
4.08,3.5999999999999996,0.2404927055,upper,40,51
4.16,3.5999999999999996,0.24054646549999997,upper,40,52
4.24,3.5999999999999996,0.2406047055,upper,40,53
4.32,3.5999999999999996,0.24066742549999998,upper,40,54
4.4,3.5999999999999996,0.2407346255,upper,40,55
4.48,3.5999999999999996,0.24080630549999998,upper,40,56
4.5600000000000005,3.5999999999999996,0.24088246549999998,upper,40,57
4.64,3.5999999999999996,0.2409631055,upper,40,58
4.72,3.5999999999999996,0.2410482255,upper,40,59
4.8,3.5999999999999996,0.24113782549999999,upper,40,60
4.88,3.5999999999999996,0.24123190549999998,upper,40,61
4.96,3.5999999999999996,0.24133046549999998,upper,40,62
5.04,3.5999999999999996,0.24143350549999998,upper,40,63
5.12,3.5999999999999996,0.24154102549999998,upper,40,64
5.2,3.5999999999999996,0.24165302549999998,upper,40,65
5.28,3.5999999999999996,0.29176950549999997,upper,40,66
5.36,3.5999999999999996,0.2918904655,upper,40,67
5.44,3.5999999999999996,0.2920159055,upper,40,68
5.5200000000000005,3.5999999999999996,0.2921458255,upper,40,69
5.6000000000000005,3.5999999999999996,0.2922802255,upper,40,70
5.68,3.5999999999999996,0.2924191055,upper,40,71
5.76,3.5999999999999996,0.2925624655,upper,40,72
5.84,3.5999999999999996,0.2927103055,upper,40,73
5.92,3.5999999999999996,0.2928626255,upper,40,74
6.0,3.5999999999999996,0.2930194255,upper,40,75
6.08,3.5999999999999996,0.29318070549999997,upper,40,76
6.16,3.5999999999999996,0.2933464655,upper,40,77
6.24,3.5999999999999996,0.2935167055,upper,40,78
6.32,3.5999999999999996,0.2936914255,upper,40,79
0.0,3.69,0.2437306295,upper,41,0
0.08,3.69,0.2435559095,upper,41,1
0.16,3.69,0.24338566949999998,upper,41,2
0.24,3.69,0.2432199095,upper,41,3
0.32,3.69,0.2430586295,upper,41,4
0.4,3.69,0.2429018295,upper,41,5
0.48,3.69,0.2427495095,upper,41,6
0.56,3.69,0.2426016695,upper,41,7
0.64,3.69,0.2424583095,upper,41,8
0.72,3.69,0.2423194295,upper,41,9
0.8,3.69,0.2421850295,upper,41,10
0.88,3.69,0.2420551095,upper,41,11
0.96,3.69,0.2419296695,upper,41,12
1.04,3.69,0.2418087095,upper,41,13
1.12,3.69,0.2416922295,upper,41,14
1.2,3.69,0.2415802295,upper,41,15
1.28,3.69,0.2414727095,upper,41,16
1.36,3.69,0.2413696695,upper,41,17
1.44,3.69,0.2412711095,upper,41,18
1.52,3.69,0.2411770295,upper,41,19
1.6,3.69,0.2410874295,upper,41,20
1.68,3.69,0.2410023095,upper,41,21
1.76,3.69,0.2409216695,upper,41,22
1.84,3.69,0.2408455095,upper,41,23
1.92,3.69,0.2407738295,upper,41,24
2.0,3.69,0.2407066295,upper,41,25
2.08,3.69,0.2406439095,upper,41,26
2.16,3.69,0.2405856695,upper,41,27
2.24,3.69,0.2405319095,upper,41,28
2.32,3.69,0.2404826295,upper,41,29
2.4,3.69,0.2404378295,upper,41,30
2.48,3.69,0.2403975095,upper,41,31
2.56,3.69,0.24036166949999999,upper,41,32
2.64,3.69,0.2403303095,upper,41,33
2.72,3.69,0.2403034295,upper,41,34
2.8000000000000003,3.69,0.2402810295,upper,41,35
2.88,3.69,0.2402631095,upper,41,36
2.96,3.69,0.24024966949999998,upper,41,37
3.04,3.69,0.2402407095,upper,41,38
3.12,3.69,0.2402362295,upper,41,39
3.2,3.69,0.2402362295,upper,41,40
3.2800000000000002,3.69,0.2402407095,upper,41,41
3.36,3.69,0.24024966949999998,upper,41,42
3.44,3.69,0.2402631095,upper,41,43
3.52,3.69,0.2402810295,upper,41,44
3.6,3.69,0.2403034295,upper,41,45
3.68,3.69,0.2403303095,upper,41,46
3.7600000000000002,3.69,0.24036166949999999,upper,41,47
3.84,3.69,0.2403975095,upper,41,48
3.92,3.69,0.2404378295,upper,41,49
4.0,3.69,0.2404826295,upper,41,50
4.08,3.69,0.2405319095,upper,41,51
4.16,3.69,0.2405856695,upper,41,52
4.24,3.69,0.2406439095,upper,41,53
4.32,3.69,0.2407066295,upper,41,54
4.4,3.69,0.2407738295,upper,41,55
4.48,3.69,0.2408455095,upper,41,56
4.5600000000000005,3.69,0.2409216695,upper,41,57
4.64,3.69,0.2410023095,upper,41,58
4.72,3.69,0.2410874295,upper,41,59
4.8,3.69,0.2411770295,upper,41,60
4.88,3.69,0.2412711095,upper,41,61
4.96,3.69,0.2413696695,upper,41,62
5.04,3.69,0.2414727095,upper,41,63
5.12,3.69,0.2415802295,upper,41,64
5.2,3.69,0.2416922295,upper,41,65
5.28,3.69,0.2918087095,upper,41,66
5.36,3.69,0.2919296695,upper,41,67
5.44,3.69,0.2920551095,upper,41,68
5.5200000000000005,3.69,0.2921850295,upper,41,69
5.6000000000000005,3.69,0.2923194295,upper,41,70
5.68,3.69,0.2924583095,upper,41,71
5.76,3.69,0.2926016695,upper,41,72
5.84,3.69,0.2927495095,upper,41,73
5.92,3.69,0.2929018295,upper,41,74
6.0,3.69,0.2930586295,upper,41,75
6.08,3.69,0.2932199095,upper,41,76
6.16,3.69,0.2933856695,upper,41,77
6.24,3.69,0.2935559095,upper,41,78
6.32,3.69,0.2937306295,upper,41,79
0.0,3.78,0.2437733975,upper,42,0
0.08,3.78,0.2435986775,upper,42,1
0.16,3.78,0.24342843749999998,upper,42,2
0.24,3.78,0.2432626775,upper,42,3
0.32,3.78,0.2431013975,upper,42,4
0.4,3.78,0.2429445975,upper,42,5
0.48,3.78,0.2427922775,upper,42,6
0.56,3.78,0.2426444375,upper,42,7
0.64,3.78,0.2425010775,upper,42,8
0.72,3.78,0.2423621975,upper,42,9
0.8,3.78,0.2422277975,upper,42,10
0.88,3.78,0.2420978775,upper,42,11
0.96,3.78,0.2419724375,upper,42,12
1.04,3.78,0.2418514775,upper,42,13
1.12,3.78,0.2417349975,upper,42,14
1.2,3.78,0.2416229975,upper,42,15
1.28,3.78,0.2415154775,upper,42,16
1.36,3.78,0.2414124375,upper,42,17
1.44,3.78,0.2413138775,upper,42,18
1.52,3.78,0.2412197975,upper,42,19
1.6,3.78,0.2411301975,upper,42,20
1.68,3.78,0.2410450775,upper,42,21
1.76,3.78,0.2409644375,upper,42,22
1.84,3.78,0.2408882775,upper,42,23
1.92,3.78,0.2408165975,upper,42,24
2.0,3.78,0.2407493975,upper,42,25
2.08,3.78,0.2406866775,upper,42,26
2.16,3.78,0.2406284375,upper,42,27
2.24,3.78,0.2405746775,upper,42,28
2.32,3.78,0.2405253975,upper,42,29
2.4,3.78,0.2404805975,upper,42,30
2.48,3.78,0.2404402775,upper,42,31
2.56,3.78,0.24040443749999998,upper,42,32
2.64,3.78,0.2403730775,upper,42,33
2.72,3.78,0.2403461975,upper,42,34
2.8000000000000003,3.78,0.2403237975,upper,42,35
2.88,3.78,0.2403058775,upper,42,36
2.96,3.78,0.24029243749999998,upper,42,37
3.04,3.78,0.2402834775,upper,42,38
3.12,3.78,0.2402789975,upper,42,39
3.2,3.78,0.2402789975,upper,42,40
3.2800000000000002,3.78,0.2402834775,upper,42,41
3.36,3.78,0.24029243749999998,upper,42,42
3.44,3.78,0.2403058775,upper,42,43
3.52,3.78,0.2403237975,upper,42,44
3.6,3.78,0.2403461975,upper,42,45
3.68,3.78,0.2403730775,upper,42,46
3.7600000000000002,3.78,0.24040443749999998,upper,42,47
3.84,3.78,0.2404402775,upper,42,48
3.92,3.78,0.2404805975,upper,42,49
4.0,3.78,0.2405253975,upper,42,50
4.08,3.78,0.2405746775,upper,42,51
4.16,3.78,0.2406284375,upper,42,52
4.24,3.78,0.2406866775,upper,42,53
4.32,3.78,0.2407493975,upper,42,54
4.4,3.78,0.2408165975,upper,42,55
4.48,3.78,0.2408882775,upper,42,56
4.5600000000000005,3.78,0.2409644375,upper,42,57
4.64,3.78,0.2410450775,upper,42,58
4.72,3.78,0.2411301975,upper,42,59
4.8,3.78,0.2412197975,upper,42,60
4.88,3.78,0.2413138775,upper,42,61
4.96,3.78,0.2414124375,upper,42,62
5.04,3.78,0.2415154775,upper,42,63
5.12,3.78,0.2416229975,upper,42,64
5.2,3.78,0.2417349975,upper,42,65
5.28,3.78,0.2918514775,upper,42,66
5.36,3.78,0.2919724375,upper,42,67
5.44,3.78,0.2920978775,upper,42,68
5.5200000000000005,3.78,0.2922277975,upper,42,69
5.6000000000000005,3.78,0.2923621975,upper,42,70
5.68,3.78,0.2925010775,upper,42,71
5.76,3.78,0.2926444375,upper,42,72
5.84,3.78,0.2927922775,upper,42,73
5.92,3.78,0.2929445975,upper,42,74
6.0,3.78,0.2931013975,upper,42,75
6.08,3.78,0.2932626775,upper,42,76
6.16,3.78,0.2934284375,upper,42,77
6.24,3.78,0.2935986775,upper,42,78
6.32,3.78,0.2937733975,upper,42,79
0.0,3.8699999999999997,0.24381972949999997,upper,43,0
0.08,3.8699999999999997,0.24364500949999998,upper,43,1
0.16,3.8699999999999997,0.24347476949999997,upper,43,2
0.24,3.8699999999999997,0.24330900949999998,upper,43,3
0.32,3.8699999999999997,0.2431477295,upper,43,4
0.4,3.8699999999999997,0.24299092949999998,upper,43,5
0.48,3.8699999999999997,0.24283860949999997,upper,43,6
0.56,3.8699999999999997,0.2426907695,upper,43,7
0.64,3.8699999999999997,0.24254740949999998,upper,43,8
0.72,3.8699999999999997,0.24240852949999997,upper,43,9
0.8,3.8699999999999997,0.2422741295,upper,43,10
0.88,3.8699999999999997,0.24214420949999999,upper,43,11
0.96,3.8699999999999997,0.24201876949999998,upper,43,12
1.04,3.8699999999999997,0.24189780949999998,upper,43,13
1.12,3.8699999999999997,0.24178132949999998,upper,43,14
1.2,3.8699999999999997,0.24166932949999997,upper,43,15
1.28,3.8699999999999997,0.24156180949999997,upper,43,16
1.36,3.8699999999999997,0.24145876949999998,upper,43,17
1.44,3.8699999999999997,0.24136020949999998,upper,43,18
1.52,3.8699999999999997,0.24126612949999998,upper,43,19
1.6,3.8699999999999997,0.2411765295,upper,43,20
1.68,3.8699999999999997,0.2410914095,upper,43,21
1.76,3.8699999999999997,0.24101076949999997,upper,43,22
1.84,3.8699999999999997,0.24093460949999998,upper,43,23
1.92,3.8699999999999997,0.2408629295,upper,43,24
2.0,3.8699999999999997,0.24079572949999997,upper,43,25
2.08,3.8699999999999997,0.24073300949999998,upper,43,26
2.16,3.8699999999999997,0.24067476949999997,upper,43,27
2.24,3.8699999999999997,0.24062100949999998,upper,43,28
2.32,3.8699999999999997,0.24057172949999997,upper,43,29
2.4,3.8699999999999997,0.2405269295,upper,43,30
2.48,3.8699999999999997,0.24048660949999998,upper,43,31
2.56,3.8699999999999997,0.24045076949999997,upper,43,32
2.64,3.8699999999999997,0.2404194095,upper,43,33
2.72,3.8699999999999997,0.24039252949999998,upper,43,34
2.8000000000000003,3.8699999999999997,0.24037012949999997,upper,43,35
2.88,3.8699999999999997,0.24035220949999997,upper,43,36
2.96,3.8699999999999997,0.24033876949999997,upper,43,37
3.04,3.8699999999999997,0.2403298095,upper,43,38
3.12,3.8699999999999997,0.2403253295,upper,43,39
3.2,3.8699999999999997,0.2403253295,upper,43,40
3.2800000000000002,3.8699999999999997,0.2403298095,upper,43,41
3.36,3.8699999999999997,0.24033876949999997,upper,43,42
3.44,3.8699999999999997,0.24035220949999997,upper,43,43
3.52,3.8699999999999997,0.24037012949999997,upper,43,44
3.6,3.8699999999999997,0.24039252949999998,upper,43,45
3.68,3.8699999999999997,0.2404194095,upper,43,46
3.7600000000000002,3.8699999999999997,0.24045076949999997,upper,43,47
3.84,3.8699999999999997,0.24048660949999998,upper,43,48
3.92,3.8699999999999997,0.2405269295,upper,43,49
4.0,3.8699999999999997,0.24057172949999997,upper,43,50
4.08,3.8699999999999997,0.24062100949999998,upper,43,51
4.16,3.8699999999999997,0.24067476949999997,upper,43,52
4.24,3.8699999999999997,0.24073300949999998,upper,43,53
4.32,3.8699999999999997,0.24079572949999997,upper,43,54
4.4,3.8699999999999997,0.2408629295,upper,43,55
4.48,3.8699999999999997,0.24093460949999998,upper,43,56
4.5600000000000005,3.8699999999999997,0.24101076949999997,upper,43,57
4.64,3.8699999999999997,0.2410914095,upper,43,58
4.72,3.8699999999999997,0.2411765295,upper,43,59
4.8,3.8699999999999997,0.24126612949999998,upper,43,60
4.88,3.8699999999999997,0.24136020949999998,upper,43,61
4.96,3.8699999999999997,0.24145876949999998,upper,43,62
5.04,3.8699999999999997,0.24156180949999997,upper,43,63
5.12,3.8699999999999997,0.24166932949999997,upper,43,64
5.2,3.8699999999999997,0.24178132949999998,upper,43,65
5.28,3.8699999999999997,0.2918978095,upper,43,66
5.36,3.8699999999999997,0.2920187695,upper,43,67
5.44,3.8699999999999997,0.2921442095,upper,43,68
5.5200000000000005,3.8699999999999997,0.2922741295,upper,43,69
5.6000000000000005,3.8699999999999997,0.29240852949999996,upper,43,70
5.68,3.8699999999999997,0.29254740949999997,upper,43,71
5.76,3.8699999999999997,0.2926907695,upper,43,72
5.84,3.8699999999999997,0.29283860949999996,upper,43,73
5.92,3.8699999999999997,0.2929909295,upper,43,74
6.0,3.8699999999999997,0.2931477295,upper,43,75
6.08,3.8699999999999997,0.2933090095,upper,43,76
6.16,3.8699999999999997,0.29347476949999995,upper,43,77
6.24,3.8699999999999997,0.2936450095,upper,43,78
6.32,3.8699999999999997,0.29381972949999996,upper,43,79
0.0,3.96,0.2438696255,upper,44,0
0.08,3.96,0.2436949055,upper,44,1
0.16,3.96,0.2435246655,upper,44,2
0.24,3.96,0.2433589055,upper,44,3
0.32,3.96,0.24319762550000001,upper,44,4
0.4,3.96,0.2430408255,upper,44,5
0.48,3.96,0.2428885055,upper,44,6
0.56,3.96,0.2427406655,upper,44,7
0.64,3.96,0.2425973055,upper,44,8
0.72,3.96,0.2424584255,upper,44,9
0.8,3.96,0.2423240255,upper,44,10
0.88,3.96,0.2421941055,upper,44,11
0.96,3.96,0.2420686655,upper,44,12
1.04,3.96,0.2419477055,upper,44,13
1.12,3.96,0.2418312255,upper,44,14
1.2,3.96,0.2417192255,upper,44,15
1.28,3.96,0.2416117055,upper,44,16
1.36,3.96,0.2415086655,upper,44,17
1.44,3.96,0.2414101055,upper,44,18
1.52,3.96,0.2413160255,upper,44,19
1.6,3.96,0.2412264255,upper,44,20
1.68,3.96,0.2411413055,upper,44,21
1.76,3.96,0.2410606655,upper,44,22
1.84,3.96,0.2409845055,upper,44,23
1.92,3.96,0.2409128255,upper,44,24
2.0,3.96,0.2408456255,upper,44,25
2.08,3.96,0.2407829055,upper,44,26
2.16,3.96,0.2407246655,upper,44,27
2.24,3.96,0.2406709055,upper,44,28
2.32,3.96,0.2406216255,upper,44,29
2.4,3.96,0.2405768255,upper,44,30
2.48,3.96,0.2405365055,upper,44,31
2.56,3.96,0.2405006655,upper,44,32
2.64,3.96,0.2404693055,upper,44,33
2.72,3.96,0.2404424255,upper,44,34
2.8000000000000003,3.96,0.2404200255,upper,44,35
2.88,3.96,0.2404021055,upper,44,36
2.96,3.96,0.2403886655,upper,44,37
3.04,3.96,0.2403797055,upper,44,38
3.12,3.96,0.2403752255,upper,44,39
3.2,3.96,0.2403752255,upper,44,40
3.2800000000000002,3.96,0.2403797055,upper,44,41
3.36,3.96,0.2403886655,upper,44,42
3.44,3.96,0.2404021055,upper,44,43
3.52,3.96,0.2404200255,upper,44,44
3.6,3.96,0.2404424255,upper,44,45
3.68,3.96,0.2404693055,upper,44,46
3.7600000000000002,3.96,0.2405006655,upper,44,47
3.84,3.96,0.2405365055,upper,44,48
3.92,3.96,0.2405768255,upper,44,49
4.0,3.96,0.2406216255,upper,44,50
4.08,3.96,0.2406709055,upper,44,51
4.16,3.96,0.2407246655,upper,44,52
4.24,3.96,0.2407829055,upper,44,53
4.32,3.96,0.2408456255,upper,44,54
4.4,3.96,0.2409128255,upper,44,55
4.48,3.96,0.2409845055,upper,44,56
4.5600000000000005,3.96,0.2410606655,upper,44,57
4.64,3.96,0.2411413055,upper,44,58
4.72,3.96,0.2412264255,upper,44,59
4.8,3.96,0.2413160255,upper,44,60
4.88,3.96,0.2414101055,upper,44,61
4.96,3.96,0.2415086655,upper,44,62
5.04,3.96,0.2416117055,upper,44,63
5.12,3.96,0.2417192255,upper,44,64
5.2,3.96,0.2418312255,upper,44,65
5.28,3.96,0.2919477055,upper,44,66
5.36,3.96,0.2920686655,upper,44,67
5.44,3.96,0.2921941055,upper,44,68
5.5200000000000005,3.96,0.29232402550000003,upper,44,69
5.6000000000000005,3.96,0.2924584255,upper,44,70
5.68,3.96,0.2925973055,upper,44,71
5.76,3.96,0.2927406655,upper,44,72
5.84,3.96,0.2928885055,upper,44,73
5.92,3.96,0.2930408255,upper,44,74
6.0,3.96,0.2931976255,upper,44,75
6.08,3.96,0.2933589055,upper,44,76
6.16,3.96,0.2935246655,upper,44,77
6.24,3.96,0.2936949055,upper,44,78
6.32,3.96,0.2938696255,upper,44,79
0.0,4.05,0.24392308549999997,upper,45,0
0.08,4.05,0.24374836549999998,upper,45,1
0.16,4.05,0.24357812549999996,upper,45,2
0.24,4.05,0.24341236549999998,upper,45,3
0.32,4.05,0.2432510855,upper,45,4
0.4,4.05,0.24309428549999998,upper,45,5
0.48,4.05,0.24294196549999997,upper,45,6
0.56,4.05,0.24279412549999999,upper,45,7
0.64,4.05,0.24265076549999998,upper,45,8
0.72,4.05,0.24251188549999997,upper,45,9
0.8,4.05,0.2423774855,upper,45,10
0.88,4.05,0.24224756549999998,upper,45,11
0.96,4.05,0.24212212549999998,upper,45,12
1.04,4.05,0.24200116549999998,upper,45,13
1.12,4.05,0.24188468549999997,upper,45,14
1.2,4.05,0.24177268549999997,upper,45,15
1.28,4.05,0.24166516549999997,upper,45,16
1.36,4.05,0.24156212549999997,upper,45,17
1.44,4.05,0.24146356549999998,upper,45,18
1.52,4.05,0.24136948549999998,upper,45,19
1.6,4.05,0.24127988549999999,upper,45,20
1.68,4.05,0.2411947655,upper,45,21
1.76,4.05,0.24111412549999997,upper,45,22
1.84,4.05,0.24103796549999998,upper,45,23
1.92,4.05,0.2409662855,upper,45,24
2.0,4.05,0.24089908549999997,upper,45,25
2.08,4.05,0.24083636549999998,upper,45,26
2.16,4.05,0.24077812549999997,upper,45,27
2.24,4.05,0.24072436549999998,upper,45,28
2.32,4.05,0.24067508549999997,upper,45,29
2.4,4.05,0.24063028549999999,upper,45,30
2.48,4.05,0.24058996549999997,upper,45,31
2.56,4.05,0.24055412549999997,upper,45,32
2.64,4.05,0.24052276549999999,upper,45,33
2.72,4.05,0.24049588549999998,upper,45,34
2.8000000000000003,4.05,0.24047348549999997,upper,45,35
2.88,4.05,0.24045556549999997,upper,45,36
2.96,4.05,0.24044212549999996,upper,45,37
3.04,4.05,0.2404331655,upper,45,38
3.12,4.05,0.2404286855,upper,45,39
3.2,4.05,0.2404286855,upper,45,40
3.2800000000000002,4.05,0.2404331655,upper,45,41
3.36,4.05,0.24044212549999996,upper,45,42
3.44,4.05,0.24045556549999997,upper,45,43
3.52,4.05,0.24047348549999997,upper,45,44
3.6,4.05,0.24049588549999998,upper,45,45
3.68,4.05,0.24052276549999999,upper,45,46
3.7600000000000002,4.05,0.24055412549999997,upper,45,47
3.84,4.05,0.24058996549999997,upper,45,48
3.92,4.05,0.24063028549999999,upper,45,49
4.0,4.05,0.24067508549999997,upper,45,50
4.08,4.05,0.24072436549999998,upper,45,51
4.16,4.05,0.24077812549999997,upper,45,52
4.24,4.05,0.24083636549999998,upper,45,53
4.32,4.05,0.24089908549999997,upper,45,54
4.4,4.05,0.2409662855,upper,45,55
4.48,4.05,0.24103796549999998,upper,45,56
4.5600000000000005,4.05,0.24111412549999997,upper,45,57
4.64,4.05,0.2411947655,upper,45,58
4.72,4.05,0.24127988549999999,upper,45,59
4.8,4.05,0.24136948549999998,upper,45,60
4.88,4.05,0.24146356549999998,upper,45,61
4.96,4.05,0.24156212549999997,upper,45,62
5.04,4.05,0.24166516549999997,upper,45,63
5.12,4.05,0.24177268549999997,upper,45,64
5.2,4.05,0.24188468549999997,upper,45,65
5.28,4.05,0.2920011655,upper,45,66
5.36,4.05,0.2921221255,upper,45,67
5.44,4.05,0.2922475655,upper,45,68
5.5200000000000005,4.05,0.2923774855,upper,45,69
5.6000000000000005,4.05,0.29251188549999996,upper,45,70
5.68,4.05,0.29265076549999997,upper,45,71
5.76,4.05,0.2927941255,upper,45,72
5.84,4.05,0.29294196549999996,upper,45,73
5.92,4.05,0.2930942855,upper,45,74
6.0,4.05,0.2932510855,upper,45,75
6.08,4.05,0.2934123655,upper,45,76
6.16,4.05,0.29357812549999995,upper,45,77
6.24,4.05,0.2937483655,upper,45,78
6.32,4.05,0.29392308549999996,upper,45,79
0.0,4.14,0.2439801095,upper,46,0
0.08,4.14,0.2438053895,upper,46,1
0.16,4.14,0.24363514949999998,upper,46,2
0.24,4.14,0.2434693895,upper,46,3
0.32,4.14,0.2433081095,upper,46,4
0.4,4.14,0.2431513095,upper,46,5
0.48,4.14,0.24299898949999998,upper,46,6
0.56,4.14,0.2428511495,upper,46,7
0.64,4.14,0.2427077895,upper,46,8
0.72,4.14,0.24256890949999999,upper,46,9
0.8,4.14,0.2424345095,upper,46,10
0.88,4.14,0.2423045895,upper,46,11
0.96,4.14,0.2421791495,upper,46,12
1.04,4.14,0.2420581895,upper,46,13
1.12,4.14,0.2419417095,upper,46,14
1.2,4.14,0.2418297095,upper,46,15
1.28,4.14,0.2417221895,upper,46,16
1.36,4.14,0.2416191495,upper,46,17
1.44,4.14,0.2415205895,upper,46,18
1.52,4.14,0.2414265095,upper,46,19
1.6,4.14,0.2413369095,upper,46,20
1.68,4.14,0.2412517895,upper,46,21
1.76,4.14,0.2411711495,upper,46,22
1.84,4.14,0.2410949895,upper,46,23
1.92,4.14,0.2410233095,upper,46,24
2.0,4.14,0.2409561095,upper,46,25
2.08,4.14,0.2408933895,upper,46,26
2.16,4.14,0.24083514949999998,upper,46,27
2.24,4.14,0.2407813895,upper,46,28
2.32,4.14,0.24073210949999999,upper,46,29
2.4,4.14,0.2406873095,upper,46,30
2.48,4.14,0.2406469895,upper,46,31
2.56,4.14,0.24061114949999998,upper,46,32
2.64,4.14,0.2405797895,upper,46,33
2.72,4.14,0.2405529095,upper,46,34
2.8000000000000003,4.14,0.2405305095,upper,46,35
2.88,4.14,0.24051258949999998,upper,46,36
2.96,4.14,0.24049914949999998,upper,46,37
3.04,4.14,0.2404901895,upper,46,38
3.12,4.14,0.2404857095,upper,46,39
3.2,4.14,0.2404857095,upper,46,40
3.2800000000000002,4.14,0.2404901895,upper,46,41
3.36,4.14,0.24049914949999998,upper,46,42
3.44,4.14,0.24051258949999998,upper,46,43
3.52,4.14,0.2405305095,upper,46,44
3.6,4.14,0.2405529095,upper,46,45
3.68,4.14,0.2405797895,upper,46,46
3.7600000000000002,4.14,0.24061114949999998,upper,46,47
3.84,4.14,0.2406469895,upper,46,48
3.92,4.14,0.2406873095,upper,46,49
4.0,4.14,0.24073210949999999,upper,46,50
4.08,4.14,0.2407813895,upper,46,51
4.16,4.14,0.24083514949999998,upper,46,52
4.24,4.14,0.2408933895,upper,46,53
4.32,4.14,0.2409561095,upper,46,54
4.4,4.14,0.2410233095,upper,46,55
4.48,4.14,0.2410949895,upper,46,56
4.5600000000000005,4.14,0.2411711495,upper,46,57
4.64,4.14,0.2412517895,upper,46,58
4.72,4.14,0.2413369095,upper,46,59
4.8,4.14,0.2414265095,upper,46,60
4.88,4.14,0.2415205895,upper,46,61
4.96,4.14,0.2416191495,upper,46,62
5.04,4.14,0.2417221895,upper,46,63
5.12,4.14,0.2418297095,upper,46,64
5.2,4.14,0.2419417095,upper,46,65
5.28,4.14,0.2920581895,upper,46,66
5.36,4.14,0.2921791495,upper,46,67
5.44,4.14,0.2923045895,upper,46,68
5.5200000000000005,4.14,0.2924345095,upper,46,69
5.6000000000000005,4.14,0.2925689095,upper,46,70
5.68,4.14,0.2927077895,upper,46,71
5.76,4.14,0.2928511495,upper,46,72
5.84,4.14,0.2929989895,upper,46,73
5.92,4.14,0.2931513095,upper,46,74
6.0,4.14,0.2933081095,upper,46,75
6.08,4.14,0.2934693895,upper,46,76
6.16,4.14,0.29363514949999997,upper,46,77
6.24,4.14,0.2938053895,upper,46,78
6.32,4.14,0.2939801095,upper,46,79
0.0,4.2299999999999995,0.2440406975,upper,47,0
0.08,4.2299999999999995,0.2438659775,upper,47,1
0.16,4.2299999999999995,0.24369573749999998,upper,47,2
0.24,4.2299999999999995,0.2435299775,upper,47,3
0.32,4.2299999999999995,0.2433686975,upper,47,4
0.4,4.2299999999999995,0.2432118975,upper,47,5
0.48,4.2299999999999995,0.24305957749999998,upper,47,6
0.56,4.2299999999999995,0.2429117375,upper,47,7
0.64,4.2299999999999995,0.2427683775,upper,47,8
0.72,4.2299999999999995,0.24262949749999999,upper,47,9
0.8,4.2299999999999995,0.2424950975,upper,47,10
0.88,4.2299999999999995,0.2423651775,upper,47,11
0.96,4.2299999999999995,0.2422397375,upper,47,12
1.04,4.2299999999999995,0.2421187775,upper,47,13
1.12,4.2299999999999995,0.2420022975,upper,47,14
1.2,4.2299999999999995,0.2418902975,upper,47,15
1.28,4.2299999999999995,0.2417827775,upper,47,16
1.36,4.2299999999999995,0.2416797375,upper,47,17
1.44,4.2299999999999995,0.2415811775,upper,47,18
1.52,4.2299999999999995,0.2414870975,upper,47,19
1.6,4.2299999999999995,0.2413974975,upper,47,20
1.68,4.2299999999999995,0.2413123775,upper,47,21
1.76,4.2299999999999995,0.2412317375,upper,47,22
1.84,4.2299999999999995,0.2411555775,upper,47,23
1.92,4.2299999999999995,0.2410838975,upper,47,24
2.0,4.2299999999999995,0.2410166975,upper,47,25
2.08,4.2299999999999995,0.2409539775,upper,47,26
2.16,4.2299999999999995,0.24089573749999998,upper,47,27
2.24,4.2299999999999995,0.2408419775,upper,47,28
2.32,4.2299999999999995,0.24079269749999999,upper,47,29
2.4,4.2299999999999995,0.2407478975,upper,47,30
2.48,4.2299999999999995,0.2407075775,upper,47,31
2.56,4.2299999999999995,0.24067173749999998,upper,47,32
2.64,4.2299999999999995,0.2406403775,upper,47,33
2.72,4.2299999999999995,0.2406134975,upper,47,34
2.8000000000000003,4.2299999999999995,0.2405910975,upper,47,35
2.88,4.2299999999999995,0.24057317749999999,upper,47,36
2.96,4.2299999999999995,0.24055973749999998,upper,47,37
3.04,4.2299999999999995,0.2405507775,upper,47,38
3.12,4.2299999999999995,0.2405462975,upper,47,39
3.2,4.2299999999999995,0.2405462975,upper,47,40
3.2800000000000002,4.2299999999999995,0.2405507775,upper,47,41
3.36,4.2299999999999995,0.24055973749999998,upper,47,42
3.44,4.2299999999999995,0.24057317749999999,upper,47,43
3.52,4.2299999999999995,0.2405910975,upper,47,44
3.6,4.2299999999999995,0.2406134975,upper,47,45
3.68,4.2299999999999995,0.2406403775,upper,47,46
3.7600000000000002,4.2299999999999995,0.24067173749999998,upper,47,47
3.84,4.2299999999999995,0.2407075775,upper,47,48
3.92,4.2299999999999995,0.2407478975,upper,47,49
4.0,4.2299999999999995,0.24079269749999999,upper,47,50
4.08,4.2299999999999995,0.2408419775,upper,47,51
4.16,4.2299999999999995,0.24089573749999998,upper,47,52
4.24,4.2299999999999995,0.2409539775,upper,47,53
4.32,4.2299999999999995,0.2410166975,upper,47,54
4.4,4.2299999999999995,0.2410838975,upper,47,55
4.48,4.2299999999999995,0.2411555775,upper,47,56
4.5600000000000005,4.2299999999999995,0.2412317375,upper,47,57
4.64,4.2299999999999995,0.2413123775,upper,47,58
4.72,4.2299999999999995,0.2413974975,upper,47,59
4.8,4.2299999999999995,0.2414870975,upper,47,60
4.88,4.2299999999999995,0.2415811775,upper,47,61
4.96,4.2299999999999995,0.2416797375,upper,47,62
5.04,4.2299999999999995,0.2417827775,upper,47,63
5.12,4.2299999999999995,0.2418902975,upper,47,64
5.2,4.2299999999999995,0.2420022975,upper,47,65
5.28,4.2299999999999995,0.2921187775,upper,47,66
5.36,4.2299999999999995,0.2922397375,upper,47,67
5.44,4.2299999999999995,0.2923651775,upper,47,68
5.5200000000000005,4.2299999999999995,0.2924950975,upper,47,69
5.6000000000000005,4.2299999999999995,0.2926294975,upper,47,70
5.68,4.2299999999999995,0.2927683775,upper,47,71
5.76,4.2299999999999995,0.2929117375,upper,47,72
5.84,4.2299999999999995,0.2930595775,upper,47,73
5.92,4.2299999999999995,0.2932118975,upper,47,74
6.0,4.2299999999999995,0.2933686975,upper,47,75
6.08,4.2299999999999995,0.2935299775,upper,47,76
6.16,4.2299999999999995,0.2936957375,upper,47,77
6.24,4.2299999999999995,0.2938659775,upper,47,78
6.32,4.2299999999999995,0.2940406975,upper,47,79
0.0,4.32,0.24410484949999997,upper,48,0
0.08,4.32,0.24393012949999998,upper,48,1
0.16,4.32,0.24375988949999997,upper,48,2
0.24,4.32,0.24359412949999998,upper,48,3
0.32,4.32,0.2434328495,upper,48,4
0.4,4.32,0.24327604949999998,upper,48,5
0.48,4.32,0.24312372949999997,upper,48,6
0.56,4.32,0.2429758895,upper,48,7
0.64,4.32,0.24283252949999998,upper,48,8
0.72,4.32,0.24269364949999997,upper,48,9
0.8,4.32,0.2425592495,upper,48,10
0.88,4.32,0.24242932949999998,upper,48,11
0.96,4.32,0.24230388949999998,upper,48,12
1.04,4.32,0.24218292949999998,upper,48,13
1.12,4.32,0.24206644949999997,upper,48,14
1.2,4.32,0.24195444949999997,upper,48,15
1.28,4.32,0.24184692949999997,upper,48,16
1.36,4.32,0.24174388949999998,upper,48,17
1.44,4.32,0.24164532949999998,upper,48,18
1.52,4.32,0.24155124949999998,upper,48,19
1.6,4.32,0.2414616495,upper,48,20
1.68,4.32,0.2413765295,upper,48,21
1.76,4.32,0.24129588949999997,upper,48,22
1.84,4.32,0.24121972949999998,upper,48,23
1.92,4.32,0.2411480495,upper,48,24
2.0,4.32,0.24108084949999997,upper,48,25
2.08,4.32,0.24101812949999998,upper,48,26
2.16,4.32,0.24095988949999997,upper,48,27
2.24,4.32,0.24090612949999998,upper,48,28
2.32,4.32,0.24085684949999997,upper,48,29
2.4,4.32,0.24081204949999999,upper,48,30
2.48,4.32,0.24077172949999998,upper,48,31
2.56,4.32,0.24073588949999997,upper,48,32
2.64,4.32,0.2407045295,upper,48,33
2.72,4.32,0.24067764949999998,upper,48,34
2.8000000000000003,4.32,0.24065524949999997,upper,48,35
2.88,4.32,0.24063732949999997,upper,48,36
2.96,4.32,0.24062388949999997,upper,48,37
3.04,4.32,0.2406149295,upper,48,38
3.12,4.32,0.2406104495,upper,48,39
3.2,4.32,0.2406104495,upper,48,40
3.2800000000000002,4.32,0.2406149295,upper,48,41
3.36,4.32,0.24062388949999997,upper,48,42
3.44,4.32,0.24063732949999997,upper,48,43
3.52,4.32,0.24065524949999997,upper,48,44
3.6,4.32,0.24067764949999998,upper,48,45
3.68,4.32,0.2407045295,upper,48,46
3.7600000000000002,4.32,0.24073588949999997,upper,48,47
3.84,4.32,0.24077172949999998,upper,48,48
3.92,4.32,0.24081204949999999,upper,48,49
4.0,4.32,0.24085684949999997,upper,48,50
4.08,4.32,0.24090612949999998,upper,48,51
4.16,4.32,0.24095988949999997,upper,48,52
4.24,4.32,0.24101812949999998,upper,48,53
4.32,4.32,0.24108084949999997,upper,48,54
4.4,4.32,0.2411480495,upper,48,55
4.48,4.32,0.24121972949999998,upper,48,56
4.5600000000000005,4.32,0.24129588949999997,upper,48,57
4.64,4.32,0.2413765295,upper,48,58
4.72,4.32,0.2414616495,upper,48,59
4.8,4.32,0.24155124949999998,upper,48,60
4.88,4.32,0.24164532949999998,upper,48,61
4.96,4.32,0.24174388949999998,upper,48,62
5.04,4.32,0.24184692949999997,upper,48,63
5.12,4.32,0.24195444949999997,upper,48,64
5.2,4.32,0.24206644949999997,upper,48,65
5.28,4.32,0.29218292949999997,upper,48,66
5.36,4.32,0.29230388949999997,upper,48,67
5.44,4.32,0.2924293295,upper,48,68
5.5200000000000005,4.32,0.2925592495,upper,48,69
5.6000000000000005,4.32,0.2926936495,upper,48,70
5.68,4.32,0.2928325295,upper,48,71
5.76,4.32,0.2929758895,upper,48,72
5.84,4.32,0.2931237295,upper,48,73
5.92,4.32,0.29327604949999997,upper,48,74
6.0,4.32,0.2934328495,upper,48,75
6.08,4.32,0.29359412949999997,upper,48,76
6.16,4.32,0.2937598895,upper,48,77
6.24,4.32,0.29393012949999997,upper,48,78
6.32,4.32,0.2941048495,upper,48,79
0.0,4.41,0.2441725655,upper,49,0
0.08,4.41,0.2439978455,upper,49,1
0.16,4.41,0.2438276055,upper,49,2
0.24,4.41,0.2436618455,upper,49,3
0.32,4.41,0.24350056550000002,upper,49,4
0.4,4.41,0.2433437655,upper,49,5
0.48,4.41,0.2431914455,upper,49,6
0.56,4.41,0.2430436055,upper,49,7
0.64,4.41,0.2429002455,upper,49,8
0.72,4.41,0.2427613655,upper,49,9
0.8,4.41,0.2426269655,upper,49,10
0.88,4.41,0.2424970455,upper,49,11
0.96,4.41,0.2423716055,upper,49,12
1.04,4.41,0.2422506455,upper,49,13
1.12,4.41,0.2421341655,upper,49,14
1.2,4.41,0.2420221655,upper,49,15
1.28,4.41,0.2419146455,upper,49,16
1.36,4.41,0.2418116055,upper,49,17
1.44,4.41,0.2417130455,upper,49,18
1.52,4.41,0.2416189655,upper,49,19
1.6,4.41,0.2415293655,upper,49,20
1.68,4.41,0.24144424550000002,upper,49,21
1.76,4.41,0.2413636055,upper,49,22
1.84,4.41,0.2412874455,upper,49,23
1.92,4.41,0.2412157655,upper,49,24
2.0,4.41,0.2411485655,upper,49,25
2.08,4.41,0.2410858455,upper,49,26
2.16,4.41,0.2410276055,upper,49,27
2.24,4.41,0.2409738455,upper,49,28
2.32,4.41,0.2409245655,upper,49,29
2.4,4.41,0.2408797655,upper,49,30
2.48,4.41,0.2408394455,upper,49,31
2.56,4.41,0.2408036055,upper,49,32
2.64,4.41,0.2407722455,upper,49,33
2.72,4.41,0.2407453655,upper,49,34
2.8000000000000003,4.41,0.2407229655,upper,49,35
2.88,4.41,0.2407050455,upper,49,36
2.96,4.41,0.2406916055,upper,49,37
3.04,4.41,0.24068264550000001,upper,49,38
3.12,4.41,0.2406781655,upper,49,39
3.2,4.41,0.2406781655,upper,49,40
3.2800000000000002,4.41,0.24068264550000001,upper,49,41
3.36,4.41,0.2406916055,upper,49,42
3.44,4.41,0.2407050455,upper,49,43
3.52,4.41,0.2407229655,upper,49,44
3.6,4.41,0.2407453655,upper,49,45
3.68,4.41,0.2407722455,upper,49,46
3.7600000000000002,4.41,0.2408036055,upper,49,47
3.84,4.41,0.2408394455,upper,49,48
3.92,4.41,0.2408797655,upper,49,49
4.0,4.41,0.2409245655,upper,49,50
4.08,4.41,0.2409738455,upper,49,51
4.16,4.41,0.2410276055,upper,49,52
4.24,4.41,0.2410858455,upper,49,53
4.32,4.41,0.2411485655,upper,49,54
4.4,4.41,0.2412157655,upper,49,55
4.48,4.41,0.2412874455,upper,49,56
4.5600000000000005,4.41,0.2413636055,upper,49,57
4.64,4.41,0.24144424550000002,upper,49,58
4.72,4.41,0.2415293655,upper,49,59
4.8,4.41,0.2416189655,upper,49,60
4.88,4.41,0.2417130455,upper,49,61
4.96,4.41,0.2418116055,upper,49,62
5.04,4.41,0.2419146455,upper,49,63
5.12,4.41,0.2420221655,upper,49,64
5.2,4.41,0.2421341655,upper,49,65
5.28,4.41,0.2922506455,upper,49,66
5.36,4.41,0.2923716055,upper,49,67
5.44,4.41,0.2924970455,upper,49,68
5.5200000000000005,4.41,0.2926269655,upper,49,69
5.6000000000000005,4.41,0.2927613655,upper,49,70
5.68,4.41,0.2929002455,upper,49,71
5.76,4.41,0.2930436055,upper,49,72
5.84,4.41,0.2931914455,upper,49,73
5.92,4.41,0.2933437655,upper,49,74
6.0,4.41,0.29350056550000003,upper,49,75
6.08,4.41,0.2936618455,upper,49,76
6.16,4.41,0.2938276055,upper,49,77
6.24,4.41,0.2939978455,upper,49,78
6.32,4.41,0.2941725655,upper,49,79
0.0,4.5,0.24424384549999997,upper,50,0
0.08,4.5,0.24406912549999998,upper,50,1
0.16,4.5,0.24389888549999997,upper,50,2
0.24,4.5,0.24373312549999998,upper,50,3
0.32,4.5,0.2435718455,upper,50,4
0.4,4.5,0.24341504549999998,upper,50,5
0.48,4.5,0.24326272549999997,upper,50,6
0.56,4.5,0.2431148855,upper,50,7
0.64,4.5,0.24297152549999998,upper,50,8
0.72,4.5,0.24283264549999997,upper,50,9
0.8,4.5,0.2426982455,upper,50,10
0.88,4.5,0.2425683255,upper,50,11
0.96,4.5,0.24244288549999998,upper,50,12
1.04,4.5,0.24232192549999998,upper,50,13
1.12,4.5,0.24220544549999998,upper,50,14
1.2,4.5,0.24209344549999998,upper,50,15
1.28,4.5,0.24198592549999998,upper,50,16
1.36,4.5,0.24188288549999998,upper,50,17
1.44,4.5,0.24178432549999998,upper,50,18
1.52,4.5,0.24169024549999998,upper,50,19
1.6,4.5,0.2416006455,upper,50,20
1.68,4.5,0.2415155255,upper,50,21
1.76,4.5,0.24143488549999997,upper,50,22
1.84,4.5,0.24135872549999998,upper,50,23
1.92,4.5,0.2412870455,upper,50,24
2.0,4.5,0.24121984549999997,upper,50,25
2.08,4.5,0.24115712549999999,upper,50,26
2.16,4.5,0.24109888549999997,upper,50,27
2.24,4.5,0.24104512549999998,upper,50,28
2.32,4.5,0.24099584549999997,upper,50,29
2.4,4.5,0.2409510455,upper,50,30
2.48,4.5,0.24091072549999998,upper,50,31
2.56,4.5,0.24087488549999997,upper,50,32
2.64,4.5,0.2408435255,upper,50,33
2.72,4.5,0.24081664549999998,upper,50,34
2.8000000000000003,4.5,0.24079424549999998,upper,50,35
2.88,4.5,0.24077632549999997,upper,50,36
2.96,4.5,0.24076288549999997,upper,50,37
3.04,4.5,0.2407539255,upper,50,38
3.12,4.5,0.2407494455,upper,50,39
3.2,4.5,0.2407494455,upper,50,40
3.2800000000000002,4.5,0.2407539255,upper,50,41
3.36,4.5,0.24076288549999997,upper,50,42
3.44,4.5,0.24077632549999997,upper,50,43
3.52,4.5,0.24079424549999998,upper,50,44
3.6,4.5,0.24081664549999998,upper,50,45
3.68,4.5,0.2408435255,upper,50,46
3.7600000000000002,4.5,0.24087488549999997,upper,50,47
3.84,4.5,0.24091072549999998,upper,50,48
3.92,4.5,0.2409510455,upper,50,49
4.0,4.5,0.24099584549999997,upper,50,50
4.08,4.5,0.24104512549999998,upper,50,51
4.16,4.5,0.24109888549999997,upper,50,52
4.24,4.5,0.24115712549999999,upper,50,53
4.32,4.5,0.24121984549999997,upper,50,54
4.4,4.5,0.2412870455,upper,50,55
4.48,4.5,0.24135872549999998,upper,50,56
4.5600000000000005,4.5,0.24143488549999997,upper,50,57
4.64,4.5,0.2415155255,upper,50,58
4.72,4.5,0.2416006455,upper,50,59
4.8,4.5,0.24169024549999998,upper,50,60
4.88,4.5,0.24178432549999998,upper,50,61
4.96,4.5,0.24188288549999998,upper,50,62
5.04,4.5,0.24198592549999998,upper,50,63
5.12,4.5,0.24209344549999998,upper,50,64
5.2,4.5,0.24220544549999998,upper,50,65
5.28,4.5,0.29232192549999997,upper,50,66
5.36,4.5,0.29244288549999997,upper,50,67
5.44,4.5,0.2925683255,upper,50,68
5.5200000000000005,4.5,0.2926982455,upper,50,69
5.6000000000000005,4.5,0.2928326455,upper,50,70
5.68,4.5,0.2929715255,upper,50,71
5.76,4.5,0.2931148855,upper,50,72
5.84,4.5,0.2932627255,upper,50,73
5.92,4.5,0.29341504549999997,upper,50,74
6.0,4.5,0.2935718455,upper,50,75
6.08,4.5,0.29373312549999997,upper,50,76
6.16,4.5,0.2938988855,upper,50,77
6.24,4.5,0.2940691255,upper,50,78
6.32,4.5,0.2942438455,upper,50,79
0.0,4.59,0.2443186895,upper,51,0
0.08,4.59,0.2441439695,upper,51,1
0.16,4.59,0.2439737295,upper,51,2
0.24,4.59,0.2438079695,upper,51,3
0.32,4.59,0.2436466895,upper,51,4
0.4,4.59,0.2434898895,upper,51,5
0.48,4.59,0.2433375695,upper,51,6
0.56,4.59,0.2431897295,upper,51,7
0.64,4.59,0.2430463695,upper,51,8
0.72,4.59,0.2429074895,upper,51,9
0.8,4.59,0.2427730895,upper,51,10
0.88,4.59,0.2426431695,upper,51,11
0.96,4.59,0.2425177295,upper,51,12
1.04,4.59,0.2423967695,upper,51,13
1.12,4.59,0.2422802895,upper,51,14
1.2,4.59,0.2421682895,upper,51,15
1.28,4.59,0.2420607695,upper,51,16
1.36,4.59,0.2419577295,upper,51,17
1.44,4.59,0.2418591695,upper,51,18
1.52,4.59,0.2417650895,upper,51,19
1.6,4.59,0.2416754895,upper,51,20
1.68,4.59,0.2415903695,upper,51,21
1.76,4.59,0.2415097295,upper,51,22
1.84,4.59,0.2414335695,upper,51,23
1.92,4.59,0.2413618895,upper,51,24
2.0,4.59,0.2412946895,upper,51,25
2.08,4.59,0.2412319695,upper,51,26
2.16,4.59,0.2411737295,upper,51,27
2.24,4.59,0.2411199695,upper,51,28
2.32,4.59,0.2410706895,upper,51,29
2.4,4.59,0.2410258895,upper,51,30
2.48,4.59,0.2409855695,upper,51,31
2.56,4.59,0.2409497295,upper,51,32
2.64,4.59,0.2409183695,upper,51,33
2.72,4.59,0.2408914895,upper,51,34
2.8000000000000003,4.59,0.2408690895,upper,51,35
2.88,4.59,0.2408511695,upper,51,36
2.96,4.59,0.2408377295,upper,51,37
3.04,4.59,0.2408287695,upper,51,38
3.12,4.59,0.2408242895,upper,51,39
3.2,4.59,0.2408242895,upper,51,40
3.2800000000000002,4.59,0.2408287695,upper,51,41
3.36,4.59,0.2408377295,upper,51,42
3.44,4.59,0.2408511695,upper,51,43
3.52,4.59,0.2408690895,upper,51,44
3.6,4.59,0.2408914895,upper,51,45
3.68,4.59,0.2409183695,upper,51,46
3.7600000000000002,4.59,0.2409497295,upper,51,47
3.84,4.59,0.2409855695,upper,51,48
3.92,4.59,0.2410258895,upper,51,49
4.0,4.59,0.2410706895,upper,51,50
4.08,4.59,0.2411199695,upper,51,51
4.16,4.59,0.2411737295,upper,51,52
4.24,4.59,0.2412319695,upper,51,53
4.32,4.59,0.2412946895,upper,51,54
4.4,4.59,0.2413618895,upper,51,55
4.48,4.59,0.2414335695,upper,51,56
4.5600000000000005,4.59,0.2415097295,upper,51,57
4.64,4.59,0.2415903695,upper,51,58
4.72,4.59,0.2416754895,upper,51,59
4.8,4.59,0.2417650895,upper,51,60
4.88,4.59,0.2418591695,upper,51,61
4.96,4.59,0.2419577295,upper,51,62
5.04,4.59,0.2420607695,upper,51,63
5.12,4.59,0.2421682895,upper,51,64
5.2,4.59,0.2422802895,upper,51,65
5.28,4.59,0.2923967695,upper,51,66
5.36,4.59,0.2925177295,upper,51,67
5.44,4.59,0.2926431695,upper,51,68
5.5200000000000005,4.59,0.2927730895,upper,51,69
5.6000000000000005,4.59,0.2929074895,upper,51,70
5.68,4.59,0.2930463695,upper,51,71
5.76,4.59,0.2931897295,upper,51,72
5.84,4.59,0.2933375695,upper,51,73
5.92,4.59,0.2934898895,upper,51,74
6.0,4.59,0.2936466895,upper,51,75
6.08,4.59,0.2938079695,upper,51,76
6.16,4.59,0.2939737295,upper,51,77
6.24,4.59,0.2941439695,upper,51,78
6.32,4.59,0.2943186895,upper,51,79
0.0,4.68,0.2443970975,upper,52,0
0.08,4.68,0.2442223775,upper,52,1
0.16,4.68,0.2440521375,upper,52,2
0.24,4.68,0.2438863775,upper,52,3
0.32,4.68,0.24372509750000002,upper,52,4
0.4,4.68,0.2435682975,upper,52,5
0.48,4.68,0.2434159775,upper,52,6
0.56,4.68,0.2432681375,upper,52,7
0.64,4.68,0.2431247775,upper,52,8
0.72,4.68,0.2429858975,upper,52,9
0.8,4.68,0.2428514975,upper,52,10
0.88,4.68,0.2427215775,upper,52,11
0.96,4.68,0.2425961375,upper,52,12
1.04,4.68,0.2424751775,upper,52,13
1.12,4.68,0.2423586975,upper,52,14
1.2,4.68,0.2422466975,upper,52,15
1.28,4.68,0.2421391775,upper,52,16
1.36,4.68,0.2420361375,upper,52,17
1.44,4.68,0.2419375775,upper,52,18
1.52,4.68,0.2418434975,upper,52,19
1.6,4.68,0.2417538975,upper,52,20
1.68,4.68,0.24166877750000001,upper,52,21
1.76,4.68,0.2415881375,upper,52,22
1.84,4.68,0.2415119775,upper,52,23
1.92,4.68,0.2414402975,upper,52,24
2.0,4.68,0.2413730975,upper,52,25
2.08,4.68,0.2413103775,upper,52,26
2.16,4.68,0.2412521375,upper,52,27
2.24,4.68,0.2411983775,upper,52,28
2.32,4.68,0.2411490975,upper,52,29
2.4,4.68,0.2411042975,upper,52,30
2.48,4.68,0.2410639775,upper,52,31
2.56,4.68,0.2410281375,upper,52,32
2.64,4.68,0.2409967775,upper,52,33
2.72,4.68,0.2409698975,upper,52,34
2.8000000000000003,4.68,0.2409474975,upper,52,35
2.88,4.68,0.2409295775,upper,52,36
2.96,4.68,0.2409161375,upper,52,37
3.04,4.68,0.2409071775,upper,52,38
3.12,4.68,0.2409026975,upper,52,39
3.2,4.68,0.2409026975,upper,52,40
3.2800000000000002,4.68,0.2409071775,upper,52,41
3.36,4.68,0.2409161375,upper,52,42
3.44,4.68,0.2409295775,upper,52,43
3.52,4.68,0.2409474975,upper,52,44
3.6,4.68,0.2409698975,upper,52,45
3.68,4.68,0.2409967775,upper,52,46
3.7600000000000002,4.68,0.2410281375,upper,52,47
3.84,4.68,0.2410639775,upper,52,48
3.92,4.68,0.2411042975,upper,52,49
4.0,4.68,0.2411490975,upper,52,50
4.08,4.68,0.2411983775,upper,52,51
4.16,4.68,0.2412521375,upper,52,52
4.24,4.68,0.2413103775,upper,52,53
4.32,4.68,0.2413730975,upper,52,54
4.4,4.68,0.2414402975,upper,52,55
4.48,4.68,0.2415119775,upper,52,56
4.5600000000000005,4.68,0.2415881375,upper,52,57
4.64,4.68,0.24166877750000001,upper,52,58
4.72,4.68,0.2417538975,upper,52,59
4.8,4.68,0.2418434975,upper,52,60
4.88,4.68,0.2419375775,upper,52,61
4.96,4.68,0.2420361375,upper,52,62
5.04,4.68,0.2421391775,upper,52,63
5.12,4.68,0.2422466975,upper,52,64
5.2,4.68,0.2423586975,upper,52,65
5.28,4.68,0.2924751775,upper,52,66
5.36,4.68,0.2925961375,upper,52,67
5.44,4.68,0.2927215775,upper,52,68
5.5200000000000005,4.68,0.2928514975,upper,52,69
5.6000000000000005,4.68,0.2929858975,upper,52,70
5.68,4.68,0.2931247775,upper,52,71
5.76,4.68,0.2932681375,upper,52,72
5.84,4.68,0.2934159775,upper,52,73
5.92,4.68,0.2935682975,upper,52,74
6.0,4.68,0.29372509750000003,upper,52,75
6.08,4.68,0.2938863775,upper,52,76
6.16,4.68,0.2940521375,upper,52,77
6.24,4.68,0.2942223775,upper,52,78
6.32,4.68,0.2943970975,upper,52,79
0.0,4.77,0.24447906949999998,upper,53,0
0.08,4.77,0.2443043495,upper,53,1
0.16,4.77,0.24413410949999997,upper,53,2
0.24,4.77,0.2439683495,upper,53,3
0.32,4.77,0.2438070695,upper,53,4
0.4,4.77,0.2436502695,upper,53,5
0.48,4.77,0.24349794949999998,upper,53,6
0.56,4.77,0.2433501095,upper,53,7
0.64,4.77,0.24320674949999999,upper,53,8
0.72,4.77,0.24306786949999998,upper,53,9
0.8,4.77,0.2429334695,upper,53,10
0.88,4.77,0.2428035495,upper,53,11
0.96,4.77,0.2426781095,upper,53,12
1.04,4.77,0.24255714949999999,upper,53,13
1.12,4.77,0.24244066949999998,upper,53,14
1.2,4.77,0.24232866949999998,upper,53,15
1.28,4.77,0.24222114949999998,upper,53,16
1.36,4.77,0.24211810949999998,upper,53,17
1.44,4.77,0.2420195495,upper,53,18
1.52,4.77,0.2419254695,upper,53,19
1.6,4.77,0.2418358695,upper,53,20
1.68,4.77,0.2417507495,upper,53,21
1.76,4.77,0.24167010949999998,upper,53,22
1.84,4.77,0.2415939495,upper,53,23
1.92,4.77,0.2415222695,upper,53,24
2.0,4.77,0.24145506949999998,upper,53,25
2.08,4.77,0.2413923495,upper,53,26
2.16,4.77,0.24133410949999998,upper,53,27
2.24,4.77,0.2412803495,upper,53,28
2.32,4.77,0.24123106949999998,upper,53,29
2.4,4.77,0.2411862695,upper,53,30
2.48,4.77,0.24114594949999998,upper,53,31
2.56,4.77,0.24111010949999997,upper,53,32
2.64,4.77,0.2410787495,upper,53,33
2.72,4.77,0.2410518695,upper,53,34
2.8000000000000003,4.77,0.24102946949999998,upper,53,35
2.88,4.77,0.24101154949999998,upper,53,36
2.96,4.77,0.24099810949999997,upper,53,37
3.04,4.77,0.2409891495,upper,53,38
3.12,4.77,0.2409846695,upper,53,39
3.2,4.77,0.2409846695,upper,53,40
3.2800000000000002,4.77,0.2409891495,upper,53,41
3.36,4.77,0.24099810949999997,upper,53,42
3.44,4.77,0.24101154949999998,upper,53,43
3.52,4.77,0.24102946949999998,upper,53,44
3.6,4.77,0.2410518695,upper,53,45
3.68,4.77,0.2410787495,upper,53,46
3.7600000000000002,4.77,0.24111010949999997,upper,53,47
3.84,4.77,0.24114594949999998,upper,53,48
3.92,4.77,0.2411862695,upper,53,49
4.0,4.77,0.24123106949999998,upper,53,50
4.08,4.77,0.2412803495,upper,53,51
4.16,4.77,0.24133410949999998,upper,53,52
4.24,4.77,0.2413923495,upper,53,53
4.32,4.77,0.24145506949999998,upper,53,54
4.4,4.77,0.2415222695,upper,53,55
4.48,4.77,0.2415939495,upper,53,56
4.5600000000000005,4.77,0.24167010949999998,upper,53,57
4.64,4.77,0.2417507495,upper,53,58
4.72,4.77,0.2418358695,upper,53,59
4.8,4.77,0.2419254695,upper,53,60
4.88,4.77,0.2420195495,upper,53,61
4.96,4.77,0.24211810949999998,upper,53,62
5.04,4.77,0.24222114949999998,upper,53,63
5.12,4.77,0.24232866949999998,upper,53,64
5.2,4.77,0.24244066949999998,upper,53,65
5.28,4.77,0.2925571495,upper,53,66
5.36,4.77,0.2926781095,upper,53,67
5.44,4.77,0.2928035495,upper,53,68
5.5200000000000005,4.77,0.2929334695,upper,53,69
5.6000000000000005,4.77,0.29306786949999997,upper,53,70
5.68,4.77,0.2932067495,upper,53,71
5.76,4.77,0.2933501095,upper,53,72
5.84,4.77,0.29349794949999997,upper,53,73
5.92,4.77,0.2936502695,upper,53,74
6.0,4.77,0.2938070695,upper,53,75
6.08,4.77,0.2939683495,upper,53,76
6.16,4.77,0.29413410949999996,upper,53,77
6.24,4.77,0.2943043495,upper,53,78
6.32,4.77,0.29447906949999997,upper,53,79
0.0,4.859999999999999,0.24456460549999998,upper,54,0
0.08,4.859999999999999,0.2443898855,upper,54,1
0.16,4.859999999999999,0.24421964549999997,upper,54,2
0.24,4.859999999999999,0.24405388549999998,upper,54,3
0.32,4.859999999999999,0.2438926055,upper,54,4
0.4,4.859999999999999,0.24373580549999999,upper,54,5
0.48,4.859999999999999,0.24358348549999997,upper,54,6
0.56,4.859999999999999,0.2434356455,upper,54,7
0.64,4.859999999999999,0.24329228549999998,upper,54,8
0.72,4.859999999999999,0.24315340549999997,upper,54,9
0.8,4.859999999999999,0.2430190055,upper,54,10
0.88,4.859999999999999,0.2428890855,upper,54,11
0.96,4.859999999999999,0.24276364549999999,upper,54,12
1.04,4.859999999999999,0.24264268549999998,upper,54,13
1.12,4.859999999999999,0.24252620549999998,upper,54,14
1.2,4.859999999999999,0.24241420549999998,upper,54,15
1.28,4.859999999999999,0.24230668549999998,upper,54,16
1.36,4.859999999999999,0.24220364549999998,upper,54,17
1.44,4.859999999999999,0.24210508549999998,upper,54,18
1.52,4.859999999999999,0.2420110055,upper,54,19
1.6,4.859999999999999,0.2419214055,upper,54,20
1.68,4.859999999999999,0.2418362855,upper,54,21
1.76,4.859999999999999,0.24175564549999998,upper,54,22
1.84,4.859999999999999,0.24167948549999999,upper,54,23
1.92,4.859999999999999,0.2416078055,upper,54,24
2.0,4.859999999999999,0.24154060549999998,upper,54,25
2.08,4.859999999999999,0.2414778855,upper,54,26
2.16,4.859999999999999,0.24141964549999997,upper,54,27
2.24,4.859999999999999,0.2413658855,upper,54,28
2.32,4.859999999999999,0.24131660549999998,upper,54,29
2.4,4.859999999999999,0.2412718055,upper,54,30
2.48,4.859999999999999,0.24123148549999998,upper,54,31
2.56,4.859999999999999,0.24119564549999997,upper,54,32
2.64,4.859999999999999,0.2411642855,upper,54,33
2.72,4.859999999999999,0.24113740549999998,upper,54,34
2.8000000000000003,4.859999999999999,0.24111500549999998,upper,54,35
2.88,4.859999999999999,0.24109708549999997,upper,54,36
2.96,4.859999999999999,0.24108364549999997,upper,54,37
3.04,4.859999999999999,0.2410746855,upper,54,38
3.12,4.859999999999999,0.2410702055,upper,54,39
3.2,4.859999999999999,0.2410702055,upper,54,40
3.2800000000000002,4.859999999999999,0.2410746855,upper,54,41
3.36,4.859999999999999,0.24108364549999997,upper,54,42
3.44,4.859999999999999,0.24109708549999997,upper,54,43
3.52,4.859999999999999,0.24111500549999998,upper,54,44
3.6,4.859999999999999,0.24113740549999998,upper,54,45
3.68,4.859999999999999,0.2411642855,upper,54,46
3.7600000000000002,4.859999999999999,0.24119564549999997,upper,54,47
3.84,4.859999999999999,0.24123148549999998,upper,54,48
3.92,4.859999999999999,0.2412718055,upper,54,49
4.0,4.859999999999999,0.24131660549999998,upper,54,50
4.08,4.859999999999999,0.2413658855,upper,54,51
4.16,4.859999999999999,0.24141964549999997,upper,54,52
4.24,4.859999999999999,0.2414778855,upper,54,53
4.32,4.859999999999999,0.24154060549999998,upper,54,54
4.4,4.859999999999999,0.2416078055,upper,54,55
4.48,4.859999999999999,0.24167948549999999,upper,54,56
4.5600000000000005,4.859999999999999,0.24175564549999998,upper,54,57
4.64,4.859999999999999,0.2418362855,upper,54,58
4.72,4.859999999999999,0.2419214055,upper,54,59
4.8,4.859999999999999,0.2420110055,upper,54,60
4.88,4.859999999999999,0.24210508549999998,upper,54,61
4.96,4.859999999999999,0.24220364549999998,upper,54,62
5.04,4.859999999999999,0.24230668549999998,upper,54,63
5.12,4.859999999999999,0.24241420549999998,upper,54,64
5.2,4.859999999999999,0.24252620549999998,upper,54,65
5.28,4.859999999999999,0.2926426855,upper,54,66
5.36,4.859999999999999,0.2927636455,upper,54,67
5.44,4.859999999999999,0.2928890855,upper,54,68
5.5200000000000005,4.859999999999999,0.2930190055,upper,54,69
5.6000000000000005,4.859999999999999,0.29315340549999996,upper,54,70
5.68,4.859999999999999,0.29329228549999997,upper,54,71
5.76,4.859999999999999,0.2934356455,upper,54,72
5.84,4.859999999999999,0.29358348549999996,upper,54,73
5.92,4.859999999999999,0.2937358055,upper,54,74
6.0,4.859999999999999,0.2938926055,upper,54,75
6.08,4.859999999999999,0.2940538855,upper,54,76
6.16,4.859999999999999,0.29421964549999996,upper,54,77
6.24,4.859999999999999,0.2943898855,upper,54,78
6.32,4.859999999999999,0.29456460549999997,upper,54,79
0.0,4.95,0.24465370549999998,upper,55,0
0.08,4.95,0.2444789855,upper,55,1
0.16,4.95,0.24430874549999998,upper,55,2
0.24,4.95,0.2441429855,upper,55,3
0.32,4.95,0.2439817055,upper,55,4
0.4,4.95,0.2438249055,upper,55,5
0.48,4.95,0.24367258549999998,upper,55,6
0.56,4.95,0.2435247455,upper,55,7
0.64,4.95,0.2433813855,upper,55,8
0.72,4.95,0.24324250549999998,upper,55,9
0.8,4.95,0.2431081055,upper,55,10
0.88,4.95,0.2429781855,upper,55,11
0.96,4.95,0.2428527455,upper,55,12
1.04,4.95,0.2427317855,upper,55,13
1.12,4.95,0.2426153055,upper,55,14
1.2,4.95,0.2425033055,upper,55,15
1.28,4.95,0.2423957855,upper,55,16
1.36,4.95,0.2422927455,upper,55,17
1.44,4.95,0.2421941855,upper,55,18
1.52,4.95,0.2421001055,upper,55,19
1.6,4.95,0.2420105055,upper,55,20
1.68,4.95,0.2419253855,upper,55,21
1.76,4.95,0.24184474549999999,upper,55,22
1.84,4.95,0.2417685855,upper,55,23
1.92,4.95,0.2416969055,upper,55,24
2.0,4.95,0.24162970549999999,upper,55,25
2.08,4.95,0.2415669855,upper,55,26
2.16,4.95,0.24150874549999998,upper,55,27
2.24,4.95,0.2414549855,upper,55,28
2.32,4.95,0.24140570549999998,upper,55,29
2.4,4.95,0.2413609055,upper,55,30
2.48,4.95,0.2413205855,upper,55,31
2.56,4.95,0.24128474549999998,upper,55,32
2.64,4.95,0.2412533855,upper,55,33
2.72,4.95,0.2412265055,upper,55,34
2.8000000000000003,4.95,0.2412041055,upper,55,35
2.88,4.95,0.24118618549999998,upper,55,36
2.96,4.95,0.24117274549999998,upper,55,37
3.04,4.95,0.2411637855,upper,55,38
3.12,4.95,0.2411593055,upper,55,39
3.2,4.95,0.2411593055,upper,55,40
3.2800000000000002,4.95,0.2411637855,upper,55,41
3.36,4.95,0.24117274549999998,upper,55,42
3.44,4.95,0.24118618549999998,upper,55,43
3.52,4.95,0.2412041055,upper,55,44
3.6,4.95,0.2412265055,upper,55,45
3.68,4.95,0.2412533855,upper,55,46
3.7600000000000002,4.95,0.24128474549999998,upper,55,47
3.84,4.95,0.2413205855,upper,55,48
3.92,4.95,0.2413609055,upper,55,49
4.0,4.95,0.24140570549999998,upper,55,50
4.08,4.95,0.2414549855,upper,55,51
4.16,4.95,0.24150874549999998,upper,55,52
4.24,4.95,0.2415669855,upper,55,53
4.32,4.95,0.24162970549999999,upper,55,54
4.4,4.95,0.2416969055,upper,55,55
4.48,4.95,0.2417685855,upper,55,56
4.5600000000000005,4.95,0.24184474549999999,upper,55,57
4.64,4.95,0.2419253855,upper,55,58
4.72,4.95,0.2420105055,upper,55,59
4.8,4.95,0.2421001055,upper,55,60
4.88,4.95,0.2421941855,upper,55,61
4.96,4.95,0.2422927455,upper,55,62
5.04,4.95,0.2423957855,upper,55,63
5.12,4.95,0.2425033055,upper,55,64
5.2,4.95,0.2426153055,upper,55,65
5.28,4.95,0.2927317855,upper,55,66
5.36,4.95,0.2928527455,upper,55,67
5.44,4.95,0.2929781855,upper,55,68
5.5200000000000005,4.95,0.2931081055,upper,55,69
5.6000000000000005,4.95,0.2932425055,upper,55,70
5.68,4.95,0.2933813855,upper,55,71
5.76,4.95,0.2935247455,upper,55,72
5.84,4.95,0.29367258549999997,upper,55,73
5.92,4.95,0.2938249055,upper,55,74
6.0,4.95,0.2939817055,upper,55,75
6.08,4.95,0.2941429855,upper,55,76
6.16,4.95,0.29430874549999997,upper,55,77
6.24,4.95,0.2944789855,upper,55,78
6.32,4.95,0.2946537055,upper,55,79
0.0,5.04,0.24474636949999998,upper,56,0
0.08,5.04,0.2445716495,upper,56,1
0.16,5.04,0.24440140949999997,upper,56,2
0.24,5.04,0.24423564949999998,upper,56,3
0.32,5.04,0.2440743695,upper,56,4
0.4,5.04,0.2439175695,upper,56,5
0.48,5.04,0.24376524949999998,upper,56,6
0.56,5.04,0.2436174095,upper,56,7
0.64,5.04,0.24347404949999998,upper,56,8
0.72,5.04,0.24333516949999998,upper,56,9
0.8,5.04,0.2432007695,upper,56,10
0.88,5.04,0.2430708495,upper,56,11
0.96,5.04,0.2429454095,upper,56,12
1.04,5.04,0.24282444949999998,upper,56,13
1.12,5.04,0.24270796949999998,upper,56,14
1.2,5.04,0.24259596949999998,upper,56,15
1.28,5.04,0.24248844949999998,upper,56,16
1.36,5.04,0.24238540949999998,upper,56,17
1.44,5.04,0.24228684949999998,upper,56,18
1.52,5.04,0.2421927695,upper,56,19
1.6,5.04,0.2421031695,upper,56,20
1.68,5.04,0.2420180495,upper,56,21
1.76,5.04,0.24193740949999998,upper,56,22
1.84,5.04,0.2418612495,upper,56,23
1.92,5.04,0.2417895695,upper,56,24
2.0,5.04,0.24172236949999998,upper,56,25
2.08,5.04,0.2416596495,upper,56,26
2.16,5.04,0.24160140949999998,upper,56,27
2.24,5.04,0.2415476495,upper,56,28
2.32,5.04,0.24149836949999998,upper,56,29
2.4,5.04,0.2414535695,upper,56,30
2.48,5.04,0.24141324949999998,upper,56,31
2.56,5.04,0.24137740949999997,upper,56,32
2.64,5.04,0.2413460495,upper,56,33
2.72,5.04,0.24131916949999999,upper,56,34
2.8000000000000003,5.04,0.24129676949999998,upper,56,35
2.88,5.04,0.24127884949999998,upper,56,36
2.96,5.04,0.24126540949999997,upper,56,37
3.04,5.04,0.2412564495,upper,56,38
3.12,5.04,0.2412519695,upper,56,39
3.2,5.04,0.2412519695,upper,56,40
3.2800000000000002,5.04,0.2412564495,upper,56,41
3.36,5.04,0.24126540949999997,upper,56,42
3.44,5.04,0.24127884949999998,upper,56,43
3.52,5.04,0.24129676949999998,upper,56,44
3.6,5.04,0.24131916949999999,upper,56,45
3.68,5.04,0.2413460495,upper,56,46
3.7600000000000002,5.04,0.24137740949999997,upper,56,47
3.84,5.04,0.24141324949999998,upper,56,48
3.92,5.04,0.2414535695,upper,56,49
4.0,5.04,0.24149836949999998,upper,56,50
4.08,5.04,0.2415476495,upper,56,51
4.16,5.04,0.24160140949999998,upper,56,52
4.24,5.04,0.2416596495,upper,56,53
4.32,5.04,0.24172236949999998,upper,56,54
4.4,5.04,0.2417895695,upper,56,55
4.48,5.04,0.2418612495,upper,56,56
4.5600000000000005,5.04,0.24193740949999998,upper,56,57
4.64,5.04,0.2420180495,upper,56,58
4.72,5.04,0.2421031695,upper,56,59
4.8,5.04,0.2421927695,upper,56,60
4.88,5.04,0.24228684949999998,upper,56,61
4.96,5.04,0.24238540949999998,upper,56,62
5.04,5.04,0.24248844949999998,upper,56,63
5.12,5.04,0.24259596949999998,upper,56,64
5.2,5.04,0.24270796949999998,upper,56,65
5.28,5.04,0.2928244495,upper,56,66
5.36,5.04,0.2929454095,upper,56,67
5.44,5.04,0.2930708495,upper,56,68
5.5200000000000005,5.04,0.2932007695,upper,56,69
5.6000000000000005,5.04,0.2933351695,upper,56,70
5.68,5.04,0.2934740495,upper,56,71
5.76,5.04,0.2936174095,upper,56,72
5.84,5.04,0.2937652495,upper,56,73
5.92,5.04,0.2939175695,upper,56,74
6.0,5.04,0.2940743695,upper,56,75
6.08,5.04,0.2942356495,upper,56,76
6.16,5.04,0.2944014095,upper,56,77
6.24,5.04,0.2945716495,upper,56,78
6.32,5.04,0.2947463695,upper,56,79
0.0,5.13,0.24484259749999998,upper,57,0
0.08,5.13,0.2446678775,upper,57,1
0.16,5.13,0.24449763749999998,upper,57,2
0.24,5.13,0.2443318775,upper,57,3
0.32,5.13,0.2441705975,upper,57,4
0.4,5.13,0.2440137975,upper,57,5
0.48,5.13,0.24386147749999998,upper,57,6
0.56,5.13,0.2437136375,upper,57,7
0.64,5.13,0.2435702775,upper,57,8
0.72,5.13,0.24343139749999998,upper,57,9
0.8,5.13,0.2432969975,upper,57,10
0.88,5.13,0.2431670775,upper,57,11
0.96,5.13,0.2430416375,upper,57,12
1.04,5.13,0.2429206775,upper,57,13
1.12,5.13,0.24280419749999999,upper,57,14
1.2,5.13,0.24269219749999998,upper,57,15
1.28,5.13,0.24258467749999998,upper,57,16
1.36,5.13,0.24248163749999999,upper,57,17
1.44,5.13,0.2423830775,upper,57,18
1.52,5.13,0.2422889975,upper,57,19
1.6,5.13,0.2421993975,upper,57,20
1.68,5.13,0.2421142775,upper,57,21
1.76,5.13,0.24203363749999998,upper,57,22
1.84,5.13,0.2419574775,upper,57,23
1.92,5.13,0.2418857975,upper,57,24
2.0,5.13,0.24181859749999998,upper,57,25
2.08,5.13,0.2417558775,upper,57,26
2.16,5.13,0.24169763749999998,upper,57,27
2.24,5.13,0.2416438775,upper,57,28
2.32,5.13,0.24159459749999998,upper,57,29
2.4,5.13,0.2415497975,upper,57,30
2.48,5.13,0.24150947749999999,upper,57,31
2.56,5.13,0.24147363749999998,upper,57,32
2.64,5.13,0.2414422775,upper,57,33
2.72,5.13,0.2414153975,upper,57,34
2.8000000000000003,5.13,0.24139299749999998,upper,57,35
2.88,5.13,0.24137507749999998,upper,57,36
2.96,5.13,0.24136163749999998,upper,57,37
3.04,5.13,0.2413526775,upper,57,38
3.12,5.13,0.2413481975,upper,57,39
3.2,5.13,0.2413481975,upper,57,40
3.2800000000000002,5.13,0.2413526775,upper,57,41
3.36,5.13,0.24136163749999998,upper,57,42
3.44,5.13,0.24137507749999998,upper,57,43
3.52,5.13,0.24139299749999998,upper,57,44
3.6,5.13,0.2414153975,upper,57,45
3.68,5.13,0.2414422775,upper,57,46
3.7600000000000002,5.13,0.24147363749999998,upper,57,47
3.84,5.13,0.24150947749999999,upper,57,48
3.92,5.13,0.2415497975,upper,57,49
4.0,5.13,0.24159459749999998,upper,57,50
4.08,5.13,0.2416438775,upper,57,51
4.16,5.13,0.24169763749999998,upper,57,52
4.24,5.13,0.2417558775,upper,57,53
4.32,5.13,0.24181859749999998,upper,57,54
4.4,5.13,0.2418857975,upper,57,55
4.48,5.13,0.2419574775,upper,57,56
4.5600000000000005,5.13,0.24203363749999998,upper,57,57
4.64,5.13,0.2421142775,upper,57,58
4.72,5.13,0.2421993975,upper,57,59
4.8,5.13,0.2422889975,upper,57,60
4.88,5.13,0.2423830775,upper,57,61
4.96,5.13,0.24248163749999999,upper,57,62
5.04,5.13,0.24258467749999998,upper,57,63
5.12,5.13,0.24269219749999998,upper,57,64
5.2,5.13,0.24280419749999999,upper,57,65
5.28,5.13,0.2929206775,upper,57,66
5.36,5.13,0.2930416375,upper,57,67
5.44,5.13,0.2931670775,upper,57,68
5.5200000000000005,5.13,0.2932969975,upper,57,69
5.6000000000000005,5.13,0.29343139749999997,upper,57,70
5.68,5.13,0.2935702775,upper,57,71
5.76,5.13,0.2937136375,upper,57,72
5.84,5.13,0.29386147749999997,upper,57,73
5.92,5.13,0.2940137975,upper,57,74
6.0,5.13,0.2941705975,upper,57,75
6.08,5.13,0.2943318775,upper,57,76
6.16,5.13,0.29449763749999996,upper,57,77
6.24,5.13,0.2946678775,upper,57,78
6.32,5.13,0.29484259749999997,upper,57,79
0.0,5.22,0.2449423895,upper,58,0
0.08,5.22,0.2447676695,upper,58,1
0.16,5.22,0.2445974295,upper,58,2
0.24,5.22,0.2444316695,upper,58,3
0.32,5.22,0.24427038950000002,upper,58,4
0.4,5.22,0.2441135895,upper,58,5
0.48,5.22,0.2439612695,upper,58,6
0.56,5.22,0.2438134295,upper,58,7
0.64,5.22,0.2436700695,upper,58,8
0.72,5.22,0.2435311895,upper,58,9
0.8,5.22,0.24339678950000002,upper,58,10
0.88,5.22,0.2432668695,upper,58,11
0.96,5.22,0.2431414295,upper,58,12
1.04,5.22,0.2430204695,upper,58,13
1.12,5.22,0.2429039895,upper,58,14
1.2,5.22,0.2427919895,upper,58,15
1.28,5.22,0.2426844695,upper,58,16
1.36,5.22,0.2425814295,upper,58,17
1.44,5.22,0.2424828695,upper,58,18
1.52,5.22,0.2423887895,upper,58,19
1.6,5.22,0.2422991895,upper,58,20
1.68,5.22,0.24221406950000002,upper,58,21
1.76,5.22,0.2421334295,upper,58,22
1.84,5.22,0.2420572695,upper,58,23
1.92,5.22,0.24198558950000001,upper,58,24
2.0,5.22,0.2419183895,upper,58,25
2.08,5.22,0.2418556695,upper,58,26
2.16,5.22,0.2417974295,upper,58,27
2.24,5.22,0.2417436695,upper,58,28
2.32,5.22,0.2416943895,upper,58,29
2.4,5.22,0.2416495895,upper,58,30
2.48,5.22,0.2416092695,upper,58,31
2.56,5.22,0.2415734295,upper,58,32
2.64,5.22,0.2415420695,upper,58,33
2.72,5.22,0.2415151895,upper,58,34
2.8000000000000003,5.22,0.2414927895,upper,58,35
2.88,5.22,0.2414748695,upper,58,36
2.96,5.22,0.2414614295,upper,58,37
3.04,5.22,0.24145246950000002,upper,58,38
3.12,5.22,0.24144798950000002,upper,58,39
3.2,5.22,0.24144798950000002,upper,58,40
3.2800000000000002,5.22,0.24145246950000002,upper,58,41
3.36,5.22,0.2414614295,upper,58,42
3.44,5.22,0.2414748695,upper,58,43
3.52,5.22,0.2414927895,upper,58,44
3.6,5.22,0.2415151895,upper,58,45
3.68,5.22,0.2415420695,upper,58,46
3.7600000000000002,5.22,0.2415734295,upper,58,47
3.84,5.22,0.2416092695,upper,58,48
3.92,5.22,0.2416495895,upper,58,49
4.0,5.22,0.2416943895,upper,58,50
4.08,5.22,0.2417436695,upper,58,51
4.16,5.22,0.2417974295,upper,58,52
4.24,5.22,0.2418556695,upper,58,53
4.32,5.22,0.2419183895,upper,58,54
4.4,5.22,0.24198558950000001,upper,58,55
4.48,5.22,0.2420572695,upper,58,56
4.5600000000000005,5.22,0.2421334295,upper,58,57
4.64,5.22,0.24221406950000002,upper,58,58
4.72,5.22,0.2422991895,upper,58,59
4.8,5.22,0.2423887895,upper,58,60
4.88,5.22,0.2424828695,upper,58,61
4.96,5.22,0.2425814295,upper,58,62
5.04,5.22,0.2426844695,upper,58,63
5.12,5.22,0.2427919895,upper,58,64
5.2,5.22,0.2429039895,upper,58,65
5.28,5.22,0.2930204695,upper,58,66
5.36,5.22,0.2931414295,upper,58,67
5.44,5.22,0.2932668695,upper,58,68
5.5200000000000005,5.22,0.29339678950000003,upper,58,69
5.6000000000000005,5.22,0.2935311895,upper,58,70
5.68,5.22,0.2936700695,upper,58,71
5.76,5.22,0.2938134295,upper,58,72
5.84,5.22,0.2939612695,upper,58,73
5.92,5.22,0.2941135895,upper,58,74
6.0,5.22,0.2942703895,upper,58,75
6.08,5.22,0.2944316695,upper,58,76
6.16,5.22,0.2945974295,upper,58,77
6.24,5.22,0.2947676695,upper,58,78
6.32,5.22,0.2949423895,upper,58,79
0.0,5.31,0.2450457455,upper,59,0
0.08,5.31,0.2448710255,upper,59,1
0.16,5.31,0.2447007855,upper,59,2
0.24,5.31,0.2445350255,upper,59,3
0.32,5.31,0.24437374550000002,upper,59,4
0.4,5.31,0.2442169455,upper,59,5
0.48,5.31,0.2440646255,upper,59,6
0.56,5.31,0.2439167855,upper,59,7
0.64,5.31,0.2437734255,upper,59,8
0.72,5.31,0.2436345455,upper,59,9
0.8,5.31,0.24350014550000001,upper,59,10
0.88,5.31,0.2433702255,upper,59,11
0.96,5.31,0.2432447855,upper,59,12
1.04,5.31,0.2431238255,upper,59,13
1.12,5.31,0.2430073455,upper,59,14
1.2,5.31,0.2428953455,upper,59,15
1.28,5.31,0.2427878255,upper,59,16
1.36,5.31,0.2426847855,upper,59,17
1.44,5.31,0.2425862255,upper,59,18
1.52,5.31,0.2424921455,upper,59,19
1.6,5.31,0.2424025455,upper,59,20
1.68,5.31,0.24231742550000002,upper,59,21
1.76,5.31,0.2422367855,upper,59,22
1.84,5.31,0.2421606255,upper,59,23
1.92,5.31,0.2420889455,upper,59,24
2.0,5.31,0.2420217455,upper,59,25
2.08,5.31,0.2419590255,upper,59,26
2.16,5.31,0.2419007855,upper,59,27
2.24,5.31,0.2418470255,upper,59,28
2.32,5.31,0.2417977455,upper,59,29
2.4,5.31,0.2417529455,upper,59,30
2.48,5.31,0.2417126255,upper,59,31
2.56,5.31,0.2416767855,upper,59,32
2.64,5.31,0.2416454255,upper,59,33
2.72,5.31,0.2416185455,upper,59,34
2.8000000000000003,5.31,0.2415961455,upper,59,35
2.88,5.31,0.2415782255,upper,59,36
2.96,5.31,0.2415647855,upper,59,37
3.04,5.31,0.24155582550000002,upper,59,38
3.12,5.31,0.24155134550000001,upper,59,39
3.2,5.31,0.24155134550000001,upper,59,40
3.2800000000000002,5.31,0.24155582550000002,upper,59,41
3.36,5.31,0.2415647855,upper,59,42
3.44,5.31,0.2415782255,upper,59,43
3.52,5.31,0.2415961455,upper,59,44
3.6,5.31,0.2416185455,upper,59,45
3.68,5.31,0.2416454255,upper,59,46
3.7600000000000002,5.31,0.2416767855,upper,59,47
3.84,5.31,0.2417126255,upper,59,48
3.92,5.31,0.2417529455,upper,59,49
4.0,5.31,0.2417977455,upper,59,50
4.08,5.31,0.2418470255,upper,59,51
4.16,5.31,0.2419007855,upper,59,52
4.24,5.31,0.2419590255,upper,59,53
4.32,5.31,0.2420217455,upper,59,54
4.4,5.31,0.2420889455,upper,59,55
4.48,5.31,0.2421606255,upper,59,56
4.5600000000000005,5.31,0.2422367855,upper,59,57
4.64,5.31,0.24231742550000002,upper,59,58
4.72,5.31,0.2424025455,upper,59,59
4.8,5.31,0.2424921455,upper,59,60
4.88,5.31,0.2425862255,upper,59,61
4.96,5.31,0.2426847855,upper,59,62
5.04,5.31,0.2427878255,upper,59,63
5.12,5.31,0.2428953455,upper,59,64
5.2,5.31,0.2430073455,upper,59,65
5.28,5.31,0.2931238255,upper,59,66
5.36,5.31,0.2932447855,upper,59,67
5.44,5.31,0.2933702255,upper,59,68
5.5200000000000005,5.31,0.29350014550000003,upper,59,69
5.6000000000000005,5.31,0.2936345455,upper,59,70
5.68,5.31,0.2937734255,upper,59,71
5.76,5.31,0.2939167855,upper,59,72
5.84,5.31,0.2940646255,upper,59,73
5.92,5.31,0.2942169455,upper,59,74
6.0,5.31,0.2943737455,upper,59,75
6.08,5.31,0.2945350255,upper,59,76
6.16,5.31,0.2947007855,upper,59,77
6.24,5.31,0.2948710255,upper,59,78
6.32,5.31,0.2950457455,upper,59,79
